[0.189s] DEBUG:colcon:Command line arguments: ['/usr/bin/colcon', 'build', '--symlink-install']
[0.189s] DEBUG:colcon:Parsed command line arguments: Namespace(log_base=None, log_level=None, verb_name='build', build_base='build', install_base='install', merge_install=False, symlink_install=True, test_result_base=None, continue_on_error=False, executor='parallel', parallel_workers=22, event_handlers=None, ignore_user_meta=False, metas=['./colcon.meta'], base_paths=['.'], packages_ignore=None, packages_ignore_regex=None, paths=None, packages_up_to=None, packages_up_to_regex=None, packages_above=None, packages_above_and_dependencies=None, packages_above_depth=None, packages_select_by_dep=None, packages_skip_by_dep=None, packages_skip_up_to=None, packages_select_build_failed=False, packages_skip_build_finished=False, packages_select_test_failures=False, packages_skip_test_passed=False, packages_select=None, packages_skip=None, packages_select_regex=None, packages_skip_regex=None, packages_start=None, packages_end=None, allow_overriding=[], cmake_args=None, cmake_target=None, cmake_target_skip_unavailable=False, cmake_clean_cache=False, cmake_clean_first=False, cmake_force_configure=False, ament_cmake_args=None, catkin_cmake_args=None, catkin_skip_building_tests=False, verb_parser=<colcon_defaults.argument_parser.defaults.DefaultArgumentsDecorator object at 0x7fa16850c1d0>, verb_extension=<colcon_core.verb.build.BuildVerb object at 0x7fa1684ebdd0>, main=<bound method BuildVerb.main of <colcon_core.verb.build.BuildVerb object at 0x7fa1684ebdd0>>)
[0.232s] Level 1:colcon.colcon_core.package_discovery:discover_packages(colcon_meta) check parameters
[0.233s] Level 1:colcon.colcon_core.package_discovery:discover_packages(recursive) check parameters
[0.233s] Level 1:colcon.colcon_core.package_discovery:discover_packages(ignore) check parameters
[0.233s] Level 1:colcon.colcon_core.package_discovery:discover_packages(path) check parameters
[0.233s] Level 1:colcon.colcon_core.package_discovery:discover_packages(colcon_meta) discover
[0.233s] Level 1:colcon.colcon_core.package_discovery:discover_packages(recursive) discover
[0.233s] INFO:colcon.colcon_core.package_discovery:Crawling recursively for packages in '/home/mmaaz/ros2_ws'
[0.233s] Level 1:colcon.colcon_core.package_identification:_identify(.) by extensions ['ignore', 'ignore_ament_install']
[0.233s] Level 1:colcon.colcon_core.package_identification:_identify(.) by extension 'ignore'
[0.233s] Level 1:colcon.colcon_core.package_identification:_identify(.) by extension 'ignore_ament_install'
[0.233s] Level 1:colcon.colcon_core.package_identification:_identify(.) by extensions ['colcon_pkg']
[0.233s] Level 1:colcon.colcon_core.package_identification:_identify(.) by extension 'colcon_pkg'
[0.233s] Level 1:colcon.colcon_core.package_identification:_identify(.) by extensions ['colcon_meta']
[0.233s] Level 1:colcon.colcon_core.package_identification:_identify(.) by extension 'colcon_meta'
[0.233s] Level 1:colcon.colcon_core.package_identification:_identify(.) by extensions ['ros']
[0.233s] Level 1:colcon.colcon_core.package_identification:_identify(.) by extension 'ros'
[0.255s] Level 1:colcon.colcon_core.package_identification:_identify(.) by extensions ['cmake', 'python']
[0.255s] Level 1:colcon.colcon_core.package_identification:_identify(.) by extension 'cmake'
[0.255s] Level 1:colcon.colcon_core.package_identification:_identify(.) by extension 'python'
[0.255s] Level 1:colcon.colcon_core.package_identification:_identify(.) by extensions ['python_setup_py']
[0.255s] Level 1:colcon.colcon_core.package_identification:_identify(.) by extension 'python_setup_py'
[0.255s] Level 1:colcon.colcon_core.package_identification:_identify(build) by extensions ['ignore', 'ignore_ament_install']
[0.255s] Level 1:colcon.colcon_core.package_identification:_identify(build) by extension 'ignore'
[0.256s] Level 1:colcon.colcon_core.package_identification:_identify(build) ignored
[0.256s] Level 1:colcon.colcon_core.package_identification:_identify(install) by extensions ['ignore', 'ignore_ament_install']
[0.256s] Level 1:colcon.colcon_core.package_identification:_identify(install) by extension 'ignore'
[0.256s] Level 1:colcon.colcon_core.package_identification:_identify(install) ignored
[0.256s] Level 1:colcon.colcon_core.package_identification:_identify(log) by extensions ['ignore', 'ignore_ament_install']
[0.256s] Level 1:colcon.colcon_core.package_identification:_identify(log) by extension 'ignore'
[0.256s] Level 1:colcon.colcon_core.package_identification:_identify(log) ignored
[0.256s] Level 1:colcon.colcon_core.package_identification:_identify(src) by extensions ['ignore', 'ignore_ament_install']
[0.256s] Level 1:colcon.colcon_core.package_identification:_identify(src) by extension 'ignore'
[0.256s] Level 1:colcon.colcon_core.package_identification:_identify(src) by extension 'ignore_ament_install'
[0.256s] Level 1:colcon.colcon_core.package_identification:_identify(src) by extensions ['colcon_pkg']
[0.256s] Level 1:colcon.colcon_core.package_identification:_identify(src) by extension 'colcon_pkg'
[0.256s] Level 1:colcon.colcon_core.package_identification:_identify(src) by extensions ['colcon_meta']
[0.256s] Level 1:colcon.colcon_core.package_identification:_identify(src) by extension 'colcon_meta'
[0.256s] Level 1:colcon.colcon_core.package_identification:_identify(src) by extensions ['ros']
[0.256s] Level 1:colcon.colcon_core.package_identification:_identify(src) by extension 'ros'
[0.256s] Level 1:colcon.colcon_core.package_identification:_identify(src) by extensions ['cmake', 'python']
[0.256s] Level 1:colcon.colcon_core.package_identification:_identify(src) by extension 'cmake'
[0.256s] Level 1:colcon.colcon_core.package_identification:_identify(src) by extension 'python'
[0.256s] Level 1:colcon.colcon_core.package_identification:_identify(src) by extensions ['python_setup_py']
[0.256s] Level 1:colcon.colcon_core.package_identification:_identify(src) by extension 'python_setup_py'
[0.257s] Level 1:colcon.colcon_core.package_identification:_identify(src/moveit_task_constructor) by extensions ['ignore', 'ignore_ament_install']
[0.257s] Level 1:colcon.colcon_core.package_identification:_identify(src/moveit_task_constructor) by extension 'ignore'
[0.257s] Level 1:colcon.colcon_core.package_identification:_identify(src/moveit_task_constructor) by extension 'ignore_ament_install'
[0.257s] Level 1:colcon.colcon_core.package_identification:_identify(src/moveit_task_constructor) by extensions ['colcon_pkg']
[0.257s] Level 1:colcon.colcon_core.package_identification:_identify(src/moveit_task_constructor) by extension 'colcon_pkg'
[0.257s] Level 1:colcon.colcon_core.package_identification:_identify(src/moveit_task_constructor) by extensions ['colcon_meta']
[0.257s] Level 1:colcon.colcon_core.package_identification:_identify(src/moveit_task_constructor) by extension 'colcon_meta'
[0.257s] Level 1:colcon.colcon_core.package_identification:_identify(src/moveit_task_constructor) by extensions ['ros']
[0.257s] Level 1:colcon.colcon_core.package_identification:_identify(src/moveit_task_constructor) by extension 'ros'
[0.257s] Level 1:colcon.colcon_core.package_identification:_identify(src/moveit_task_constructor) by extensions ['cmake', 'python']
[0.257s] Level 1:colcon.colcon_core.package_identification:_identify(src/moveit_task_constructor) by extension 'cmake'
[0.257s] Level 1:colcon.colcon_core.package_identification:_identify(src/moveit_task_constructor) by extension 'python'
[0.257s] Level 1:colcon.colcon_core.package_identification:_identify(src/moveit_task_constructor) by extensions ['python_setup_py']
[0.257s] Level 1:colcon.colcon_core.package_identification:_identify(src/moveit_task_constructor) by extension 'python_setup_py'
[0.257s] Level 1:colcon.colcon_core.package_identification:_identify(src/moveit_task_constructor/capabilities) by extensions ['ignore', 'ignore_ament_install']
[0.257s] Level 1:colcon.colcon_core.package_identification:_identify(src/moveit_task_constructor/capabilities) by extension 'ignore'
[0.257s] Level 1:colcon.colcon_core.package_identification:_identify(src/moveit_task_constructor/capabilities) by extension 'ignore_ament_install'
[0.257s] Level 1:colcon.colcon_core.package_identification:_identify(src/moveit_task_constructor/capabilities) by extensions ['colcon_pkg']
[0.257s] Level 1:colcon.colcon_core.package_identification:_identify(src/moveit_task_constructor/capabilities) by extension 'colcon_pkg'
[0.257s] Level 1:colcon.colcon_core.package_identification:_identify(src/moveit_task_constructor/capabilities) by extensions ['colcon_meta']
[0.257s] Level 1:colcon.colcon_core.package_identification:_identify(src/moveit_task_constructor/capabilities) by extension 'colcon_meta'
[0.257s] Level 1:colcon.colcon_core.package_identification:_identify(src/moveit_task_constructor/capabilities) by extensions ['ros']
[0.257s] Level 1:colcon.colcon_core.package_identification:_identify(src/moveit_task_constructor/capabilities) by extension 'ros'
[0.260s] DEBUG:colcon.colcon_core.package_identification:Package 'src/moveit_task_constructor/capabilities' with type 'ros.ament_cmake' and name 'moveit_task_constructor_capabilities'
[0.260s] Level 1:colcon.colcon_core.package_identification:_identify(src/moveit_task_constructor/core) by extensions ['ignore', 'ignore_ament_install']
[0.260s] Level 1:colcon.colcon_core.package_identification:_identify(src/moveit_task_constructor/core) by extension 'ignore'
[0.260s] Level 1:colcon.colcon_core.package_identification:_identify(src/moveit_task_constructor/core) by extension 'ignore_ament_install'
[0.260s] Level 1:colcon.colcon_core.package_identification:_identify(src/moveit_task_constructor/core) by extensions ['colcon_pkg']
[0.260s] Level 1:colcon.colcon_core.package_identification:_identify(src/moveit_task_constructor/core) by extension 'colcon_pkg'
[0.260s] Level 1:colcon.colcon_core.package_identification:_identify(src/moveit_task_constructor/core) by extensions ['colcon_meta']
[0.260s] Level 1:colcon.colcon_core.package_identification:_identify(src/moveit_task_constructor/core) by extension 'colcon_meta'
[0.260s] Level 1:colcon.colcon_core.package_identification:_identify(src/moveit_task_constructor/core) by extensions ['ros']
[0.260s] Level 1:colcon.colcon_core.package_identification:_identify(src/moveit_task_constructor/core) by extension 'ros'
[0.261s] DEBUG:colcon.colcon_core.package_identification:Package 'src/moveit_task_constructor/core' with type 'ros.ament_cmake' and name 'moveit_task_constructor_core'
[0.261s] Level 1:colcon.colcon_core.package_identification:_identify(src/moveit_task_constructor/demo) by extensions ['ignore', 'ignore_ament_install']
[0.261s] Level 1:colcon.colcon_core.package_identification:_identify(src/moveit_task_constructor/demo) by extension 'ignore'
[0.261s] Level 1:colcon.colcon_core.package_identification:_identify(src/moveit_task_constructor/demo) by extension 'ignore_ament_install'
[0.261s] Level 1:colcon.colcon_core.package_identification:_identify(src/moveit_task_constructor/demo) by extensions ['colcon_pkg']
[0.261s] Level 1:colcon.colcon_core.package_identification:_identify(src/moveit_task_constructor/demo) by extension 'colcon_pkg'
[0.261s] Level 1:colcon.colcon_core.package_identification:_identify(src/moveit_task_constructor/demo) by extensions ['colcon_meta']
[0.261s] Level 1:colcon.colcon_core.package_identification:_identify(src/moveit_task_constructor/demo) by extension 'colcon_meta'
[0.261s] Level 1:colcon.colcon_core.package_identification:_identify(src/moveit_task_constructor/demo) by extensions ['ros']
[0.261s] Level 1:colcon.colcon_core.package_identification:_identify(src/moveit_task_constructor/demo) by extension 'ros'
[0.262s] DEBUG:colcon.colcon_core.package_identification:Package 'src/moveit_task_constructor/demo' with type 'ros.ament_cmake' and name 'moveit_task_constructor_demo'
[0.262s] Level 1:colcon.colcon_core.package_identification:_identify(src/moveit_task_constructor/msgs) by extensions ['ignore', 'ignore_ament_install']
[0.262s] Level 1:colcon.colcon_core.package_identification:_identify(src/moveit_task_constructor/msgs) by extension 'ignore'
[0.262s] Level 1:colcon.colcon_core.package_identification:_identify(src/moveit_task_constructor/msgs) by extension 'ignore_ament_install'
[0.262s] Level 1:colcon.colcon_core.package_identification:_identify(src/moveit_task_constructor/msgs) by extensions ['colcon_pkg']
[0.262s] Level 1:colcon.colcon_core.package_identification:_identify(src/moveit_task_constructor/msgs) by extension 'colcon_pkg'
[0.262s] Level 1:colcon.colcon_core.package_identification:_identify(src/moveit_task_constructor/msgs) by extensions ['colcon_meta']
[0.262s] Level 1:colcon.colcon_core.package_identification:_identify(src/moveit_task_constructor/msgs) by extension 'colcon_meta'
[0.262s] Level 1:colcon.colcon_core.package_identification:_identify(src/moveit_task_constructor/msgs) by extensions ['ros']
[0.262s] Level 1:colcon.colcon_core.package_identification:_identify(src/moveit_task_constructor/msgs) by extension 'ros'
[0.262s] DEBUG:colcon.colcon_core.package_identification:Package 'src/moveit_task_constructor/msgs' with type 'ros.ament_cmake' and name 'moveit_task_constructor_msgs'
[0.263s] Level 1:colcon.colcon_core.package_identification:_identify(src/moveit_task_constructor/rviz_marker_tools) by extensions ['ignore', 'ignore_ament_install']
[0.263s] Level 1:colcon.colcon_core.package_identification:_identify(src/moveit_task_constructor/rviz_marker_tools) by extension 'ignore'
[0.263s] Level 1:colcon.colcon_core.package_identification:_identify(src/moveit_task_constructor/rviz_marker_tools) by extension 'ignore_ament_install'
[0.263s] Level 1:colcon.colcon_core.package_identification:_identify(src/moveit_task_constructor/rviz_marker_tools) by extensions ['colcon_pkg']
[0.263s] Level 1:colcon.colcon_core.package_identification:_identify(src/moveit_task_constructor/rviz_marker_tools) by extension 'colcon_pkg'
[0.263s] Level 1:colcon.colcon_core.package_identification:_identify(src/moveit_task_constructor/rviz_marker_tools) by extensions ['colcon_meta']
[0.263s] Level 1:colcon.colcon_core.package_identification:_identify(src/moveit_task_constructor/rviz_marker_tools) by extension 'colcon_meta'
[0.263s] Level 1:colcon.colcon_core.package_identification:_identify(src/moveit_task_constructor/rviz_marker_tools) by extensions ['ros']
[0.263s] Level 1:colcon.colcon_core.package_identification:_identify(src/moveit_task_constructor/rviz_marker_tools) by extension 'ros'
[0.263s] DEBUG:colcon.colcon_core.package_identification:Package 'src/moveit_task_constructor/rviz_marker_tools' with type 'ros.ament_cmake' and name 'rviz_marker_tools'
[0.263s] Level 1:colcon.colcon_core.package_identification:_identify(src/moveit_task_constructor/visualization) by extensions ['ignore', 'ignore_ament_install']
[0.263s] Level 1:colcon.colcon_core.package_identification:_identify(src/moveit_task_constructor/visualization) by extension 'ignore'
[0.263s] Level 1:colcon.colcon_core.package_identification:_identify(src/moveit_task_constructor/visualization) by extension 'ignore_ament_install'
[0.263s] Level 1:colcon.colcon_core.package_identification:_identify(src/moveit_task_constructor/visualization) by extensions ['colcon_pkg']
[0.263s] Level 1:colcon.colcon_core.package_identification:_identify(src/moveit_task_constructor/visualization) by extension 'colcon_pkg'
[0.263s] Level 1:colcon.colcon_core.package_identification:_identify(src/moveit_task_constructor/visualization) by extensions ['colcon_meta']
[0.263s] Level 1:colcon.colcon_core.package_identification:_identify(src/moveit_task_constructor/visualization) by extension 'colcon_meta'
[0.263s] Level 1:colcon.colcon_core.package_identification:_identify(src/moveit_task_constructor/visualization) by extensions ['ros']
[0.264s] Level 1:colcon.colcon_core.package_identification:_identify(src/moveit_task_constructor/visualization) by extension 'ros'
[0.264s] DEBUG:colcon.colcon_core.package_identification:Package 'src/moveit_task_constructor/visualization' with type 'ros.ament_cmake' and name 'moveit_task_constructor_visualization'
[0.264s] Level 1:colcon.colcon_core.package_identification:_identify(src/mycobot_ros2) by extensions ['ignore', 'ignore_ament_install']
[0.264s] Level 1:colcon.colcon_core.package_identification:_identify(src/mycobot_ros2) by extension 'ignore'
[0.264s] Level 1:colcon.colcon_core.package_identification:_identify(src/mycobot_ros2) by extension 'ignore_ament_install'
[0.264s] Level 1:colcon.colcon_core.package_identification:_identify(src/mycobot_ros2) by extensions ['colcon_pkg']
[0.264s] Level 1:colcon.colcon_core.package_identification:_identify(src/mycobot_ros2) by extension 'colcon_pkg'
[0.264s] Level 1:colcon.colcon_core.package_identification:_identify(src/mycobot_ros2) by extensions ['colcon_meta']
[0.264s] Level 1:colcon.colcon_core.package_identification:_identify(src/mycobot_ros2) by extension 'colcon_meta'
[0.264s] Level 1:colcon.colcon_core.package_identification:_identify(src/mycobot_ros2) by extensions ['ros']
[0.264s] Level 1:colcon.colcon_core.package_identification:_identify(src/mycobot_ros2) by extension 'ros'
[0.264s] Level 1:colcon.colcon_core.package_identification:_identify(src/mycobot_ros2) by extensions ['cmake', 'python']
[0.264s] Level 1:colcon.colcon_core.package_identification:_identify(src/mycobot_ros2) by extension 'cmake'
[0.264s] Level 1:colcon.colcon_core.package_identification:_identify(src/mycobot_ros2) by extension 'python'
[0.264s] Level 1:colcon.colcon_core.package_identification:_identify(src/mycobot_ros2) by extensions ['python_setup_py']
[0.264s] Level 1:colcon.colcon_core.package_identification:_identify(src/mycobot_ros2) by extension 'python_setup_py'
[0.265s] Level 1:colcon.colcon_core.package_identification:_identify(src/mycobot_ros2/docker) by extensions ['ignore', 'ignore_ament_install']
[0.265s] Level 1:colcon.colcon_core.package_identification:_identify(src/mycobot_ros2/docker) by extension 'ignore'
[0.265s] Level 1:colcon.colcon_core.package_identification:_identify(src/mycobot_ros2/docker) by extension 'ignore_ament_install'
[0.265s] Level 1:colcon.colcon_core.package_identification:_identify(src/mycobot_ros2/docker) by extensions ['colcon_pkg']
[0.265s] Level 1:colcon.colcon_core.package_identification:_identify(src/mycobot_ros2/docker) by extension 'colcon_pkg'
[0.265s] Level 1:colcon.colcon_core.package_identification:_identify(src/mycobot_ros2/docker) by extensions ['colcon_meta']
[0.265s] Level 1:colcon.colcon_core.package_identification:_identify(src/mycobot_ros2/docker) by extension 'colcon_meta'
[0.265s] Level 1:colcon.colcon_core.package_identification:_identify(src/mycobot_ros2/docker) by extensions ['ros']
[0.265s] Level 1:colcon.colcon_core.package_identification:_identify(src/mycobot_ros2/docker) by extension 'ros'
[0.265s] Level 1:colcon.colcon_core.package_identification:_identify(src/mycobot_ros2/docker) by extensions ['cmake', 'python']
[0.265s] Level 1:colcon.colcon_core.package_identification:_identify(src/mycobot_ros2/docker) by extension 'cmake'
[0.265s] Level 1:colcon.colcon_core.package_identification:_identify(src/mycobot_ros2/docker) by extension 'python'
[0.265s] Level 1:colcon.colcon_core.package_identification:_identify(src/mycobot_ros2/docker) by extensions ['python_setup_py']
[0.265s] Level 1:colcon.colcon_core.package_identification:_identify(src/mycobot_ros2/docker) by extension 'python_setup_py'
[0.265s] Level 1:colcon.colcon_core.package_identification:_identify(src/mycobot_ros2/mycobot_bringup) by extensions ['ignore', 'ignore_ament_install']
[0.265s] Level 1:colcon.colcon_core.package_identification:_identify(src/mycobot_ros2/mycobot_bringup) by extension 'ignore'
[0.265s] Level 1:colcon.colcon_core.package_identification:_identify(src/mycobot_ros2/mycobot_bringup) by extension 'ignore_ament_install'
[0.265s] Level 1:colcon.colcon_core.package_identification:_identify(src/mycobot_ros2/mycobot_bringup) by extensions ['colcon_pkg']
[0.265s] Level 1:colcon.colcon_core.package_identification:_identify(src/mycobot_ros2/mycobot_bringup) by extension 'colcon_pkg'
[0.265s] Level 1:colcon.colcon_core.package_identification:_identify(src/mycobot_ros2/mycobot_bringup) by extensions ['colcon_meta']
[0.265s] Level 1:colcon.colcon_core.package_identification:_identify(src/mycobot_ros2/mycobot_bringup) by extension 'colcon_meta'
[0.265s] Level 1:colcon.colcon_core.package_identification:_identify(src/mycobot_ros2/mycobot_bringup) by extensions ['ros']
[0.265s] Level 1:colcon.colcon_core.package_identification:_identify(src/mycobot_ros2/mycobot_bringup) by extension 'ros'
[0.266s] DEBUG:colcon.colcon_core.package_identification:Package 'src/mycobot_ros2/mycobot_bringup' with type 'ros.ament_cmake' and name 'mycobot_bringup'
[0.266s] Level 1:colcon.colcon_core.package_identification:_identify(src/mycobot_ros2/mycobot_description) by extensions ['ignore', 'ignore_ament_install']
[0.266s] Level 1:colcon.colcon_core.package_identification:_identify(src/mycobot_ros2/mycobot_description) by extension 'ignore'
[0.266s] Level 1:colcon.colcon_core.package_identification:_identify(src/mycobot_ros2/mycobot_description) by extension 'ignore_ament_install'
[0.266s] Level 1:colcon.colcon_core.package_identification:_identify(src/mycobot_ros2/mycobot_description) by extensions ['colcon_pkg']
[0.266s] Level 1:colcon.colcon_core.package_identification:_identify(src/mycobot_ros2/mycobot_description) by extension 'colcon_pkg'
[0.266s] Level 1:colcon.colcon_core.package_identification:_identify(src/mycobot_ros2/mycobot_description) by extensions ['colcon_meta']
[0.266s] Level 1:colcon.colcon_core.package_identification:_identify(src/mycobot_ros2/mycobot_description) by extension 'colcon_meta'
[0.266s] Level 1:colcon.colcon_core.package_identification:_identify(src/mycobot_ros2/mycobot_description) by extensions ['ros']
[0.266s] Level 1:colcon.colcon_core.package_identification:_identify(src/mycobot_ros2/mycobot_description) by extension 'ros'
[0.266s] DEBUG:colcon.colcon_core.package_identification:Package 'src/mycobot_ros2/mycobot_description' with type 'ros.ament_cmake' and name 'mycobot_description'
[0.266s] Level 1:colcon.colcon_core.package_identification:_identify(src/mycobot_ros2/mycobot_gazebo) by extensions ['ignore', 'ignore_ament_install']
[0.266s] Level 1:colcon.colcon_core.package_identification:_identify(src/mycobot_ros2/mycobot_gazebo) by extension 'ignore'
[0.266s] Level 1:colcon.colcon_core.package_identification:_identify(src/mycobot_ros2/mycobot_gazebo) by extension 'ignore_ament_install'
[0.266s] Level 1:colcon.colcon_core.package_identification:_identify(src/mycobot_ros2/mycobot_gazebo) by extensions ['colcon_pkg']
[0.266s] Level 1:colcon.colcon_core.package_identification:_identify(src/mycobot_ros2/mycobot_gazebo) by extension 'colcon_pkg'
[0.266s] Level 1:colcon.colcon_core.package_identification:_identify(src/mycobot_ros2/mycobot_gazebo) by extensions ['colcon_meta']
[0.266s] Level 1:colcon.colcon_core.package_identification:_identify(src/mycobot_ros2/mycobot_gazebo) by extension 'colcon_meta'
[0.266s] Level 1:colcon.colcon_core.package_identification:_identify(src/mycobot_ros2/mycobot_gazebo) by extensions ['ros']
[0.266s] Level 1:colcon.colcon_core.package_identification:_identify(src/mycobot_ros2/mycobot_gazebo) by extension 'ros'
[0.267s] DEBUG:colcon.colcon_core.package_identification:Package 'src/mycobot_ros2/mycobot_gazebo' with type 'ros.ament_cmake' and name 'mycobot_gazebo'
[0.267s] Level 1:colcon.colcon_core.package_identification:_identify(src/mycobot_ros2/mycobot_interfaces) by extensions ['ignore', 'ignore_ament_install']
[0.267s] Level 1:colcon.colcon_core.package_identification:_identify(src/mycobot_ros2/mycobot_interfaces) by extension 'ignore'
[0.267s] Level 1:colcon.colcon_core.package_identification:_identify(src/mycobot_ros2/mycobot_interfaces) by extension 'ignore_ament_install'
[0.267s] Level 1:colcon.colcon_core.package_identification:_identify(src/mycobot_ros2/mycobot_interfaces) by extensions ['colcon_pkg']
[0.267s] Level 1:colcon.colcon_core.package_identification:_identify(src/mycobot_ros2/mycobot_interfaces) by extension 'colcon_pkg'
[0.267s] Level 1:colcon.colcon_core.package_identification:_identify(src/mycobot_ros2/mycobot_interfaces) by extensions ['colcon_meta']
[0.267s] Level 1:colcon.colcon_core.package_identification:_identify(src/mycobot_ros2/mycobot_interfaces) by extension 'colcon_meta'
[0.267s] Level 1:colcon.colcon_core.package_identification:_identify(src/mycobot_ros2/mycobot_interfaces) by extensions ['ros']
[0.267s] Level 1:colcon.colcon_core.package_identification:_identify(src/mycobot_ros2/mycobot_interfaces) by extension 'ros'
[0.268s] DEBUG:colcon.colcon_core.package_identification:Package 'src/mycobot_ros2/mycobot_interfaces' with type 'ros.ament_cmake' and name 'mycobot_interfaces'
[0.268s] Level 1:colcon.colcon_core.package_identification:_identify(src/mycobot_ros2/mycobot_moveit_config) by extensions ['ignore', 'ignore_ament_install']
[0.268s] Level 1:colcon.colcon_core.package_identification:_identify(src/mycobot_ros2/mycobot_moveit_config) by extension 'ignore'
[0.268s] Level 1:colcon.colcon_core.package_identification:_identify(src/mycobot_ros2/mycobot_moveit_config) by extension 'ignore_ament_install'
[0.268s] Level 1:colcon.colcon_core.package_identification:_identify(src/mycobot_ros2/mycobot_moveit_config) by extensions ['colcon_pkg']
[0.268s] Level 1:colcon.colcon_core.package_identification:_identify(src/mycobot_ros2/mycobot_moveit_config) by extension 'colcon_pkg'
[0.268s] Level 1:colcon.colcon_core.package_identification:_identify(src/mycobot_ros2/mycobot_moveit_config) by extensions ['colcon_meta']
[0.268s] Level 1:colcon.colcon_core.package_identification:_identify(src/mycobot_ros2/mycobot_moveit_config) by extension 'colcon_meta'
[0.268s] Level 1:colcon.colcon_core.package_identification:_identify(src/mycobot_ros2/mycobot_moveit_config) by extensions ['ros']
[0.268s] Level 1:colcon.colcon_core.package_identification:_identify(src/mycobot_ros2/mycobot_moveit_config) by extension 'ros'
[0.269s] DEBUG:colcon.colcon_core.package_identification:Package 'src/mycobot_ros2/mycobot_moveit_config' with type 'ros.ament_cmake' and name 'mycobot_moveit_config'
[0.269s] Level 1:colcon.colcon_core.package_identification:_identify(src/mycobot_ros2/mycobot_moveit_demos) by extensions ['ignore', 'ignore_ament_install']
[0.269s] Level 1:colcon.colcon_core.package_identification:_identify(src/mycobot_ros2/mycobot_moveit_demos) by extension 'ignore'
[0.269s] Level 1:colcon.colcon_core.package_identification:_identify(src/mycobot_ros2/mycobot_moveit_demos) by extension 'ignore_ament_install'
[0.269s] Level 1:colcon.colcon_core.package_identification:_identify(src/mycobot_ros2/mycobot_moveit_demos) by extensions ['colcon_pkg']
[0.269s] Level 1:colcon.colcon_core.package_identification:_identify(src/mycobot_ros2/mycobot_moveit_demos) by extension 'colcon_pkg'
[0.269s] Level 1:colcon.colcon_core.package_identification:_identify(src/mycobot_ros2/mycobot_moveit_demos) by extensions ['colcon_meta']
[0.269s] Level 1:colcon.colcon_core.package_identification:_identify(src/mycobot_ros2/mycobot_moveit_demos) by extension 'colcon_meta'
[0.269s] Level 1:colcon.colcon_core.package_identification:_identify(src/mycobot_ros2/mycobot_moveit_demos) by extensions ['ros']
[0.269s] Level 1:colcon.colcon_core.package_identification:_identify(src/mycobot_ros2/mycobot_moveit_demos) by extension 'ros'
[0.269s] DEBUG:colcon.colcon_core.package_identification:Package 'src/mycobot_ros2/mycobot_moveit_demos' with type 'ros.ament_cmake' and name 'mycobot_moveit_demos'
[0.269s] Level 1:colcon.colcon_core.package_identification:_identify(src/mycobot_ros2/mycobot_mtc_demos) by extensions ['ignore', 'ignore_ament_install']
[0.269s] Level 1:colcon.colcon_core.package_identification:_identify(src/mycobot_ros2/mycobot_mtc_demos) by extension 'ignore'
[0.269s] Level 1:colcon.colcon_core.package_identification:_identify(src/mycobot_ros2/mycobot_mtc_demos) by extension 'ignore_ament_install'
[0.269s] Level 1:colcon.colcon_core.package_identification:_identify(src/mycobot_ros2/mycobot_mtc_demos) by extensions ['colcon_pkg']
[0.269s] Level 1:colcon.colcon_core.package_identification:_identify(src/mycobot_ros2/mycobot_mtc_demos) by extension 'colcon_pkg'
[0.269s] Level 1:colcon.colcon_core.package_identification:_identify(src/mycobot_ros2/mycobot_mtc_demos) by extensions ['colcon_meta']
[0.269s] Level 1:colcon.colcon_core.package_identification:_identify(src/mycobot_ros2/mycobot_mtc_demos) by extension 'colcon_meta'
[0.270s] Level 1:colcon.colcon_core.package_identification:_identify(src/mycobot_ros2/mycobot_mtc_demos) by extensions ['ros']
[0.270s] Level 1:colcon.colcon_core.package_identification:_identify(src/mycobot_ros2/mycobot_mtc_demos) by extension 'ros'
[0.270s] DEBUG:colcon.colcon_core.package_identification:Package 'src/mycobot_ros2/mycobot_mtc_demos' with type 'ros.ament_cmake' and name 'mycobot_mtc_demos'
[0.270s] Level 1:colcon.colcon_core.package_identification:_identify(src/mycobot_ros2/mycobot_mtc_pick_place_demo) by extensions ['ignore', 'ignore_ament_install']
[0.270s] Level 1:colcon.colcon_core.package_identification:_identify(src/mycobot_ros2/mycobot_mtc_pick_place_demo) by extension 'ignore'
[0.270s] Level 1:colcon.colcon_core.package_identification:_identify(src/mycobot_ros2/mycobot_mtc_pick_place_demo) by extension 'ignore_ament_install'
[0.270s] Level 1:colcon.colcon_core.package_identification:_identify(src/mycobot_ros2/mycobot_mtc_pick_place_demo) by extensions ['colcon_pkg']
[0.270s] Level 1:colcon.colcon_core.package_identification:_identify(src/mycobot_ros2/mycobot_mtc_pick_place_demo) by extension 'colcon_pkg'
[0.270s] Level 1:colcon.colcon_core.package_identification:_identify(src/mycobot_ros2/mycobot_mtc_pick_place_demo) by extensions ['colcon_meta']
[0.270s] Level 1:colcon.colcon_core.package_identification:_identify(src/mycobot_ros2/mycobot_mtc_pick_place_demo) by extension 'colcon_meta'
[0.270s] Level 1:colcon.colcon_core.package_identification:_identify(src/mycobot_ros2/mycobot_mtc_pick_place_demo) by extensions ['ros']
[0.270s] Level 1:colcon.colcon_core.package_identification:_identify(src/mycobot_ros2/mycobot_mtc_pick_place_demo) by extension 'ros'
[0.271s] DEBUG:colcon.colcon_core.package_identification:Package 'src/mycobot_ros2/mycobot_mtc_pick_place_demo' with type 'ros.ament_cmake' and name 'mycobot_mtc_pick_place_demo'
[0.271s] Level 1:colcon.colcon_core.package_identification:_identify(src/mycobot_ros2/mycobot_ros2) by extensions ['ignore', 'ignore_ament_install']
[0.271s] Level 1:colcon.colcon_core.package_identification:_identify(src/mycobot_ros2/mycobot_ros2) by extension 'ignore'
[0.271s] Level 1:colcon.colcon_core.package_identification:_identify(src/mycobot_ros2/mycobot_ros2) by extension 'ignore_ament_install'
[0.271s] Level 1:colcon.colcon_core.package_identification:_identify(src/mycobot_ros2/mycobot_ros2) by extensions ['colcon_pkg']
[0.271s] Level 1:colcon.colcon_core.package_identification:_identify(src/mycobot_ros2/mycobot_ros2) by extension 'colcon_pkg'
[0.271s] Level 1:colcon.colcon_core.package_identification:_identify(src/mycobot_ros2/mycobot_ros2) by extensions ['colcon_meta']
[0.271s] Level 1:colcon.colcon_core.package_identification:_identify(src/mycobot_ros2/mycobot_ros2) by extension 'colcon_meta'
[0.271s] Level 1:colcon.colcon_core.package_identification:_identify(src/mycobot_ros2/mycobot_ros2) by extensions ['ros']
[0.271s] Level 1:colcon.colcon_core.package_identification:_identify(src/mycobot_ros2/mycobot_ros2) by extension 'ros'
[0.272s] DEBUG:colcon.colcon_core.package_identification:Package 'src/mycobot_ros2/mycobot_ros2' with type 'ros.ament_cmake' and name 'mycobot_ros2'
[0.272s] Level 1:colcon.colcon_core.package_identification:_identify(src/mycobot_ros2/mycobot_system_tests) by extensions ['ignore', 'ignore_ament_install']
[0.272s] Level 1:colcon.colcon_core.package_identification:_identify(src/mycobot_ros2/mycobot_system_tests) by extension 'ignore'
[0.272s] Level 1:colcon.colcon_core.package_identification:_identify(src/mycobot_ros2/mycobot_system_tests) by extension 'ignore_ament_install'
[0.272s] Level 1:colcon.colcon_core.package_identification:_identify(src/mycobot_ros2/mycobot_system_tests) by extensions ['colcon_pkg']
[0.272s] Level 1:colcon.colcon_core.package_identification:_identify(src/mycobot_ros2/mycobot_system_tests) by extension 'colcon_pkg'
[0.272s] Level 1:colcon.colcon_core.package_identification:_identify(src/mycobot_ros2/mycobot_system_tests) by extensions ['colcon_meta']
[0.272s] Level 1:colcon.colcon_core.package_identification:_identify(src/mycobot_ros2/mycobot_system_tests) by extension 'colcon_meta'
[0.272s] Level 1:colcon.colcon_core.package_identification:_identify(src/mycobot_ros2/mycobot_system_tests) by extensions ['ros']
[0.272s] Level 1:colcon.colcon_core.package_identification:_identify(src/mycobot_ros2/mycobot_system_tests) by extension 'ros'
[0.272s] DEBUG:colcon.colcon_core.package_identification:Package 'src/mycobot_ros2/mycobot_system_tests' with type 'ros.ament_cmake' and name 'mycobot_system_tests'
[0.272s] Level 1:colcon.colcon_core.package_identification:_identify(src/warehouse_ros_mongo) by extensions ['ignore', 'ignore_ament_install']
[0.272s] Level 1:colcon.colcon_core.package_identification:_identify(src/warehouse_ros_mongo) by extension 'ignore'
[0.272s] Level 1:colcon.colcon_core.package_identification:_identify(src/warehouse_ros_mongo) by extension 'ignore_ament_install'
[0.272s] Level 1:colcon.colcon_core.package_identification:_identify(src/warehouse_ros_mongo) by extensions ['colcon_pkg']
[0.272s] Level 1:colcon.colcon_core.package_identification:_identify(src/warehouse_ros_mongo) by extension 'colcon_pkg'
[0.273s] Level 1:colcon.colcon_core.package_identification:_identify(src/warehouse_ros_mongo) by extensions ['colcon_meta']
[0.273s] Level 1:colcon.colcon_core.package_identification:_identify(src/warehouse_ros_mongo) by extension 'colcon_meta'
[0.273s] Level 1:colcon.colcon_core.package_identification:_identify(src/warehouse_ros_mongo) by extensions ['ros']
[0.273s] Level 1:colcon.colcon_core.package_identification:_identify(src/warehouse_ros_mongo) by extension 'ros'
[0.274s] DEBUG:colcon.colcon_core.package_identification:Package 'src/warehouse_ros_mongo' with type 'ros.ament_cmake' and name 'warehouse_ros_mongo'
[0.274s] Level 1:colcon.colcon_core.package_discovery:discover_packages(recursive) using defaults
[0.274s] Level 1:colcon.colcon_core.package_discovery:discover_packages(ignore) discover
[0.274s] Level 1:colcon.colcon_core.package_discovery:discover_packages(ignore) using defaults
[0.274s] Level 1:colcon.colcon_core.package_discovery:discover_packages(path) discover
[0.274s] Level 1:colcon.colcon_core.package_discovery:discover_packages(path) using defaults
[0.290s] Level 1:colcon.colcon_core.package_discovery:discover_packages(prefix_path) check parameters
[0.290s] Level 1:colcon.colcon_core.package_discovery:discover_packages(prefix_path) discover
[0.290s] WARNING:colcon.colcon_ros.prefix_path.ament:The path '/home/mmaaz/ros2_ws/install/warehouse_ros_mongo' in the environment variable AMENT_PREFIX_PATH doesn't exist
[0.290s] WARNING:colcon.colcon_ros.prefix_path.ament:The path '/home/mmaaz/ros2_ws/install/mycobot_mtc_pick_place_demo' in the environment variable AMENT_PREFIX_PATH doesn't exist
[0.290s] WARNING:colcon.colcon_ros.prefix_path.ament:The path '/home/mmaaz/ros2_ws/install/mycobot_mtc_demos' in the environment variable AMENT_PREFIX_PATH doesn't exist
[0.291s] WARNING:colcon.colcon_ros.prefix_path.ament:The path '/home/mmaaz/ros2_ws/install/moveit_task_constructor_visualization' in the environment variable AMENT_PREFIX_PATH doesn't exist
[0.291s] WARNING:colcon.colcon_ros.prefix_path.ament:The path '/home/mmaaz/ros2_ws/install/moveit_task_constructor_demo' in the environment variable AMENT_PREFIX_PATH doesn't exist
[0.291s] WARNING:colcon.colcon_ros.prefix_path.ament:The path '/home/mmaaz/ros2_ws/install/moveit_task_constructor_capabilities' in the environment variable AMENT_PREFIX_PATH doesn't exist
[0.291s] WARNING:colcon.colcon_ros.prefix_path.ament:The path '/home/mmaaz/ros2_ws/install/moveit_task_constructor_core' in the environment variable AMENT_PREFIX_PATH doesn't exist
[0.291s] WARNING:colcon.colcon_ros.prefix_path.ament:The path '/home/mmaaz/ros2_ws/install/rviz_marker_tools' in the environment variable AMENT_PREFIX_PATH doesn't exist
[0.291s] WARNING:colcon.colcon_ros.prefix_path.ament:The path '/home/mmaaz/ros2_ws/install/mycobot_ros2' in the environment variable AMENT_PREFIX_PATH doesn't exist
[0.291s] WARNING:colcon.colcon_ros.prefix_path.ament:The path '/home/mmaaz/ros2_ws/install/mycobot_system_tests' in the environment variable AMENT_PREFIX_PATH doesn't exist
[0.291s] WARNING:colcon.colcon_ros.prefix_path.ament:The path '/home/mmaaz/ros2_ws/install/mycobot_moveit_demos' in the environment variable AMENT_PREFIX_PATH doesn't exist
[0.291s] WARNING:colcon.colcon_ros.prefix_path.ament:The path '/home/mmaaz/ros2_ws/install/mycobot_moveit_config' in the environment variable AMENT_PREFIX_PATH doesn't exist
[0.291s] WARNING:colcon.colcon_ros.prefix_path.ament:The path '/home/mmaaz/ros2_ws/install/mycobot_interfaces' in the environment variable AMENT_PREFIX_PATH doesn't exist
[0.291s] WARNING:colcon.colcon_ros.prefix_path.ament:The path '/home/mmaaz/ros2_ws/install/mycobot_gazebo' in the environment variable AMENT_PREFIX_PATH doesn't exist
[0.291s] WARNING:colcon.colcon_ros.prefix_path.ament:The path '/home/mmaaz/ros2_ws/install/mycobot_description' in the environment variable AMENT_PREFIX_PATH doesn't exist
[0.291s] WARNING:colcon.colcon_ros.prefix_path.ament:The path '/home/mmaaz/ros2_ws/install/mycobot_bringup' in the environment variable AMENT_PREFIX_PATH doesn't exist
[0.291s] WARNING:colcon.colcon_ros.prefix_path.ament:The path '/home/mmaaz/ros2_ws/install/moveit_task_constructor_msgs' in the environment variable AMENT_PREFIX_PATH doesn't exist
[0.291s] WARNING:colcon.colcon_ros.prefix_path.catkin:The path '/home/mmaaz/ros2_ws/install/warehouse_ros_mongo' in the environment variable CMAKE_PREFIX_PATH doesn't exist
[0.291s] WARNING:colcon.colcon_ros.prefix_path.catkin:The path '/home/mmaaz/ros2_ws/install/mycobot_mtc_pick_place_demo' in the environment variable CMAKE_PREFIX_PATH doesn't exist
[0.291s] WARNING:colcon.colcon_ros.prefix_path.catkin:The path '/home/mmaaz/ros2_ws/install/mycobot_mtc_demos' in the environment variable CMAKE_PREFIX_PATH doesn't exist
[0.291s] WARNING:colcon.colcon_ros.prefix_path.catkin:The path '/home/mmaaz/ros2_ws/install/moveit_task_constructor_visualization' in the environment variable CMAKE_PREFIX_PATH doesn't exist
[0.291s] WARNING:colcon.colcon_ros.prefix_path.catkin:The path '/home/mmaaz/ros2_ws/install/moveit_task_constructor_demo' in the environment variable CMAKE_PREFIX_PATH doesn't exist
[0.291s] WARNING:colcon.colcon_ros.prefix_path.catkin:The path '/home/mmaaz/ros2_ws/install/moveit_task_constructor_capabilities' in the environment variable CMAKE_PREFIX_PATH doesn't exist
[0.291s] WARNING:colcon.colcon_ros.prefix_path.catkin:The path '/home/mmaaz/ros2_ws/install/moveit_task_constructor_core' in the environment variable CMAKE_PREFIX_PATH doesn't exist
[0.291s] WARNING:colcon.colcon_ros.prefix_path.catkin:The path '/home/mmaaz/ros2_ws/install/rviz_marker_tools' in the environment variable CMAKE_PREFIX_PATH doesn't exist
[0.291s] WARNING:colcon.colcon_ros.prefix_path.catkin:The path '/home/mmaaz/ros2_ws/install/mycobot_ros2' in the environment variable CMAKE_PREFIX_PATH doesn't exist
[0.292s] WARNING:colcon.colcon_ros.prefix_path.catkin:The path '/home/mmaaz/ros2_ws/install/mycobot_system_tests' in the environment variable CMAKE_PREFIX_PATH doesn't exist
[0.292s] WARNING:colcon.colcon_ros.prefix_path.catkin:The path '/home/mmaaz/ros2_ws/install/mycobot_moveit_demos' in the environment variable CMAKE_PREFIX_PATH doesn't exist
[0.292s] WARNING:colcon.colcon_ros.prefix_path.catkin:The path '/home/mmaaz/ros2_ws/install/mycobot_moveit_config' in the environment variable CMAKE_PREFIX_PATH doesn't exist
[0.292s] WARNING:colcon.colcon_ros.prefix_path.catkin:The path '/home/mmaaz/ros2_ws/install/mycobot_interfaces' in the environment variable CMAKE_PREFIX_PATH doesn't exist
[0.292s] WARNING:colcon.colcon_ros.prefix_path.catkin:The path '/home/mmaaz/ros2_ws/install/mycobot_gazebo' in the environment variable CMAKE_PREFIX_PATH doesn't exist
[0.292s] WARNING:colcon.colcon_ros.prefix_path.catkin:The path '/home/mmaaz/ros2_ws/install/mycobot_description' in the environment variable CMAKE_PREFIX_PATH doesn't exist
[0.292s] WARNING:colcon.colcon_ros.prefix_path.catkin:The path '/home/mmaaz/ros2_ws/install/mycobot_bringup' in the environment variable CMAKE_PREFIX_PATH doesn't exist
[0.292s] WARNING:colcon.colcon_ros.prefix_path.catkin:The path '/home/mmaaz/ros2_ws/install/moveit_task_constructor_msgs' in the environment variable CMAKE_PREFIX_PATH doesn't exist
[0.293s] DEBUG:colcon.colcon_installed_package_information.package_discovery:Found 0 installed packages in /home/mmaaz/ros2_ws/install
[0.294s] DEBUG:colcon.colcon_installed_package_information.package_discovery:Found 420 installed packages in /opt/ros/jazzy
[0.294s] Level 1:colcon.colcon_core.package_discovery:discover_packages(prefix_path) using defaults
[0.336s] Level 5:colcon.colcon_core.verb:set package 'moveit_task_constructor_msgs' build argument 'cmake_args' from command line to 'None'
[0.336s] Level 5:colcon.colcon_core.verb:set package 'moveit_task_constructor_msgs' build argument 'cmake_target' from command line to 'None'
[0.336s] Level 5:colcon.colcon_core.verb:set package 'moveit_task_constructor_msgs' build argument 'cmake_target_skip_unavailable' from command line to 'False'
[0.336s] Level 5:colcon.colcon_core.verb:set package 'moveit_task_constructor_msgs' build argument 'cmake_clean_cache' from command line to 'False'
[0.336s] Level 5:colcon.colcon_core.verb:set package 'moveit_task_constructor_msgs' build argument 'cmake_clean_first' from command line to 'False'
[0.336s] Level 5:colcon.colcon_core.verb:set package 'moveit_task_constructor_msgs' build argument 'cmake_force_configure' from command line to 'False'
[0.336s] Level 5:colcon.colcon_core.verb:set package 'moveit_task_constructor_msgs' build argument 'ament_cmake_args' from command line to 'None'
[0.336s] Level 5:colcon.colcon_core.verb:set package 'moveit_task_constructor_msgs' build argument 'catkin_cmake_args' from command line to 'None'
[0.336s] Level 5:colcon.colcon_core.verb:set package 'moveit_task_constructor_msgs' build argument 'catkin_skip_building_tests' from command line to 'False'
[0.336s] DEBUG:colcon.colcon_core.verb:Building package 'moveit_task_constructor_msgs' with the following arguments: {'ament_cmake_args': None, 'build_base': '/home/mmaaz/ros2_ws/build/moveit_task_constructor_msgs', 'catkin_cmake_args': None, 'catkin_skip_building_tests': False, 'cmake_args': None, 'cmake_clean_cache': False, 'cmake_clean_first': False, 'cmake_force_configure': False, 'cmake_target': None, 'cmake_target_skip_unavailable': False, 'install_base': '/home/mmaaz/ros2_ws/install/moveit_task_constructor_msgs', 'merge_install': False, 'path': '/home/mmaaz/ros2_ws/src/moveit_task_constructor/msgs', 'symlink_install': True, 'test_result_base': None}
[0.337s] Level 5:colcon.colcon_core.verb:set package 'mycobot_bringup' build argument 'cmake_args' from command line to 'None'
[0.337s] Level 5:colcon.colcon_core.verb:set package 'mycobot_bringup' build argument 'cmake_target' from command line to 'None'
[0.337s] Level 5:colcon.colcon_core.verb:set package 'mycobot_bringup' build argument 'cmake_target_skip_unavailable' from command line to 'False'
[0.337s] Level 5:colcon.colcon_core.verb:set package 'mycobot_bringup' build argument 'cmake_clean_cache' from command line to 'False'
[0.337s] Level 5:colcon.colcon_core.verb:set package 'mycobot_bringup' build argument 'cmake_clean_first' from command line to 'False'
[0.337s] Level 5:colcon.colcon_core.verb:set package 'mycobot_bringup' build argument 'cmake_force_configure' from command line to 'False'
[0.337s] Level 5:colcon.colcon_core.verb:set package 'mycobot_bringup' build argument 'ament_cmake_args' from command line to 'None'
[0.337s] Level 5:colcon.colcon_core.verb:set package 'mycobot_bringup' build argument 'catkin_cmake_args' from command line to 'None'
[0.337s] Level 5:colcon.colcon_core.verb:set package 'mycobot_bringup' build argument 'catkin_skip_building_tests' from command line to 'False'
[0.337s] DEBUG:colcon.colcon_core.verb:Building package 'mycobot_bringup' with the following arguments: {'ament_cmake_args': None, 'build_base': '/home/mmaaz/ros2_ws/build/mycobot_bringup', 'catkin_cmake_args': None, 'catkin_skip_building_tests': False, 'cmake_args': None, 'cmake_clean_cache': False, 'cmake_clean_first': False, 'cmake_force_configure': False, 'cmake_target': None, 'cmake_target_skip_unavailable': False, 'install_base': '/home/mmaaz/ros2_ws/install/mycobot_bringup', 'merge_install': False, 'path': '/home/mmaaz/ros2_ws/src/mycobot_ros2/mycobot_bringup', 'symlink_install': True, 'test_result_base': None}
[0.337s] Level 5:colcon.colcon_core.verb:set package 'mycobot_description' build argument 'cmake_args' from command line to 'None'
[0.337s] Level 5:colcon.colcon_core.verb:set package 'mycobot_description' build argument 'cmake_target' from command line to 'None'
[0.337s] Level 5:colcon.colcon_core.verb:set package 'mycobot_description' build argument 'cmake_target_skip_unavailable' from command line to 'False'
[0.337s] Level 5:colcon.colcon_core.verb:set package 'mycobot_description' build argument 'cmake_clean_cache' from command line to 'False'
[0.337s] Level 5:colcon.colcon_core.verb:set package 'mycobot_description' build argument 'cmake_clean_first' from command line to 'False'
[0.337s] Level 5:colcon.colcon_core.verb:set package 'mycobot_description' build argument 'cmake_force_configure' from command line to 'False'
[0.337s] Level 5:colcon.colcon_core.verb:set package 'mycobot_description' build argument 'ament_cmake_args' from command line to 'None'
[0.337s] Level 5:colcon.colcon_core.verb:set package 'mycobot_description' build argument 'catkin_cmake_args' from command line to 'None'
[0.337s] Level 5:colcon.colcon_core.verb:set package 'mycobot_description' build argument 'catkin_skip_building_tests' from command line to 'False'
[0.337s] DEBUG:colcon.colcon_core.verb:Building package 'mycobot_description' with the following arguments: {'ament_cmake_args': None, 'build_base': '/home/mmaaz/ros2_ws/build/mycobot_description', 'catkin_cmake_args': None, 'catkin_skip_building_tests': False, 'cmake_args': None, 'cmake_clean_cache': False, 'cmake_clean_first': False, 'cmake_force_configure': False, 'cmake_target': None, 'cmake_target_skip_unavailable': False, 'install_base': '/home/mmaaz/ros2_ws/install/mycobot_description', 'merge_install': False, 'path': '/home/mmaaz/ros2_ws/src/mycobot_ros2/mycobot_description', 'symlink_install': True, 'test_result_base': None}
[0.337s] Level 5:colcon.colcon_core.verb:set package 'mycobot_gazebo' build argument 'cmake_args' from command line to 'None'
[0.337s] Level 5:colcon.colcon_core.verb:set package 'mycobot_gazebo' build argument 'cmake_target' from command line to 'None'
[0.337s] Level 5:colcon.colcon_core.verb:set package 'mycobot_gazebo' build argument 'cmake_target_skip_unavailable' from command line to 'False'
[0.337s] Level 5:colcon.colcon_core.verb:set package 'mycobot_gazebo' build argument 'cmake_clean_cache' from command line to 'False'
[0.337s] Level 5:colcon.colcon_core.verb:set package 'mycobot_gazebo' build argument 'cmake_clean_first' from command line to 'False'
[0.337s] Level 5:colcon.colcon_core.verb:set package 'mycobot_gazebo' build argument 'cmake_force_configure' from command line to 'False'
[0.337s] Level 5:colcon.colcon_core.verb:set package 'mycobot_gazebo' build argument 'ament_cmake_args' from command line to 'None'
[0.337s] Level 5:colcon.colcon_core.verb:set package 'mycobot_gazebo' build argument 'catkin_cmake_args' from command line to 'None'
[0.337s] Level 5:colcon.colcon_core.verb:set package 'mycobot_gazebo' build argument 'catkin_skip_building_tests' from command line to 'False'
[0.337s] DEBUG:colcon.colcon_core.verb:Building package 'mycobot_gazebo' with the following arguments: {'ament_cmake_args': None, 'build_base': '/home/mmaaz/ros2_ws/build/mycobot_gazebo', 'catkin_cmake_args': None, 'catkin_skip_building_tests': False, 'cmake_args': None, 'cmake_clean_cache': False, 'cmake_clean_first': False, 'cmake_force_configure': False, 'cmake_target': None, 'cmake_target_skip_unavailable': False, 'install_base': '/home/mmaaz/ros2_ws/install/mycobot_gazebo', 'merge_install': False, 'path': '/home/mmaaz/ros2_ws/src/mycobot_ros2/mycobot_gazebo', 'symlink_install': True, 'test_result_base': None}
[0.337s] Level 5:colcon.colcon_core.verb:set package 'mycobot_interfaces' build argument 'cmake_args' from command line to 'None'
[0.337s] Level 5:colcon.colcon_core.verb:set package 'mycobot_interfaces' build argument 'cmake_target' from command line to 'None'
[0.337s] Level 5:colcon.colcon_core.verb:set package 'mycobot_interfaces' build argument 'cmake_target_skip_unavailable' from command line to 'False'
[0.337s] Level 5:colcon.colcon_core.verb:set package 'mycobot_interfaces' build argument 'cmake_clean_cache' from command line to 'False'
[0.337s] Level 5:colcon.colcon_core.verb:set package 'mycobot_interfaces' build argument 'cmake_clean_first' from command line to 'False'
[0.337s] Level 5:colcon.colcon_core.verb:set package 'mycobot_interfaces' build argument 'cmake_force_configure' from command line to 'False'
[0.337s] Level 5:colcon.colcon_core.verb:set package 'mycobot_interfaces' build argument 'ament_cmake_args' from command line to 'None'
[0.337s] Level 5:colcon.colcon_core.verb:set package 'mycobot_interfaces' build argument 'catkin_cmake_args' from command line to 'None'
[0.337s] Level 5:colcon.colcon_core.verb:set package 'mycobot_interfaces' build argument 'catkin_skip_building_tests' from command line to 'False'
[0.337s] DEBUG:colcon.colcon_core.verb:Building package 'mycobot_interfaces' with the following arguments: {'ament_cmake_args': None, 'build_base': '/home/mmaaz/ros2_ws/build/mycobot_interfaces', 'catkin_cmake_args': None, 'catkin_skip_building_tests': False, 'cmake_args': None, 'cmake_clean_cache': False, 'cmake_clean_first': False, 'cmake_force_configure': False, 'cmake_target': None, 'cmake_target_skip_unavailable': False, 'install_base': '/home/mmaaz/ros2_ws/install/mycobot_interfaces', 'merge_install': False, 'path': '/home/mmaaz/ros2_ws/src/mycobot_ros2/mycobot_interfaces', 'symlink_install': True, 'test_result_base': None}
[0.338s] Level 5:colcon.colcon_core.verb:set package 'mycobot_moveit_config' build argument 'cmake_args' from command line to 'None'
[0.338s] Level 5:colcon.colcon_core.verb:set package 'mycobot_moveit_config' build argument 'cmake_target' from command line to 'None'
[0.338s] Level 5:colcon.colcon_core.verb:set package 'mycobot_moveit_config' build argument 'cmake_target_skip_unavailable' from command line to 'False'
[0.338s] Level 5:colcon.colcon_core.verb:set package 'mycobot_moveit_config' build argument 'cmake_clean_cache' from command line to 'False'
[0.338s] Level 5:colcon.colcon_core.verb:set package 'mycobot_moveit_config' build argument 'cmake_clean_first' from command line to 'False'
[0.338s] Level 5:colcon.colcon_core.verb:set package 'mycobot_moveit_config' build argument 'cmake_force_configure' from command line to 'False'
[0.338s] Level 5:colcon.colcon_core.verb:set package 'mycobot_moveit_config' build argument 'ament_cmake_args' from command line to 'None'
[0.338s] Level 5:colcon.colcon_core.verb:set package 'mycobot_moveit_config' build argument 'catkin_cmake_args' from command line to 'None'
[0.338s] Level 5:colcon.colcon_core.verb:set package 'mycobot_moveit_config' build argument 'catkin_skip_building_tests' from command line to 'False'
[0.338s] DEBUG:colcon.colcon_core.verb:Building package 'mycobot_moveit_config' with the following arguments: {'ament_cmake_args': None, 'build_base': '/home/mmaaz/ros2_ws/build/mycobot_moveit_config', 'catkin_cmake_args': None, 'catkin_skip_building_tests': False, 'cmake_args': None, 'cmake_clean_cache': False, 'cmake_clean_first': False, 'cmake_force_configure': False, 'cmake_target': None, 'cmake_target_skip_unavailable': False, 'install_base': '/home/mmaaz/ros2_ws/install/mycobot_moveit_config', 'merge_install': False, 'path': '/home/mmaaz/ros2_ws/src/mycobot_ros2/mycobot_moveit_config', 'symlink_install': True, 'test_result_base': None}
[0.338s] Level 5:colcon.colcon_core.verb:set package 'mycobot_moveit_demos' build argument 'cmake_args' from command line to 'None'
[0.338s] Level 5:colcon.colcon_core.verb:set package 'mycobot_moveit_demos' build argument 'cmake_target' from command line to 'None'
[0.338s] Level 5:colcon.colcon_core.verb:set package 'mycobot_moveit_demos' build argument 'cmake_target_skip_unavailable' from command line to 'False'
[0.338s] Level 5:colcon.colcon_core.verb:set package 'mycobot_moveit_demos' build argument 'cmake_clean_cache' from command line to 'False'
[0.338s] Level 5:colcon.colcon_core.verb:set package 'mycobot_moveit_demos' build argument 'cmake_clean_first' from command line to 'False'
[0.338s] Level 5:colcon.colcon_core.verb:set package 'mycobot_moveit_demos' build argument 'cmake_force_configure' from command line to 'False'
[0.338s] Level 5:colcon.colcon_core.verb:set package 'mycobot_moveit_demos' build argument 'ament_cmake_args' from command line to 'None'
[0.338s] Level 5:colcon.colcon_core.verb:set package 'mycobot_moveit_demos' build argument 'catkin_cmake_args' from command line to 'None'
[0.338s] Level 5:colcon.colcon_core.verb:set package 'mycobot_moveit_demos' build argument 'catkin_skip_building_tests' from command line to 'False'
[0.338s] DEBUG:colcon.colcon_core.verb:Building package 'mycobot_moveit_demos' with the following arguments: {'ament_cmake_args': None, 'build_base': '/home/mmaaz/ros2_ws/build/mycobot_moveit_demos', 'catkin_cmake_args': None, 'catkin_skip_building_tests': False, 'cmake_args': None, 'cmake_clean_cache': False, 'cmake_clean_first': False, 'cmake_force_configure': False, 'cmake_target': None, 'cmake_target_skip_unavailable': False, 'install_base': '/home/mmaaz/ros2_ws/install/mycobot_moveit_demos', 'merge_install': False, 'path': '/home/mmaaz/ros2_ws/src/mycobot_ros2/mycobot_moveit_demos', 'symlink_install': True, 'test_result_base': None}
[0.338s] Level 5:colcon.colcon_core.verb:set package 'mycobot_system_tests' build argument 'cmake_args' from command line to 'None'
[0.338s] Level 5:colcon.colcon_core.verb:set package 'mycobot_system_tests' build argument 'cmake_target' from command line to 'None'
[0.338s] Level 5:colcon.colcon_core.verb:set package 'mycobot_system_tests' build argument 'cmake_target_skip_unavailable' from command line to 'False'
[0.338s] Level 5:colcon.colcon_core.verb:set package 'mycobot_system_tests' build argument 'cmake_clean_cache' from command line to 'False'
[0.338s] Level 5:colcon.colcon_core.verb:set package 'mycobot_system_tests' build argument 'cmake_clean_first' from command line to 'False'
[0.338s] Level 5:colcon.colcon_core.verb:set package 'mycobot_system_tests' build argument 'cmake_force_configure' from command line to 'False'
[0.338s] Level 5:colcon.colcon_core.verb:set package 'mycobot_system_tests' build argument 'ament_cmake_args' from command line to 'None'
[0.338s] Level 5:colcon.colcon_core.verb:set package 'mycobot_system_tests' build argument 'catkin_cmake_args' from command line to 'None'
[0.338s] Level 5:colcon.colcon_core.verb:set package 'mycobot_system_tests' build argument 'catkin_skip_building_tests' from command line to 'False'
[0.338s] DEBUG:colcon.colcon_core.verb:Building package 'mycobot_system_tests' with the following arguments: {'ament_cmake_args': None, 'build_base': '/home/mmaaz/ros2_ws/build/mycobot_system_tests', 'catkin_cmake_args': None, 'catkin_skip_building_tests': False, 'cmake_args': None, 'cmake_clean_cache': False, 'cmake_clean_first': False, 'cmake_force_configure': False, 'cmake_target': None, 'cmake_target_skip_unavailable': False, 'install_base': '/home/mmaaz/ros2_ws/install/mycobot_system_tests', 'merge_install': False, 'path': '/home/mmaaz/ros2_ws/src/mycobot_ros2/mycobot_system_tests', 'symlink_install': True, 'test_result_base': None}
[0.338s] Level 5:colcon.colcon_core.verb:set package 'rviz_marker_tools' build argument 'cmake_args' from command line to 'None'
[0.338s] Level 5:colcon.colcon_core.verb:set package 'rviz_marker_tools' build argument 'cmake_target' from command line to 'None'
[0.338s] Level 5:colcon.colcon_core.verb:set package 'rviz_marker_tools' build argument 'cmake_target_skip_unavailable' from command line to 'False'
[0.338s] Level 5:colcon.colcon_core.verb:set package 'rviz_marker_tools' build argument 'cmake_clean_cache' from command line to 'False'
[0.339s] Level 5:colcon.colcon_core.verb:set package 'rviz_marker_tools' build argument 'cmake_clean_first' from command line to 'False'
[0.339s] Level 5:colcon.colcon_core.verb:set package 'rviz_marker_tools' build argument 'cmake_force_configure' from command line to 'False'
[0.339s] Level 5:colcon.colcon_core.verb:set package 'rviz_marker_tools' build argument 'ament_cmake_args' from command line to 'None'
[0.339s] Level 5:colcon.colcon_core.verb:set package 'rviz_marker_tools' build argument 'catkin_cmake_args' from command line to 'None'
[0.339s] Level 5:colcon.colcon_core.verb:set package 'rviz_marker_tools' build argument 'catkin_skip_building_tests' from command line to 'False'
[0.339s] DEBUG:colcon.colcon_core.verb:Building package 'rviz_marker_tools' with the following arguments: {'ament_cmake_args': None, 'build_base': '/home/mmaaz/ros2_ws/build/rviz_marker_tools', 'catkin_cmake_args': None, 'catkin_skip_building_tests': False, 'cmake_args': None, 'cmake_clean_cache': False, 'cmake_clean_first': False, 'cmake_force_configure': False, 'cmake_target': None, 'cmake_target_skip_unavailable': False, 'install_base': '/home/mmaaz/ros2_ws/install/rviz_marker_tools', 'merge_install': False, 'path': '/home/mmaaz/ros2_ws/src/moveit_task_constructor/rviz_marker_tools', 'symlink_install': True, 'test_result_base': None}
[0.339s] Level 5:colcon.colcon_core.verb:set package 'warehouse_ros_mongo' build argument 'cmake_args' from command line to 'None'
[0.339s] Level 5:colcon.colcon_core.verb:set package 'warehouse_ros_mongo' build argument 'cmake_target' from command line to 'None'
[0.339s] Level 5:colcon.colcon_core.verb:set package 'warehouse_ros_mongo' build argument 'cmake_target_skip_unavailable' from command line to 'False'
[0.339s] Level 5:colcon.colcon_core.verb:set package 'warehouse_ros_mongo' build argument 'cmake_clean_cache' from command line to 'False'
[0.339s] Level 5:colcon.colcon_core.verb:set package 'warehouse_ros_mongo' build argument 'cmake_clean_first' from command line to 'False'
[0.339s] Level 5:colcon.colcon_core.verb:set package 'warehouse_ros_mongo' build argument 'cmake_force_configure' from command line to 'False'
[0.339s] Level 5:colcon.colcon_core.verb:set package 'warehouse_ros_mongo' build argument 'ament_cmake_args' from command line to 'None'
[0.339s] Level 5:colcon.colcon_core.verb:set package 'warehouse_ros_mongo' build argument 'catkin_cmake_args' from command line to 'None'
[0.339s] Level 5:colcon.colcon_core.verb:set package 'warehouse_ros_mongo' build argument 'catkin_skip_building_tests' from command line to 'False'
[0.339s] DEBUG:colcon.colcon_core.verb:Building package 'warehouse_ros_mongo' with the following arguments: {'ament_cmake_args': None, 'build_base': '/home/mmaaz/ros2_ws/build/warehouse_ros_mongo', 'catkin_cmake_args': None, 'catkin_skip_building_tests': False, 'cmake_args': None, 'cmake_clean_cache': False, 'cmake_clean_first': False, 'cmake_force_configure': False, 'cmake_target': None, 'cmake_target_skip_unavailable': False, 'install_base': '/home/mmaaz/ros2_ws/install/warehouse_ros_mongo', 'merge_install': False, 'path': '/home/mmaaz/ros2_ws/src/warehouse_ros_mongo', 'symlink_install': True, 'test_result_base': None}
[0.339s] Level 5:colcon.colcon_core.verb:set package 'moveit_task_constructor_core' build argument 'cmake_args' from command line to 'None'
[0.339s] Level 5:colcon.colcon_core.verb:set package 'moveit_task_constructor_core' build argument 'cmake_target' from command line to 'None'
[0.339s] Level 5:colcon.colcon_core.verb:set package 'moveit_task_constructor_core' build argument 'cmake_target_skip_unavailable' from command line to 'False'
[0.339s] Level 5:colcon.colcon_core.verb:set package 'moveit_task_constructor_core' build argument 'cmake_clean_cache' from command line to 'False'
[0.339s] Level 5:colcon.colcon_core.verb:set package 'moveit_task_constructor_core' build argument 'cmake_clean_first' from command line to 'False'
[0.339s] Level 5:colcon.colcon_core.verb:set package 'moveit_task_constructor_core' build argument 'cmake_force_configure' from command line to 'False'
[0.339s] Level 5:colcon.colcon_core.verb:set package 'moveit_task_constructor_core' build argument 'ament_cmake_args' from command line to 'None'
[0.339s] Level 5:colcon.colcon_core.verb:set package 'moveit_task_constructor_core' build argument 'catkin_cmake_args' from command line to 'None'
[0.339s] Level 5:colcon.colcon_core.verb:set package 'moveit_task_constructor_core' build argument 'catkin_skip_building_tests' from command line to 'False'
[0.339s] DEBUG:colcon.colcon_core.verb:Building package 'moveit_task_constructor_core' with the following arguments: {'ament_cmake_args': None, 'build_base': '/home/mmaaz/ros2_ws/build/moveit_task_constructor_core', 'catkin_cmake_args': None, 'catkin_skip_building_tests': False, 'cmake_args': None, 'cmake_clean_cache': False, 'cmake_clean_first': False, 'cmake_force_configure': False, 'cmake_target': None, 'cmake_target_skip_unavailable': False, 'install_base': '/home/mmaaz/ros2_ws/install/moveit_task_constructor_core', 'merge_install': False, 'path': '/home/mmaaz/ros2_ws/src/moveit_task_constructor/core', 'symlink_install': True, 'test_result_base': None}
[0.339s] Level 5:colcon.colcon_core.verb:set package 'mycobot_ros2' build argument 'cmake_args' from command line to 'None'
[0.339s] Level 5:colcon.colcon_core.verb:set package 'mycobot_ros2' build argument 'cmake_target' from command line to 'None'
[0.339s] Level 5:colcon.colcon_core.verb:set package 'mycobot_ros2' build argument 'cmake_target_skip_unavailable' from command line to 'False'
[0.339s] Level 5:colcon.colcon_core.verb:set package 'mycobot_ros2' build argument 'cmake_clean_cache' from command line to 'False'
[0.339s] Level 5:colcon.colcon_core.verb:set package 'mycobot_ros2' build argument 'cmake_clean_first' from command line to 'False'
[0.339s] Level 5:colcon.colcon_core.verb:set package 'mycobot_ros2' build argument 'cmake_force_configure' from command line to 'False'
[0.339s] Level 5:colcon.colcon_core.verb:set package 'mycobot_ros2' build argument 'ament_cmake_args' from command line to 'None'
[0.339s] Level 5:colcon.colcon_core.verb:set package 'mycobot_ros2' build argument 'catkin_cmake_args' from command line to 'None'
[0.339s] Level 5:colcon.colcon_core.verb:set package 'mycobot_ros2' build argument 'catkin_skip_building_tests' from command line to 'False'
[0.340s] DEBUG:colcon.colcon_core.verb:Building package 'mycobot_ros2' with the following arguments: {'ament_cmake_args': None, 'build_base': '/home/mmaaz/ros2_ws/build/mycobot_ros2', 'catkin_cmake_args': None, 'catkin_skip_building_tests': False, 'cmake_args': None, 'cmake_clean_cache': False, 'cmake_clean_first': False, 'cmake_force_configure': False, 'cmake_target': None, 'cmake_target_skip_unavailable': False, 'install_base': '/home/mmaaz/ros2_ws/install/mycobot_ros2', 'merge_install': False, 'path': '/home/mmaaz/ros2_ws/src/mycobot_ros2/mycobot_ros2', 'symlink_install': True, 'test_result_base': None}
[0.340s] Level 5:colcon.colcon_core.verb:set package 'moveit_task_constructor_capabilities' build argument 'cmake_args' from command line to 'None'
[0.340s] Level 5:colcon.colcon_core.verb:set package 'moveit_task_constructor_capabilities' build argument 'cmake_target' from command line to 'None'
[0.340s] Level 5:colcon.colcon_core.verb:set package 'moveit_task_constructor_capabilities' build argument 'cmake_target_skip_unavailable' from command line to 'False'
[0.340s] Level 5:colcon.colcon_core.verb:set package 'moveit_task_constructor_capabilities' build argument 'cmake_clean_cache' from command line to 'False'
[0.340s] Level 5:colcon.colcon_core.verb:set package 'moveit_task_constructor_capabilities' build argument 'cmake_clean_first' from command line to 'False'
[0.340s] Level 5:colcon.colcon_core.verb:set package 'moveit_task_constructor_capabilities' build argument 'cmake_force_configure' from command line to 'False'
[0.340s] Level 5:colcon.colcon_core.verb:set package 'moveit_task_constructor_capabilities' build argument 'ament_cmake_args' from command line to 'None'
[0.340s] Level 5:colcon.colcon_core.verb:set package 'moveit_task_constructor_capabilities' build argument 'catkin_cmake_args' from command line to 'None'
[0.340s] Level 5:colcon.colcon_core.verb:set package 'moveit_task_constructor_capabilities' build argument 'catkin_skip_building_tests' from command line to 'False'
[0.340s] DEBUG:colcon.colcon_core.verb:Building package 'moveit_task_constructor_capabilities' with the following arguments: {'ament_cmake_args': None, 'build_base': '/home/mmaaz/ros2_ws/build/moveit_task_constructor_capabilities', 'catkin_cmake_args': None, 'catkin_skip_building_tests': False, 'cmake_args': None, 'cmake_clean_cache': False, 'cmake_clean_first': False, 'cmake_force_configure': False, 'cmake_target': None, 'cmake_target_skip_unavailable': False, 'install_base': '/home/mmaaz/ros2_ws/install/moveit_task_constructor_capabilities', 'merge_install': False, 'path': '/home/mmaaz/ros2_ws/src/moveit_task_constructor/capabilities', 'symlink_install': True, 'test_result_base': None}
[0.340s] Level 5:colcon.colcon_core.verb:set package 'moveit_task_constructor_visualization' build argument 'cmake_args' from command line to 'None'
[0.340s] Level 5:colcon.colcon_core.verb:set package 'moveit_task_constructor_visualization' build argument 'cmake_target' from command line to 'None'
[0.340s] Level 5:colcon.colcon_core.verb:set package 'moveit_task_constructor_visualization' build argument 'cmake_target_skip_unavailable' from command line to 'False'
[0.340s] Level 5:colcon.colcon_core.verb:set package 'moveit_task_constructor_visualization' build argument 'cmake_clean_cache' from command line to 'False'
[0.340s] Level 5:colcon.colcon_core.verb:set package 'moveit_task_constructor_visualization' build argument 'cmake_clean_first' from command line to 'False'
[0.340s] Level 5:colcon.colcon_core.verb:set package 'moveit_task_constructor_visualization' build argument 'cmake_force_configure' from command line to 'False'
[0.340s] Level 5:colcon.colcon_core.verb:set package 'moveit_task_constructor_visualization' build argument 'ament_cmake_args' from command line to 'None'
[0.340s] Level 5:colcon.colcon_core.verb:set package 'moveit_task_constructor_visualization' build argument 'catkin_cmake_args' from command line to 'None'
[0.340s] Level 5:colcon.colcon_core.verb:set package 'moveit_task_constructor_visualization' build argument 'catkin_skip_building_tests' from command line to 'False'
[0.340s] DEBUG:colcon.colcon_core.verb:Building package 'moveit_task_constructor_visualization' with the following arguments: {'ament_cmake_args': None, 'build_base': '/home/mmaaz/ros2_ws/build/moveit_task_constructor_visualization', 'catkin_cmake_args': None, 'catkin_skip_building_tests': False, 'cmake_args': None, 'cmake_clean_cache': False, 'cmake_clean_first': False, 'cmake_force_configure': False, 'cmake_target': None, 'cmake_target_skip_unavailable': False, 'install_base': '/home/mmaaz/ros2_ws/install/moveit_task_constructor_visualization', 'merge_install': False, 'path': '/home/mmaaz/ros2_ws/src/moveit_task_constructor/visualization', 'symlink_install': True, 'test_result_base': None}
[0.340s] Level 5:colcon.colcon_core.verb:set package 'mycobot_mtc_demos' build argument 'cmake_args' from command line to 'None'
[0.340s] Level 5:colcon.colcon_core.verb:set package 'mycobot_mtc_demos' build argument 'cmake_target' from command line to 'None'
[0.340s] Level 5:colcon.colcon_core.verb:set package 'mycobot_mtc_demos' build argument 'cmake_target_skip_unavailable' from command line to 'False'
[0.340s] Level 5:colcon.colcon_core.verb:set package 'mycobot_mtc_demos' build argument 'cmake_clean_cache' from command line to 'False'
[0.340s] Level 5:colcon.colcon_core.verb:set package 'mycobot_mtc_demos' build argument 'cmake_clean_first' from command line to 'False'
[0.340s] Level 5:colcon.colcon_core.verb:set package 'mycobot_mtc_demos' build argument 'cmake_force_configure' from command line to 'False'
[0.340s] Level 5:colcon.colcon_core.verb:set package 'mycobot_mtc_demos' build argument 'ament_cmake_args' from command line to 'None'
[0.341s] Level 5:colcon.colcon_core.verb:set package 'mycobot_mtc_demos' build argument 'catkin_cmake_args' from command line to 'None'
[0.341s] Level 5:colcon.colcon_core.verb:set package 'mycobot_mtc_demos' build argument 'catkin_skip_building_tests' from command line to 'False'
[0.341s] DEBUG:colcon.colcon_core.verb:Building package 'mycobot_mtc_demos' with the following arguments: {'ament_cmake_args': None, 'build_base': '/home/mmaaz/ros2_ws/build/mycobot_mtc_demos', 'catkin_cmake_args': None, 'catkin_skip_building_tests': False, 'cmake_args': None, 'cmake_clean_cache': False, 'cmake_clean_first': False, 'cmake_force_configure': False, 'cmake_target': None, 'cmake_target_skip_unavailable': False, 'install_base': '/home/mmaaz/ros2_ws/install/mycobot_mtc_demos', 'merge_install': False, 'path': '/home/mmaaz/ros2_ws/src/mycobot_ros2/mycobot_mtc_demos', 'symlink_install': True, 'test_result_base': None}
[0.341s] Level 5:colcon.colcon_core.verb:set package 'mycobot_mtc_pick_place_demo' build argument 'cmake_args' from command line to 'None'
[0.341s] Level 5:colcon.colcon_core.verb:set package 'mycobot_mtc_pick_place_demo' build argument 'cmake_target' from command line to 'None'
[0.341s] Level 5:colcon.colcon_core.verb:set package 'mycobot_mtc_pick_place_demo' build argument 'cmake_target_skip_unavailable' from command line to 'False'
[0.341s] Level 5:colcon.colcon_core.verb:set package 'mycobot_mtc_pick_place_demo' build argument 'cmake_clean_cache' from command line to 'False'
[0.341s] Level 5:colcon.colcon_core.verb:set package 'mycobot_mtc_pick_place_demo' build argument 'cmake_clean_first' from command line to 'False'
[0.341s] Level 5:colcon.colcon_core.verb:set package 'mycobot_mtc_pick_place_demo' build argument 'cmake_force_configure' from command line to 'False'
[0.341s] Level 5:colcon.colcon_core.verb:set package 'mycobot_mtc_pick_place_demo' build argument 'ament_cmake_args' from command line to 'None'
[0.341s] Level 5:colcon.colcon_core.verb:set package 'mycobot_mtc_pick_place_demo' build argument 'catkin_cmake_args' from command line to 'None'
[0.341s] Level 5:colcon.colcon_core.verb:set package 'mycobot_mtc_pick_place_demo' build argument 'catkin_skip_building_tests' from command line to 'False'
[0.341s] DEBUG:colcon.colcon_core.verb:Building package 'mycobot_mtc_pick_place_demo' with the following arguments: {'ament_cmake_args': None, 'build_base': '/home/mmaaz/ros2_ws/build/mycobot_mtc_pick_place_demo', 'catkin_cmake_args': None, 'catkin_skip_building_tests': False, 'cmake_args': None, 'cmake_clean_cache': False, 'cmake_clean_first': False, 'cmake_force_configure': False, 'cmake_target': None, 'cmake_target_skip_unavailable': False, 'install_base': '/home/mmaaz/ros2_ws/install/mycobot_mtc_pick_place_demo', 'merge_install': False, 'path': '/home/mmaaz/ros2_ws/src/mycobot_ros2/mycobot_mtc_pick_place_demo', 'symlink_install': True, 'test_result_base': None}
[0.341s] Level 5:colcon.colcon_core.verb:set package 'moveit_task_constructor_demo' build argument 'cmake_args' from command line to 'None'
[0.341s] Level 5:colcon.colcon_core.verb:set package 'moveit_task_constructor_demo' build argument 'cmake_target' from command line to 'None'
[0.341s] Level 5:colcon.colcon_core.verb:set package 'moveit_task_constructor_demo' build argument 'cmake_target_skip_unavailable' from command line to 'False'
[0.341s] Level 5:colcon.colcon_core.verb:set package 'moveit_task_constructor_demo' build argument 'cmake_clean_cache' from command line to 'False'
[0.341s] Level 5:colcon.colcon_core.verb:set package 'moveit_task_constructor_demo' build argument 'cmake_clean_first' from command line to 'False'
[0.341s] Level 5:colcon.colcon_core.verb:set package 'moveit_task_constructor_demo' build argument 'cmake_force_configure' from command line to 'False'
[0.341s] Level 5:colcon.colcon_core.verb:set package 'moveit_task_constructor_demo' build argument 'ament_cmake_args' from command line to 'None'
[0.341s] Level 5:colcon.colcon_core.verb:set package 'moveit_task_constructor_demo' build argument 'catkin_cmake_args' from command line to 'None'
[0.341s] Level 5:colcon.colcon_core.verb:set package 'moveit_task_constructor_demo' build argument 'catkin_skip_building_tests' from command line to 'False'
[0.341s] DEBUG:colcon.colcon_core.verb:Building package 'moveit_task_constructor_demo' with the following arguments: {'ament_cmake_args': None, 'build_base': '/home/mmaaz/ros2_ws/build/moveit_task_constructor_demo', 'catkin_cmake_args': None, 'catkin_skip_building_tests': False, 'cmake_args': None, 'cmake_clean_cache': False, 'cmake_clean_first': False, 'cmake_force_configure': False, 'cmake_target': None, 'cmake_target_skip_unavailable': False, 'install_base': '/home/mmaaz/ros2_ws/install/moveit_task_constructor_demo', 'merge_install': False, 'path': '/home/mmaaz/ros2_ws/src/moveit_task_constructor/demo', 'symlink_install': True, 'test_result_base': None}
[0.341s] INFO:colcon.colcon_core.executor:Executing jobs using 'parallel' executor
[0.342s] DEBUG:colcon.colcon_parallel_executor.executor.parallel:run_until_complete
[0.343s] INFO:colcon.colcon_ros.task.ament_cmake.build:Building ROS package in '/home/mmaaz/ros2_ws/src/moveit_task_constructor/msgs' with build type 'ament_cmake'
[0.343s] INFO:colcon.colcon_cmake.task.cmake.build:Building CMake package in '/home/mmaaz/ros2_ws/src/moveit_task_constructor/msgs'
[0.346s] INFO:colcon.colcon_core.plugin_system:Skipping extension 'colcon_core.shell.bat': Not used on non-Windows systems
[0.346s] INFO:colcon.colcon_core.shell:Skip shell extension 'powershell' for command environment: Not usable outside of PowerShell
[0.346s] DEBUG:colcon.colcon_core.shell:Skip shell extension 'dsv' for command environment
[0.348s] INFO:colcon.colcon_ros.task.ament_cmake.build:Building ROS package in '/home/mmaaz/ros2_ws/src/moveit_task_constructor/rviz_marker_tools' with build type 'ament_cmake'
[0.349s] INFO:colcon.colcon_cmake.task.cmake.build:Building CMake package in '/home/mmaaz/ros2_ws/src/moveit_task_constructor/rviz_marker_tools'
[0.349s] INFO:colcon.colcon_core.shell:Skip shell extension 'powershell' for command environment: Not usable outside of PowerShell
[0.349s] DEBUG:colcon.colcon_core.shell:Skip shell extension 'dsv' for command environment
[0.351s] INFO:colcon.colcon_ros.task.ament_cmake.build:Building ROS package in '/home/mmaaz/ros2_ws/src/mycobot_ros2/mycobot_bringup' with build type 'ament_cmake'
[0.351s] INFO:colcon.colcon_cmake.task.cmake.build:Building CMake package in '/home/mmaaz/ros2_ws/src/mycobot_ros2/mycobot_bringup'
[0.352s] INFO:colcon.colcon_core.shell:Skip shell extension 'powershell' for command environment: Not usable outside of PowerShell
[0.352s] DEBUG:colcon.colcon_core.shell:Skip shell extension 'dsv' for command environment
[0.355s] INFO:colcon.colcon_ros.task.ament_cmake.build:Building ROS package in '/home/mmaaz/ros2_ws/src/mycobot_ros2/mycobot_description' with build type 'ament_cmake'
[0.355s] INFO:colcon.colcon_cmake.task.cmake.build:Building CMake package in '/home/mmaaz/ros2_ws/src/mycobot_ros2/mycobot_description'
[0.355s] INFO:colcon.colcon_core.shell:Skip shell extension 'powershell' for command environment: Not usable outside of PowerShell
[0.356s] DEBUG:colcon.colcon_core.shell:Skip shell extension 'dsv' for command environment
[0.358s] INFO:colcon.colcon_ros.task.ament_cmake.build:Building ROS package in '/home/mmaaz/ros2_ws/src/mycobot_ros2/mycobot_gazebo' with build type 'ament_cmake'
[0.358s] INFO:colcon.colcon_cmake.task.cmake.build:Building CMake package in '/home/mmaaz/ros2_ws/src/mycobot_ros2/mycobot_gazebo'
[0.358s] INFO:colcon.colcon_core.shell:Skip shell extension 'powershell' for command environment: Not usable outside of PowerShell
[0.358s] DEBUG:colcon.colcon_core.shell:Skip shell extension 'dsv' for command environment
[0.360s] INFO:colcon.colcon_ros.task.ament_cmake.build:Building ROS package in '/home/mmaaz/ros2_ws/src/mycobot_ros2/mycobot_interfaces' with build type 'ament_cmake'
[0.360s] INFO:colcon.colcon_cmake.task.cmake.build:Building CMake package in '/home/mmaaz/ros2_ws/src/mycobot_ros2/mycobot_interfaces'
[0.361s] INFO:colcon.colcon_core.shell:Skip shell extension 'powershell' for command environment: Not usable outside of PowerShell
[0.361s] DEBUG:colcon.colcon_core.shell:Skip shell extension 'dsv' for command environment
[0.363s] INFO:colcon.colcon_ros.task.ament_cmake.build:Building ROS package in '/home/mmaaz/ros2_ws/src/mycobot_ros2/mycobot_moveit_config' with build type 'ament_cmake'
[0.363s] INFO:colcon.colcon_cmake.task.cmake.build:Building CMake package in '/home/mmaaz/ros2_ws/src/mycobot_ros2/mycobot_moveit_config'
[0.364s] INFO:colcon.colcon_core.shell:Skip shell extension 'powershell' for command environment: Not usable outside of PowerShell
[0.364s] DEBUG:colcon.colcon_core.shell:Skip shell extension 'dsv' for command environment
[0.367s] INFO:colcon.colcon_ros.task.ament_cmake.build:Building ROS package in '/home/mmaaz/ros2_ws/src/mycobot_ros2/mycobot_system_tests' with build type 'ament_cmake'
[0.367s] INFO:colcon.colcon_cmake.task.cmake.build:Building CMake package in '/home/mmaaz/ros2_ws/src/mycobot_ros2/mycobot_system_tests'
[0.367s] INFO:colcon.colcon_core.shell:Skip shell extension 'powershell' for command environment: Not usable outside of PowerShell
[0.367s] DEBUG:colcon.colcon_core.shell:Skip shell extension 'dsv' for command environment
[0.369s] INFO:colcon.colcon_ros.task.ament_cmake.build:Building ROS package in '/home/mmaaz/ros2_ws/src/mycobot_ros2/mycobot_moveit_demos' with build type 'ament_cmake'
[0.370s] INFO:colcon.colcon_cmake.task.cmake.build:Building CMake package in '/home/mmaaz/ros2_ws/src/mycobot_ros2/mycobot_moveit_demos'
[0.370s] INFO:colcon.colcon_core.shell:Skip shell extension 'powershell' for command environment: Not usable outside of PowerShell
[0.370s] DEBUG:colcon.colcon_core.shell:Skip shell extension 'dsv' for command environment
[0.372s] INFO:colcon.colcon_ros.task.ament_cmake.build:Building ROS package in '/home/mmaaz/ros2_ws/src/warehouse_ros_mongo' with build type 'ament_cmake'
[0.372s] INFO:colcon.colcon_cmake.task.cmake.build:Building CMake package in '/home/mmaaz/ros2_ws/src/warehouse_ros_mongo'
[0.372s] INFO:colcon.colcon_core.shell:Skip shell extension 'powershell' for command environment: Not usable outside of PowerShell
[0.372s] DEBUG:colcon.colcon_core.shell:Skip shell extension 'dsv' for command environment
[0.378s] DEBUG:colcon.colcon_core.event_handler.log_command:Invoking command in '/home/mmaaz/ros2_ws/build/moveit_task_constructor_msgs': CMAKE_PREFIX_PATH=${CMAKE_PREFIX_PATH}:/opt/ros/jazzy /usr/bin/cmake /home/mmaaz/ros2_ws/src/moveit_task_constructor/msgs -DAMENT_CMAKE_SYMLINK_INSTALL=1 -DCMAKE_INSTALL_PREFIX=/home/mmaaz/ros2_ws/install/moveit_task_constructor_msgs
[0.383s] DEBUG:colcon.colcon_core.event_handler.log_command:Invoking command in '/home/mmaaz/ros2_ws/build/rviz_marker_tools': CMAKE_PREFIX_PATH=${CMAKE_PREFIX_PATH}:/opt/ros/jazzy /usr/bin/cmake /home/mmaaz/ros2_ws/src/moveit_task_constructor/rviz_marker_tools -DAMENT_CMAKE_SYMLINK_INSTALL=1 -DCMAKE_INSTALL_PREFIX=/home/mmaaz/ros2_ws/install/rviz_marker_tools
[0.386s] DEBUG:colcon.colcon_core.event_handler.log_command:Invoking command in '/home/mmaaz/ros2_ws/build/mycobot_bringup': CMAKE_PREFIX_PATH=${CMAKE_PREFIX_PATH}:/opt/ros/jazzy /usr/bin/cmake /home/mmaaz/ros2_ws/src/mycobot_ros2/mycobot_bringup -DAMENT_CMAKE_SYMLINK_INSTALL=1 -DCMAKE_INSTALL_PREFIX=/home/mmaaz/ros2_ws/install/mycobot_bringup
[0.388s] DEBUG:colcon.colcon_core.event_handler.log_command:Invoking command in '/home/mmaaz/ros2_ws/build/mycobot_description': CMAKE_PREFIX_PATH=${CMAKE_PREFIX_PATH}:/opt/ros/jazzy /usr/bin/cmake /home/mmaaz/ros2_ws/src/mycobot_ros2/mycobot_description -DAMENT_CMAKE_SYMLINK_INSTALL=1 -DCMAKE_INSTALL_PREFIX=/home/mmaaz/ros2_ws/install/mycobot_description
[0.390s] DEBUG:colcon.colcon_core.event_handler.log_command:Invoking command in '/home/mmaaz/ros2_ws/build/mycobot_gazebo': CMAKE_PREFIX_PATH=${CMAKE_PREFIX_PATH}:/opt/ros/jazzy /usr/bin/cmake /home/mmaaz/ros2_ws/src/mycobot_ros2/mycobot_gazebo -DAMENT_CMAKE_SYMLINK_INSTALL=1 -DCMAKE_INSTALL_PREFIX=/home/mmaaz/ros2_ws/install/mycobot_gazebo
[0.393s] DEBUG:colcon.colcon_core.event_handler.log_command:Invoking command in '/home/mmaaz/ros2_ws/build/mycobot_interfaces': CMAKE_PREFIX_PATH=${CMAKE_PREFIX_PATH}:/opt/ros/jazzy /usr/bin/cmake /home/mmaaz/ros2_ws/src/mycobot_ros2/mycobot_interfaces -DAMENT_CMAKE_SYMLINK_INSTALL=1 -DCMAKE_INSTALL_PREFIX=/home/mmaaz/ros2_ws/install/mycobot_interfaces
[0.397s] DEBUG:colcon.colcon_core.event_handler.log_command:Invoking command in '/home/mmaaz/ros2_ws/build/mycobot_moveit_config': CMAKE_PREFIX_PATH=${CMAKE_PREFIX_PATH}:/opt/ros/jazzy /usr/bin/cmake /home/mmaaz/ros2_ws/src/mycobot_ros2/mycobot_moveit_config -DAMENT_CMAKE_SYMLINK_INSTALL=1 -DCMAKE_INSTALL_PREFIX=/home/mmaaz/ros2_ws/install/mycobot_moveit_config
[0.401s] DEBUG:colcon.colcon_core.event_handler.log_command:Invoking command in '/home/mmaaz/ros2_ws/build/mycobot_system_tests': CMAKE_PREFIX_PATH=${CMAKE_PREFIX_PATH}:/opt/ros/jazzy /usr/bin/cmake /home/mmaaz/ros2_ws/src/mycobot_ros2/mycobot_system_tests -DAMENT_CMAKE_SYMLINK_INSTALL=1 -DCMAKE_INSTALL_PREFIX=/home/mmaaz/ros2_ws/install/mycobot_system_tests
[0.402s] DEBUG:colcon.colcon_core.event_handler.log_command:Invoking command in '/home/mmaaz/ros2_ws/build/mycobot_moveit_demos': CMAKE_PREFIX_PATH=${CMAKE_PREFIX_PATH}:/opt/ros/jazzy /usr/bin/cmake /home/mmaaz/ros2_ws/src/mycobot_ros2/mycobot_moveit_demos -DAMENT_CMAKE_SYMLINK_INSTALL=1 -DCMAKE_INSTALL_PREFIX=/home/mmaaz/ros2_ws/install/mycobot_moveit_demos
[0.432s] DEBUG:colcon.colcon_core.event_handler.log_command:Invoking command in '/home/mmaaz/ros2_ws/build/warehouse_ros_mongo': CMAKE_PREFIX_PATH=${CMAKE_PREFIX_PATH}:/opt/ros/jazzy /usr/bin/cmake /home/mmaaz/ros2_ws/src/warehouse_ros_mongo -DAMENT_CMAKE_SYMLINK_INSTALL=1 -DCMAKE_INSTALL_PREFIX=/home/mmaaz/ros2_ws/install/warehouse_ros_mongo
[5.611s] DEBUG:colcon.colcon_core.event_handler.log_command:Invoked command in '/home/mmaaz/ros2_ws/build/mycobot_description' returned '0': CMAKE_PREFIX_PATH=${CMAKE_PREFIX_PATH}:/opt/ros/jazzy /usr/bin/cmake /home/mmaaz/ros2_ws/src/mycobot_ros2/mycobot_description -DAMENT_CMAKE_SYMLINK_INSTALL=1 -DCMAKE_INSTALL_PREFIX=/home/mmaaz/ros2_ws/install/mycobot_description
[5.613s] DEBUG:colcon.colcon_core.event_handler.log_command:Invoking command in '/home/mmaaz/ros2_ws/build/mycobot_description': CMAKE_PREFIX_PATH=${CMAKE_PREFIX_PATH}:/opt/ros/jazzy /usr/bin/cmake --build /home/mmaaz/ros2_ws/build/mycobot_description -- -j22 -l22
[5.659s] DEBUG:colcon.colcon_core.event_handler.log_command:Invoked command in '/home/mmaaz/ros2_ws/build/mycobot_description' returned '0': CMAKE_PREFIX_PATH=${CMAKE_PREFIX_PATH}:/opt/ros/jazzy /usr/bin/cmake --build /home/mmaaz/ros2_ws/build/mycobot_description -- -j22 -l22
[5.675s] DEBUG:colcon.colcon_core.event_handler.log_command:Invoking command in '/home/mmaaz/ros2_ws/build/mycobot_description': CMAKE_PREFIX_PATH=${CMAKE_PREFIX_PATH}:/opt/ros/jazzy /usr/bin/cmake --install /home/mmaaz/ros2_ws/build/mycobot_description
[6.173s] Level 1:colcon.colcon_core.environment:create_environment_scripts_only(mycobot_description)
[6.173s] DEBUG:colcon.colcon_core.event_handler.log_command:Invoked command in '/home/mmaaz/ros2_ws/build/mycobot_description' returned '0': CMAKE_PREFIX_PATH=${CMAKE_PREFIX_PATH}:/opt/ros/jazzy /usr/bin/cmake --install /home/mmaaz/ros2_ws/build/mycobot_description
[6.179s] Level 1:colcon.colcon_core.environment:checking '/home/mmaaz/ros2_ws/install/mycobot_description' for CMake module files
[6.180s] Level 1:colcon.colcon_core.environment:checking '/home/mmaaz/ros2_ws/install/mycobot_description' for CMake config files
[6.181s] Level 1:colcon.colcon_core.shell:create_environment_hook('mycobot_description', 'cmake_prefix_path')
[6.182s] INFO:colcon.colcon_core.shell:Creating environment hook '/home/mmaaz/ros2_ws/install/mycobot_description/share/mycobot_description/hook/cmake_prefix_path.ps1'
[6.182s] INFO:colcon.colcon_core.shell:Creating environment descriptor '/home/mmaaz/ros2_ws/install/mycobot_description/share/mycobot_description/hook/cmake_prefix_path.dsv'
[6.183s] INFO:colcon.colcon_core.shell:Creating environment hook '/home/mmaaz/ros2_ws/install/mycobot_description/share/mycobot_description/hook/cmake_prefix_path.sh'
[6.184s] Level 1:colcon.colcon_core.environment:checking '/home/mmaaz/ros2_ws/install/mycobot_description/bin'
[6.184s] Level 1:colcon.colcon_core.environment:checking '/home/mmaaz/ros2_ws/install/mycobot_description/lib/pkgconfig/mycobot_description.pc'
[6.184s] Level 1:colcon.colcon_core.environment:checking '/home/mmaaz/ros2_ws/install/mycobot_description/lib/python3.12/site-packages'
[6.185s] Level 1:colcon.colcon_core.environment:checking '/home/mmaaz/ros2_ws/install/mycobot_description/bin'
[6.185s] INFO:colcon.colcon_core.shell:Creating package script '/home/mmaaz/ros2_ws/install/mycobot_description/share/mycobot_description/package.ps1'
[6.186s] INFO:colcon.colcon_core.shell:Creating package descriptor '/home/mmaaz/ros2_ws/install/mycobot_description/share/mycobot_description/package.dsv'
[6.187s] INFO:colcon.colcon_core.shell:Creating package script '/home/mmaaz/ros2_ws/install/mycobot_description/share/mycobot_description/package.sh'
[6.188s] INFO:colcon.colcon_core.shell:Creating package script '/home/mmaaz/ros2_ws/install/mycobot_description/share/mycobot_description/package.bash'
[6.188s] INFO:colcon.colcon_core.shell:Creating package script '/home/mmaaz/ros2_ws/install/mycobot_description/share/mycobot_description/package.zsh'
[6.190s] Level 1:colcon.colcon_core.environment:create_file_with_runtime_dependencies(/home/mmaaz/ros2_ws/install/mycobot_description/share/colcon-core/packages/mycobot_description)
[6.191s] Level 1:colcon.colcon_core.environment:create_environment_scripts_only(mycobot_description)
[6.191s] Level 1:colcon.colcon_core.environment:checking '/home/mmaaz/ros2_ws/install/mycobot_description' for CMake module files
[6.192s] Level 1:colcon.colcon_core.environment:checking '/home/mmaaz/ros2_ws/install/mycobot_description' for CMake config files
[6.192s] Level 1:colcon.colcon_core.shell:create_environment_hook('mycobot_description', 'cmake_prefix_path')
[6.192s] INFO:colcon.colcon_core.shell:Creating environment hook '/home/mmaaz/ros2_ws/install/mycobot_description/share/mycobot_description/hook/cmake_prefix_path.ps1'
[6.193s] INFO:colcon.colcon_core.shell:Creating environment descriptor '/home/mmaaz/ros2_ws/install/mycobot_description/share/mycobot_description/hook/cmake_prefix_path.dsv'
[6.194s] INFO:colcon.colcon_core.shell:Creating environment hook '/home/mmaaz/ros2_ws/install/mycobot_description/share/mycobot_description/hook/cmake_prefix_path.sh'
[6.194s] Level 1:colcon.colcon_core.environment:checking '/home/mmaaz/ros2_ws/install/mycobot_description/bin'
[6.194s] Level 1:colcon.colcon_core.environment:checking '/home/mmaaz/ros2_ws/install/mycobot_description/lib/pkgconfig/mycobot_description.pc'
[6.195s] Level 1:colcon.colcon_core.environment:checking '/home/mmaaz/ros2_ws/install/mycobot_description/lib/python3.12/site-packages'
[6.195s] Level 1:colcon.colcon_core.environment:checking '/home/mmaaz/ros2_ws/install/mycobot_description/bin'
[6.195s] INFO:colcon.colcon_core.shell:Creating package script '/home/mmaaz/ros2_ws/install/mycobot_description/share/mycobot_description/package.ps1'
[6.196s] INFO:colcon.colcon_core.shell:Creating package descriptor '/home/mmaaz/ros2_ws/install/mycobot_description/share/mycobot_description/package.dsv'
[6.196s] INFO:colcon.colcon_core.shell:Creating package script '/home/mmaaz/ros2_ws/install/mycobot_description/share/mycobot_description/package.sh'
[6.197s] INFO:colcon.colcon_core.shell:Creating package script '/home/mmaaz/ros2_ws/install/mycobot_description/share/mycobot_description/package.bash'
[6.197s] INFO:colcon.colcon_core.shell:Creating package script '/home/mmaaz/ros2_ws/install/mycobot_description/share/mycobot_description/package.zsh'
[6.198s] Level 1:colcon.colcon_core.environment:create_file_with_runtime_dependencies(/home/mmaaz/ros2_ws/install/mycobot_description/share/colcon-core/packages/mycobot_description)
[6.201s] DEBUG:colcon.colcon_core.event_handler.log_command:Invoked command in '/home/mmaaz/ros2_ws/build/mycobot_bringup' returned '0': CMAKE_PREFIX_PATH=${CMAKE_PREFIX_PATH}:/opt/ros/jazzy /usr/bin/cmake /home/mmaaz/ros2_ws/src/mycobot_ros2/mycobot_bringup -DAMENT_CMAKE_SYMLINK_INSTALL=1 -DCMAKE_INSTALL_PREFIX=/home/mmaaz/ros2_ws/install/mycobot_bringup
[6.202s] DEBUG:colcon.colcon_core.event_handler.log_command:Invoking command in '/home/mmaaz/ros2_ws/build/mycobot_bringup': CMAKE_PREFIX_PATH=${CMAKE_PREFIX_PATH}:/opt/ros/jazzy /usr/bin/cmake --build /home/mmaaz/ros2_ws/build/mycobot_bringup -- -j22 -l22
[6.247s] DEBUG:colcon.colcon_core.event_handler.log_command:Invoked command in '/home/mmaaz/ros2_ws/build/mycobot_bringup' returned '0': CMAKE_PREFIX_PATH=${CMAKE_PREFIX_PATH}:/opt/ros/jazzy /usr/bin/cmake --build /home/mmaaz/ros2_ws/build/mycobot_bringup -- -j22 -l22
[6.249s] DEBUG:colcon.colcon_core.event_handler.log_command:Invoking command in '/home/mmaaz/ros2_ws/build/mycobot_bringup': CMAKE_PREFIX_PATH=${CMAKE_PREFIX_PATH}:/opt/ros/jazzy /usr/bin/cmake --install /home/mmaaz/ros2_ws/build/mycobot_bringup
[6.466s] Level 1:colcon.colcon_core.environment:create_environment_scripts_only(mycobot_bringup)
[6.466s] Level 1:colcon.colcon_core.environment:checking '/home/mmaaz/ros2_ws/install/mycobot_bringup' for CMake module files
[6.467s] DEBUG:colcon.colcon_core.event_handler.log_command:Invoked command in '/home/mmaaz/ros2_ws/build/mycobot_bringup' returned '0': CMAKE_PREFIX_PATH=${CMAKE_PREFIX_PATH}:/opt/ros/jazzy /usr/bin/cmake --install /home/mmaaz/ros2_ws/build/mycobot_bringup
[6.467s] Level 1:colcon.colcon_core.environment:checking '/home/mmaaz/ros2_ws/install/mycobot_bringup' for CMake config files
[6.467s] Level 1:colcon.colcon_core.shell:create_environment_hook('mycobot_bringup', 'cmake_prefix_path')
[6.467s] INFO:colcon.colcon_core.shell:Creating environment hook '/home/mmaaz/ros2_ws/install/mycobot_bringup/share/mycobot_bringup/hook/cmake_prefix_path.ps1'
[6.468s] INFO:colcon.colcon_core.shell:Creating environment descriptor '/home/mmaaz/ros2_ws/install/mycobot_bringup/share/mycobot_bringup/hook/cmake_prefix_path.dsv'
[6.468s] INFO:colcon.colcon_core.shell:Creating environment hook '/home/mmaaz/ros2_ws/install/mycobot_bringup/share/mycobot_bringup/hook/cmake_prefix_path.sh'
[6.468s] Level 1:colcon.colcon_core.environment:checking '/home/mmaaz/ros2_ws/install/mycobot_bringup/bin'
[6.469s] Level 1:colcon.colcon_core.environment:checking '/home/mmaaz/ros2_ws/install/mycobot_bringup/lib/pkgconfig/mycobot_bringup.pc'
[6.469s] Level 1:colcon.colcon_core.environment:checking '/home/mmaaz/ros2_ws/install/mycobot_bringup/lib/python3.12/site-packages'
[6.469s] Level 1:colcon.colcon_core.environment:checking '/home/mmaaz/ros2_ws/install/mycobot_bringup/bin'
[6.469s] INFO:colcon.colcon_core.shell:Creating package script '/home/mmaaz/ros2_ws/install/mycobot_bringup/share/mycobot_bringup/package.ps1'
[6.469s] INFO:colcon.colcon_core.shell:Creating package descriptor '/home/mmaaz/ros2_ws/install/mycobot_bringup/share/mycobot_bringup/package.dsv'
[6.470s] INFO:colcon.colcon_core.shell:Creating package script '/home/mmaaz/ros2_ws/install/mycobot_bringup/share/mycobot_bringup/package.sh'
[6.470s] INFO:colcon.colcon_core.shell:Creating package script '/home/mmaaz/ros2_ws/install/mycobot_bringup/share/mycobot_bringup/package.bash'
[6.470s] INFO:colcon.colcon_core.shell:Creating package script '/home/mmaaz/ros2_ws/install/mycobot_bringup/share/mycobot_bringup/package.zsh'
[6.470s] Level 1:colcon.colcon_core.environment:create_file_with_runtime_dependencies(/home/mmaaz/ros2_ws/install/mycobot_bringup/share/colcon-core/packages/mycobot_bringup)
[6.471s] Level 1:colcon.colcon_core.environment:create_environment_scripts_only(mycobot_bringup)
[6.471s] Level 1:colcon.colcon_core.environment:checking '/home/mmaaz/ros2_ws/install/mycobot_bringup' for CMake module files
[6.471s] Level 1:colcon.colcon_core.environment:checking '/home/mmaaz/ros2_ws/install/mycobot_bringup' for CMake config files
[6.471s] Level 1:colcon.colcon_core.shell:create_environment_hook('mycobot_bringup', 'cmake_prefix_path')
[6.471s] INFO:colcon.colcon_core.shell:Creating environment hook '/home/mmaaz/ros2_ws/install/mycobot_bringup/share/mycobot_bringup/hook/cmake_prefix_path.ps1'
[6.472s] INFO:colcon.colcon_core.shell:Creating environment descriptor '/home/mmaaz/ros2_ws/install/mycobot_bringup/share/mycobot_bringup/hook/cmake_prefix_path.dsv'
[6.472s] INFO:colcon.colcon_core.shell:Creating environment hook '/home/mmaaz/ros2_ws/install/mycobot_bringup/share/mycobot_bringup/hook/cmake_prefix_path.sh'
[6.474s] Level 1:colcon.colcon_core.environment:checking '/home/mmaaz/ros2_ws/install/mycobot_bringup/bin'
[6.474s] Level 1:colcon.colcon_core.environment:checking '/home/mmaaz/ros2_ws/install/mycobot_bringup/lib/pkgconfig/mycobot_bringup.pc'
[6.474s] Level 1:colcon.colcon_core.environment:checking '/home/mmaaz/ros2_ws/install/mycobot_bringup/lib/python3.12/site-packages'
[6.474s] Level 1:colcon.colcon_core.environment:checking '/home/mmaaz/ros2_ws/install/mycobot_bringup/bin'
[6.474s] INFO:colcon.colcon_core.shell:Creating package script '/home/mmaaz/ros2_ws/install/mycobot_bringup/share/mycobot_bringup/package.ps1'
[6.475s] INFO:colcon.colcon_core.shell:Creating package descriptor '/home/mmaaz/ros2_ws/install/mycobot_bringup/share/mycobot_bringup/package.dsv'
[6.475s] INFO:colcon.colcon_core.shell:Creating package script '/home/mmaaz/ros2_ws/install/mycobot_bringup/share/mycobot_bringup/package.sh'
[6.476s] INFO:colcon.colcon_core.shell:Creating package script '/home/mmaaz/ros2_ws/install/mycobot_bringup/share/mycobot_bringup/package.bash'
[6.476s] INFO:colcon.colcon_core.shell:Creating package script '/home/mmaaz/ros2_ws/install/mycobot_bringup/share/mycobot_bringup/package.zsh'
[6.476s] Level 1:colcon.colcon_core.environment:create_file_with_runtime_dependencies(/home/mmaaz/ros2_ws/install/mycobot_bringup/share/colcon-core/packages/mycobot_bringup)
[7.652s] DEBUG:colcon.colcon_core.event_handler.log_command:Invoked command in '/home/mmaaz/ros2_ws/build/rviz_marker_tools' returned '0': CMAKE_PREFIX_PATH=${CMAKE_PREFIX_PATH}:/opt/ros/jazzy /usr/bin/cmake /home/mmaaz/ros2_ws/src/moveit_task_constructor/rviz_marker_tools -DAMENT_CMAKE_SYMLINK_INSTALL=1 -DCMAKE_INSTALL_PREFIX=/home/mmaaz/ros2_ws/install/rviz_marker_tools
[7.653s] DEBUG:colcon.colcon_core.event_handler.log_command:Invoking command in '/home/mmaaz/ros2_ws/build/rviz_marker_tools': CMAKE_PREFIX_PATH=${CMAKE_PREFIX_PATH}:/opt/ros/jazzy /usr/bin/cmake --build /home/mmaaz/ros2_ws/build/rviz_marker_tools -- -j22 -l22
[7.944s] DEBUG:colcon.colcon_core.event_handler.log_command:Invoked command in '/home/mmaaz/ros2_ws/build/mycobot_system_tests' returned '0': CMAKE_PREFIX_PATH=${CMAKE_PREFIX_PATH}:/opt/ros/jazzy /usr/bin/cmake /home/mmaaz/ros2_ws/src/mycobot_ros2/mycobot_system_tests -DAMENT_CMAKE_SYMLINK_INSTALL=1 -DCMAKE_INSTALL_PREFIX=/home/mmaaz/ros2_ws/install/mycobot_system_tests
[7.945s] DEBUG:colcon.colcon_core.event_handler.log_command:Invoking command in '/home/mmaaz/ros2_ws/build/mycobot_system_tests': CMAKE_PREFIX_PATH=${CMAKE_PREFIX_PATH}:/opt/ros/jazzy /usr/bin/cmake --build /home/mmaaz/ros2_ws/build/mycobot_system_tests -- -j22 -l22
[9.589s] DEBUG:colcon.colcon_core.event_handler.log_command:Invoked command in '/home/mmaaz/ros2_ws/build/mycobot_gazebo' returned '0': CMAKE_PREFIX_PATH=${CMAKE_PREFIX_PATH}:/opt/ros/jazzy /usr/bin/cmake /home/mmaaz/ros2_ws/src/mycobot_ros2/mycobot_gazebo -DAMENT_CMAKE_SYMLINK_INSTALL=1 -DCMAKE_INSTALL_PREFIX=/home/mmaaz/ros2_ws/install/mycobot_gazebo
[9.592s] DEBUG:colcon.colcon_core.event_handler.log_command:Invoking command in '/home/mmaaz/ros2_ws/build/mycobot_gazebo': CMAKE_PREFIX_PATH=${CMAKE_PREFIX_PATH}:/opt/ros/jazzy /usr/bin/cmake --build /home/mmaaz/ros2_ws/build/mycobot_gazebo -- -j22 -l22
[9.658s] DEBUG:colcon.colcon_core.event_handler.log_command:Invoked command in '/home/mmaaz/ros2_ws/build/mycobot_gazebo' returned '0': CMAKE_PREFIX_PATH=${CMAKE_PREFIX_PATH}:/opt/ros/jazzy /usr/bin/cmake --build /home/mmaaz/ros2_ws/build/mycobot_gazebo -- -j22 -l22
[9.659s] DEBUG:colcon.colcon_core.event_handler.log_command:Invoking command in '/home/mmaaz/ros2_ws/build/mycobot_gazebo': CMAKE_PREFIX_PATH=${CMAKE_PREFIX_PATH}:/opt/ros/jazzy /usr/bin/cmake --install /home/mmaaz/ros2_ws/build/mycobot_gazebo
[13.243s] DEBUG:colcon.colcon_core.event_handler.log_command:Invoked command in '/home/mmaaz/ros2_ws/build/moveit_task_constructor_msgs' returned '0': CMAKE_PREFIX_PATH=${CMAKE_PREFIX_PATH}:/opt/ros/jazzy /usr/bin/cmake /home/mmaaz/ros2_ws/src/moveit_task_constructor/msgs -DAMENT_CMAKE_SYMLINK_INSTALL=1 -DCMAKE_INSTALL_PREFIX=/home/mmaaz/ros2_ws/install/moveit_task_constructor_msgs
[13.244s] DEBUG:colcon.colcon_core.event_handler.log_command:Invoking command in '/home/mmaaz/ros2_ws/build/moveit_task_constructor_msgs': CMAKE_PREFIX_PATH=${CMAKE_PREFIX_PATH}:/opt/ros/jazzy /usr/bin/cmake --build /home/mmaaz/ros2_ws/build/moveit_task_constructor_msgs -- -j22 -l22
[15.779s] DEBUG:colcon.colcon_core.event_handler.log_command:Invoked command in '/home/mmaaz/ros2_ws/build/mycobot_interfaces' returned '0': CMAKE_PREFIX_PATH=${CMAKE_PREFIX_PATH}:/opt/ros/jazzy /usr/bin/cmake /home/mmaaz/ros2_ws/src/mycobot_ros2/mycobot_interfaces -DAMENT_CMAKE_SYMLINK_INSTALL=1 -DCMAKE_INSTALL_PREFIX=/home/mmaaz/ros2_ws/install/mycobot_interfaces
[15.781s] DEBUG:colcon.colcon_core.event_handler.log_command:Invoking command in '/home/mmaaz/ros2_ws/build/mycobot_interfaces': CMAKE_PREFIX_PATH=${CMAKE_PREFIX_PATH}:/opt/ros/jazzy /usr/bin/cmake --build /home/mmaaz/ros2_ws/build/mycobot_interfaces -- -j22 -l22
[19.444s] DEBUG:colcon.colcon_core.event_handler.log_command:Invoked command in '/home/mmaaz/ros2_ws/build/warehouse_ros_mongo' returned '0': CMAKE_PREFIX_PATH=${CMAKE_PREFIX_PATH}:/opt/ros/jazzy /usr/bin/cmake /home/mmaaz/ros2_ws/src/warehouse_ros_mongo -DAMENT_CMAKE_SYMLINK_INSTALL=1 -DCMAKE_INSTALL_PREFIX=/home/mmaaz/ros2_ws/install/warehouse_ros_mongo
[19.446s] DEBUG:colcon.colcon_core.event_handler.log_command:Invoking command in '/home/mmaaz/ros2_ws/build/warehouse_ros_mongo': CMAKE_PREFIX_PATH=${CMAKE_PREFIX_PATH}:/opt/ros/jazzy /usr/bin/cmake --build /home/mmaaz/ros2_ws/build/warehouse_ros_mongo -- -j22 -l22
[19.533s] Level 1:colcon.colcon_core.environment:create_environment_scripts_only(mycobot_gazebo)
[19.534s] Level 1:colcon.colcon_core.environment:checking '/home/mmaaz/ros2_ws/install/mycobot_gazebo' for CMake module files
[19.535s] Level 1:colcon.colcon_core.environment:checking '/home/mmaaz/ros2_ws/install/mycobot_gazebo' for CMake config files
[19.535s] Level 1:colcon.colcon_core.shell:create_environment_hook('mycobot_gazebo', 'cmake_prefix_path')
[19.535s] INFO:colcon.colcon_core.shell:Creating environment hook '/home/mmaaz/ros2_ws/install/mycobot_gazebo/share/mycobot_gazebo/hook/cmake_prefix_path.ps1'
[19.537s] INFO:colcon.colcon_core.shell:Creating environment descriptor '/home/mmaaz/ros2_ws/install/mycobot_gazebo/share/mycobot_gazebo/hook/cmake_prefix_path.dsv'
[19.537s] DEBUG:colcon.colcon_core.event_handler.log_command:Invoked command in '/home/mmaaz/ros2_ws/build/mycobot_gazebo' returned '0': CMAKE_PREFIX_PATH=${CMAKE_PREFIX_PATH}:/opt/ros/jazzy /usr/bin/cmake --install /home/mmaaz/ros2_ws/build/mycobot_gazebo
[19.538s] INFO:colcon.colcon_core.shell:Creating environment hook '/home/mmaaz/ros2_ws/install/mycobot_gazebo/share/mycobot_gazebo/hook/cmake_prefix_path.sh'
[19.539s] Level 1:colcon.colcon_core.environment:checking '/home/mmaaz/ros2_ws/install/mycobot_gazebo/bin'
[19.539s] Level 1:colcon.colcon_core.environment:checking '/home/mmaaz/ros2_ws/install/mycobot_gazebo/lib/pkgconfig/mycobot_gazebo.pc'
[19.540s] Level 1:colcon.colcon_core.environment:checking '/home/mmaaz/ros2_ws/install/mycobot_gazebo/lib/python3.12/site-packages'
[19.540s] Level 1:colcon.colcon_core.environment:checking '/home/mmaaz/ros2_ws/install/mycobot_gazebo/bin'
[19.541s] INFO:colcon.colcon_core.shell:Creating package script '/home/mmaaz/ros2_ws/install/mycobot_gazebo/share/mycobot_gazebo/package.ps1'
[19.541s] INFO:colcon.colcon_core.shell:Creating package descriptor '/home/mmaaz/ros2_ws/install/mycobot_gazebo/share/mycobot_gazebo/package.dsv'
[19.542s] INFO:colcon.colcon_core.shell:Creating package script '/home/mmaaz/ros2_ws/install/mycobot_gazebo/share/mycobot_gazebo/package.sh'
[19.543s] INFO:colcon.colcon_core.shell:Creating package script '/home/mmaaz/ros2_ws/install/mycobot_gazebo/share/mycobot_gazebo/package.bash'
[19.543s] INFO:colcon.colcon_core.shell:Creating package script '/home/mmaaz/ros2_ws/install/mycobot_gazebo/share/mycobot_gazebo/package.zsh'
[19.544s] Level 1:colcon.colcon_core.environment:create_file_with_runtime_dependencies(/home/mmaaz/ros2_ws/install/mycobot_gazebo/share/colcon-core/packages/mycobot_gazebo)
[19.545s] Level 1:colcon.colcon_core.environment:create_environment_scripts_only(mycobot_gazebo)
[19.545s] Level 1:colcon.colcon_core.environment:checking '/home/mmaaz/ros2_ws/install/mycobot_gazebo' for CMake module files
[19.547s] Level 1:colcon.colcon_core.environment:checking '/home/mmaaz/ros2_ws/install/mycobot_gazebo' for CMake config files
[19.548s] Level 1:colcon.colcon_core.shell:create_environment_hook('mycobot_gazebo', 'cmake_prefix_path')
[19.548s] INFO:colcon.colcon_core.shell:Creating environment hook '/home/mmaaz/ros2_ws/install/mycobot_gazebo/share/mycobot_gazebo/hook/cmake_prefix_path.ps1'
[19.549s] INFO:colcon.colcon_core.shell:Creating environment descriptor '/home/mmaaz/ros2_ws/install/mycobot_gazebo/share/mycobot_gazebo/hook/cmake_prefix_path.dsv'
[19.550s] INFO:colcon.colcon_core.shell:Creating environment hook '/home/mmaaz/ros2_ws/install/mycobot_gazebo/share/mycobot_gazebo/hook/cmake_prefix_path.sh'
[19.551s] Level 1:colcon.colcon_core.environment:checking '/home/mmaaz/ros2_ws/install/mycobot_gazebo/bin'
[19.551s] Level 1:colcon.colcon_core.environment:checking '/home/mmaaz/ros2_ws/install/mycobot_gazebo/lib/pkgconfig/mycobot_gazebo.pc'
[19.552s] Level 1:colcon.colcon_core.environment:checking '/home/mmaaz/ros2_ws/install/mycobot_gazebo/lib/python3.12/site-packages'
[19.552s] Level 1:colcon.colcon_core.environment:checking '/home/mmaaz/ros2_ws/install/mycobot_gazebo/bin'
[19.553s] INFO:colcon.colcon_core.shell:Creating package script '/home/mmaaz/ros2_ws/install/mycobot_gazebo/share/mycobot_gazebo/package.ps1'
[19.554s] INFO:colcon.colcon_core.shell:Creating package descriptor '/home/mmaaz/ros2_ws/install/mycobot_gazebo/share/mycobot_gazebo/package.dsv'
[19.557s] INFO:colcon.colcon_core.shell:Creating package script '/home/mmaaz/ros2_ws/install/mycobot_gazebo/share/mycobot_gazebo/package.sh'
[19.558s] INFO:colcon.colcon_core.shell:Creating package script '/home/mmaaz/ros2_ws/install/mycobot_gazebo/share/mycobot_gazebo/package.bash'
[19.559s] INFO:colcon.colcon_core.shell:Creating package script '/home/mmaaz/ros2_ws/install/mycobot_gazebo/share/mycobot_gazebo/package.zsh'
[19.560s] Level 1:colcon.colcon_core.environment:create_file_with_runtime_dependencies(/home/mmaaz/ros2_ws/install/mycobot_gazebo/share/colcon-core/packages/mycobot_gazebo)
[22.523s] DEBUG:colcon.colcon_core.event_handler.log_command:Invoked command in '/home/mmaaz/ros2_ws/build/rviz_marker_tools' returned '0': CMAKE_PREFIX_PATH=${CMAKE_PREFIX_PATH}:/opt/ros/jazzy /usr/bin/cmake --build /home/mmaaz/ros2_ws/build/rviz_marker_tools -- -j22 -l22
[22.523s] DEBUG:colcon.colcon_core.event_handler.log_command:Invoking command in '/home/mmaaz/ros2_ws/build/rviz_marker_tools': CMAKE_PREFIX_PATH=${CMAKE_PREFIX_PATH}:/opt/ros/jazzy /usr/bin/cmake --install /home/mmaaz/ros2_ws/build/rviz_marker_tools
[23.998s] Level 1:colcon.colcon_core.environment:create_environment_scripts_only(rviz_marker_tools)
[23.998s] Level 1:colcon.colcon_core.environment:checking '/home/mmaaz/ros2_ws/install/rviz_marker_tools' for CMake module files
[23.999s] Level 1:colcon.colcon_core.environment:checking '/home/mmaaz/ros2_ws/install/rviz_marker_tools' for CMake config files
[24.000s] Level 1:colcon.colcon_core.shell:create_environment_hook('rviz_marker_tools', 'cmake_prefix_path')
[24.001s] INFO:colcon.colcon_core.shell:Creating environment hook '/home/mmaaz/ros2_ws/install/rviz_marker_tools/share/rviz_marker_tools/hook/cmake_prefix_path.ps1'
[24.002s] INFO:colcon.colcon_core.shell:Creating environment descriptor '/home/mmaaz/ros2_ws/install/rviz_marker_tools/share/rviz_marker_tools/hook/cmake_prefix_path.dsv'
[24.002s] INFO:colcon.colcon_core.shell:Creating environment hook '/home/mmaaz/ros2_ws/install/rviz_marker_tools/share/rviz_marker_tools/hook/cmake_prefix_path.sh'
[24.003s] Level 1:colcon.colcon_core.environment:checking '/home/mmaaz/ros2_ws/install/rviz_marker_tools/lib'
[24.004s] Level 1:colcon.colcon_core.shell:create_environment_hook('rviz_marker_tools', 'ld_library_path_lib')
[24.004s] INFO:colcon.colcon_core.shell:Creating environment hook '/home/mmaaz/ros2_ws/install/rviz_marker_tools/share/rviz_marker_tools/hook/ld_library_path_lib.ps1'
[24.005s] DEBUG:colcon.colcon_core.event_handler.log_command:Invoked command in '/home/mmaaz/ros2_ws/build/rviz_marker_tools' returned '0': CMAKE_PREFIX_PATH=${CMAKE_PREFIX_PATH}:/opt/ros/jazzy /usr/bin/cmake --install /home/mmaaz/ros2_ws/build/rviz_marker_tools
[24.006s] INFO:colcon.colcon_core.shell:Creating environment descriptor '/home/mmaaz/ros2_ws/install/rviz_marker_tools/share/rviz_marker_tools/hook/ld_library_path_lib.dsv'
[24.006s] INFO:colcon.colcon_core.shell:Creating environment hook '/home/mmaaz/ros2_ws/install/rviz_marker_tools/share/rviz_marker_tools/hook/ld_library_path_lib.sh'
[24.007s] Level 1:colcon.colcon_core.environment:checking '/home/mmaaz/ros2_ws/install/rviz_marker_tools/bin'
[24.007s] Level 1:colcon.colcon_core.environment:checking '/home/mmaaz/ros2_ws/install/rviz_marker_tools/lib/pkgconfig/rviz_marker_tools.pc'
[24.008s] Level 1:colcon.colcon_core.environment:checking '/home/mmaaz/ros2_ws/install/rviz_marker_tools/lib/python3.12/site-packages'
[24.008s] Level 1:colcon.colcon_core.environment:checking '/home/mmaaz/ros2_ws/install/rviz_marker_tools/bin'
[24.008s] INFO:colcon.colcon_core.shell:Creating package script '/home/mmaaz/ros2_ws/install/rviz_marker_tools/share/rviz_marker_tools/package.ps1'
[24.012s] INFO:colcon.colcon_core.shell:Creating package descriptor '/home/mmaaz/ros2_ws/install/rviz_marker_tools/share/rviz_marker_tools/package.dsv'
[24.013s] INFO:colcon.colcon_core.shell:Creating package script '/home/mmaaz/ros2_ws/install/rviz_marker_tools/share/rviz_marker_tools/package.sh'
[24.014s] INFO:colcon.colcon_core.shell:Creating package script '/home/mmaaz/ros2_ws/install/rviz_marker_tools/share/rviz_marker_tools/package.bash'
[24.015s] INFO:colcon.colcon_core.shell:Creating package script '/home/mmaaz/ros2_ws/install/rviz_marker_tools/share/rviz_marker_tools/package.zsh'
[24.016s] Level 1:colcon.colcon_core.environment:create_file_with_runtime_dependencies(/home/mmaaz/ros2_ws/install/rviz_marker_tools/share/colcon-core/packages/rviz_marker_tools)
[24.045s] Level 1:colcon.colcon_core.environment:create_environment_scripts_only(rviz_marker_tools)
[24.046s] Level 1:colcon.colcon_core.environment:checking '/home/mmaaz/ros2_ws/install/rviz_marker_tools' for CMake module files
[24.047s] Level 1:colcon.colcon_core.environment:checking '/home/mmaaz/ros2_ws/install/rviz_marker_tools' for CMake config files
[24.050s] Level 1:colcon.colcon_core.shell:create_environment_hook('rviz_marker_tools', 'cmake_prefix_path')
[24.050s] INFO:colcon.colcon_core.shell:Creating environment hook '/home/mmaaz/ros2_ws/install/rviz_marker_tools/share/rviz_marker_tools/hook/cmake_prefix_path.ps1'
[24.051s] INFO:colcon.colcon_core.shell:Creating environment descriptor '/home/mmaaz/ros2_ws/install/rviz_marker_tools/share/rviz_marker_tools/hook/cmake_prefix_path.dsv'
[24.052s] INFO:colcon.colcon_core.shell:Creating environment hook '/home/mmaaz/ros2_ws/install/rviz_marker_tools/share/rviz_marker_tools/hook/cmake_prefix_path.sh'
[24.053s] Level 1:colcon.colcon_core.environment:checking '/home/mmaaz/ros2_ws/install/rviz_marker_tools/lib'
[24.053s] Level 1:colcon.colcon_core.shell:create_environment_hook('rviz_marker_tools', 'ld_library_path_lib')
[24.053s] INFO:colcon.colcon_core.shell:Creating environment hook '/home/mmaaz/ros2_ws/install/rviz_marker_tools/share/rviz_marker_tools/hook/ld_library_path_lib.ps1'
[24.054s] INFO:colcon.colcon_core.shell:Creating environment descriptor '/home/mmaaz/ros2_ws/install/rviz_marker_tools/share/rviz_marker_tools/hook/ld_library_path_lib.dsv'
[24.055s] INFO:colcon.colcon_core.shell:Creating environment hook '/home/mmaaz/ros2_ws/install/rviz_marker_tools/share/rviz_marker_tools/hook/ld_library_path_lib.sh'
[24.056s] Level 1:colcon.colcon_core.environment:checking '/home/mmaaz/ros2_ws/install/rviz_marker_tools/bin'
[24.056s] Level 1:colcon.colcon_core.environment:checking '/home/mmaaz/ros2_ws/install/rviz_marker_tools/lib/pkgconfig/rviz_marker_tools.pc'
[24.057s] Level 1:colcon.colcon_core.environment:checking '/home/mmaaz/ros2_ws/install/rviz_marker_tools/lib/python3.12/site-packages'
[24.057s] Level 1:colcon.colcon_core.environment:checking '/home/mmaaz/ros2_ws/install/rviz_marker_tools/bin'
[24.058s] INFO:colcon.colcon_core.shell:Creating package script '/home/mmaaz/ros2_ws/install/rviz_marker_tools/share/rviz_marker_tools/package.ps1'
[24.059s] INFO:colcon.colcon_core.shell:Creating package descriptor '/home/mmaaz/ros2_ws/install/rviz_marker_tools/share/rviz_marker_tools/package.dsv'
[24.060s] INFO:colcon.colcon_core.shell:Creating package script '/home/mmaaz/ros2_ws/install/rviz_marker_tools/share/rviz_marker_tools/package.sh'
[24.061s] INFO:colcon.colcon_core.shell:Creating package script '/home/mmaaz/ros2_ws/install/rviz_marker_tools/share/rviz_marker_tools/package.bash'
[24.062s] INFO:colcon.colcon_core.shell:Creating package script '/home/mmaaz/ros2_ws/install/rviz_marker_tools/share/rviz_marker_tools/package.zsh'
[24.063s] Level 1:colcon.colcon_core.environment:create_file_with_runtime_dependencies(/home/mmaaz/ros2_ws/install/rviz_marker_tools/share/colcon-core/packages/rviz_marker_tools)
[27.052s] DEBUG:colcon.colcon_core.event_handler.log_command:Invoked command in '/home/mmaaz/ros2_ws/build/mycobot_system_tests' returned '0': CMAKE_PREFIX_PATH=${CMAKE_PREFIX_PATH}:/opt/ros/jazzy /usr/bin/cmake --build /home/mmaaz/ros2_ws/build/mycobot_system_tests -- -j22 -l22
[27.055s] DEBUG:colcon.colcon_core.event_handler.log_command:Invoking command in '/home/mmaaz/ros2_ws/build/mycobot_system_tests': CMAKE_PREFIX_PATH=${CMAKE_PREFIX_PATH}:/opt/ros/jazzy /usr/bin/cmake --install /home/mmaaz/ros2_ws/build/mycobot_system_tests
[27.458s] Level 1:colcon.colcon_core.environment:create_environment_scripts_only(mycobot_system_tests)
[27.458s] Level 1:colcon.colcon_core.environment:checking '/home/mmaaz/ros2_ws/install/mycobot_system_tests' for CMake module files
[27.461s] DEBUG:colcon.colcon_core.event_handler.log_command:Invoked command in '/home/mmaaz/ros2_ws/build/mycobot_system_tests' returned '0': CMAKE_PREFIX_PATH=${CMAKE_PREFIX_PATH}:/opt/ros/jazzy /usr/bin/cmake --install /home/mmaaz/ros2_ws/build/mycobot_system_tests
[27.462s] Level 1:colcon.colcon_core.environment:checking '/home/mmaaz/ros2_ws/install/mycobot_system_tests' for CMake config files
[27.463s] Level 1:colcon.colcon_core.shell:create_environment_hook('mycobot_system_tests', 'cmake_prefix_path')
[27.464s] INFO:colcon.colcon_core.shell:Creating environment hook '/home/mmaaz/ros2_ws/install/mycobot_system_tests/share/mycobot_system_tests/hook/cmake_prefix_path.ps1'
[27.465s] INFO:colcon.colcon_core.shell:Creating environment descriptor '/home/mmaaz/ros2_ws/install/mycobot_system_tests/share/mycobot_system_tests/hook/cmake_prefix_path.dsv'
[27.471s] INFO:colcon.colcon_core.shell:Creating environment hook '/home/mmaaz/ros2_ws/install/mycobot_system_tests/share/mycobot_system_tests/hook/cmake_prefix_path.sh'
[27.473s] Level 1:colcon.colcon_core.environment:checking '/home/mmaaz/ros2_ws/install/mycobot_system_tests/lib'
[27.473s] Level 1:colcon.colcon_core.environment:checking '/home/mmaaz/ros2_ws/install/mycobot_system_tests/bin'
[27.473s] Level 1:colcon.colcon_core.environment:checking '/home/mmaaz/ros2_ws/install/mycobot_system_tests/lib/pkgconfig/mycobot_system_tests.pc'
[27.474s] Level 1:colcon.colcon_core.environment:checking '/home/mmaaz/ros2_ws/install/mycobot_system_tests/lib/python3.12/site-packages'
[27.474s] Level 1:colcon.colcon_core.environment:checking '/home/mmaaz/ros2_ws/install/mycobot_system_tests/bin'
[27.475s] INFO:colcon.colcon_core.shell:Creating package script '/home/mmaaz/ros2_ws/install/mycobot_system_tests/share/mycobot_system_tests/package.ps1'
[27.476s] INFO:colcon.colcon_core.shell:Creating package descriptor '/home/mmaaz/ros2_ws/install/mycobot_system_tests/share/mycobot_system_tests/package.dsv'
[27.486s] INFO:colcon.colcon_core.shell:Creating package script '/home/mmaaz/ros2_ws/install/mycobot_system_tests/share/mycobot_system_tests/package.sh'
[27.487s] INFO:colcon.colcon_core.shell:Creating package script '/home/mmaaz/ros2_ws/install/mycobot_system_tests/share/mycobot_system_tests/package.bash'
[27.488s] INFO:colcon.colcon_core.shell:Creating package script '/home/mmaaz/ros2_ws/install/mycobot_system_tests/share/mycobot_system_tests/package.zsh'
[27.489s] Level 1:colcon.colcon_core.environment:create_file_with_runtime_dependencies(/home/mmaaz/ros2_ws/install/mycobot_system_tests/share/colcon-core/packages/mycobot_system_tests)
[27.490s] Level 1:colcon.colcon_core.environment:create_environment_scripts_only(mycobot_system_tests)
[27.491s] Level 1:colcon.colcon_core.environment:checking '/home/mmaaz/ros2_ws/install/mycobot_system_tests' for CMake module files
[27.492s] Level 1:colcon.colcon_core.environment:checking '/home/mmaaz/ros2_ws/install/mycobot_system_tests' for CMake config files
[27.492s] Level 1:colcon.colcon_core.shell:create_environment_hook('mycobot_system_tests', 'cmake_prefix_path')
[27.493s] INFO:colcon.colcon_core.shell:Creating environment hook '/home/mmaaz/ros2_ws/install/mycobot_system_tests/share/mycobot_system_tests/hook/cmake_prefix_path.ps1'
[27.494s] INFO:colcon.colcon_core.shell:Creating environment descriptor '/home/mmaaz/ros2_ws/install/mycobot_system_tests/share/mycobot_system_tests/hook/cmake_prefix_path.dsv'
[27.495s] INFO:colcon.colcon_core.shell:Creating environment hook '/home/mmaaz/ros2_ws/install/mycobot_system_tests/share/mycobot_system_tests/hook/cmake_prefix_path.sh'
[27.505s] Level 1:colcon.colcon_core.environment:checking '/home/mmaaz/ros2_ws/install/mycobot_system_tests/lib'
[27.505s] Level 1:colcon.colcon_core.environment:checking '/home/mmaaz/ros2_ws/install/mycobot_system_tests/bin'
[27.505s] Level 1:colcon.colcon_core.environment:checking '/home/mmaaz/ros2_ws/install/mycobot_system_tests/lib/pkgconfig/mycobot_system_tests.pc'
[27.506s] Level 1:colcon.colcon_core.environment:checking '/home/mmaaz/ros2_ws/install/mycobot_system_tests/lib/python3.12/site-packages'
[27.506s] Level 1:colcon.colcon_core.environment:checking '/home/mmaaz/ros2_ws/install/mycobot_system_tests/bin'
[27.507s] INFO:colcon.colcon_core.shell:Creating package script '/home/mmaaz/ros2_ws/install/mycobot_system_tests/share/mycobot_system_tests/package.ps1'
[27.508s] INFO:colcon.colcon_core.shell:Creating package descriptor '/home/mmaaz/ros2_ws/install/mycobot_system_tests/share/mycobot_system_tests/package.dsv'
[27.509s] INFO:colcon.colcon_core.shell:Creating package script '/home/mmaaz/ros2_ws/install/mycobot_system_tests/share/mycobot_system_tests/package.sh'
[27.510s] INFO:colcon.colcon_core.shell:Creating package script '/home/mmaaz/ros2_ws/install/mycobot_system_tests/share/mycobot_system_tests/package.bash'
[27.511s] INFO:colcon.colcon_core.shell:Creating package script '/home/mmaaz/ros2_ws/install/mycobot_system_tests/share/mycobot_system_tests/package.zsh'
[27.512s] Level 1:colcon.colcon_core.environment:create_file_with_runtime_dependencies(/home/mmaaz/ros2_ws/install/mycobot_system_tests/share/colcon-core/packages/mycobot_system_tests)
[28.185s] DEBUG:colcon.colcon_core.event_handler.log_command:Invoked command in '/home/mmaaz/ros2_ws/build/mycobot_interfaces' returned '0': CMAKE_PREFIX_PATH=${CMAKE_PREFIX_PATH}:/opt/ros/jazzy /usr/bin/cmake --build /home/mmaaz/ros2_ws/build/mycobot_interfaces -- -j22 -l22
[28.187s] DEBUG:colcon.colcon_core.event_handler.log_command:Invoking command in '/home/mmaaz/ros2_ws/build/mycobot_interfaces': CMAKE_PREFIX_PATH=${CMAKE_PREFIX_PATH}:/opt/ros/jazzy /usr/bin/cmake --install /home/mmaaz/ros2_ws/build/mycobot_interfaces
[29.148s] Level 1:colcon.colcon_core.environment:create_environment_scripts_only(mycobot_interfaces)
[29.149s] Level 1:colcon.colcon_core.environment:checking '/home/mmaaz/ros2_ws/install/mycobot_interfaces' for CMake module files
[29.150s] DEBUG:colcon.colcon_core.event_handler.log_command:Invoked command in '/home/mmaaz/ros2_ws/build/mycobot_interfaces' returned '0': CMAKE_PREFIX_PATH=${CMAKE_PREFIX_PATH}:/opt/ros/jazzy /usr/bin/cmake --install /home/mmaaz/ros2_ws/build/mycobot_interfaces
[29.151s] Level 1:colcon.colcon_core.environment:checking '/home/mmaaz/ros2_ws/install/mycobot_interfaces' for CMake config files
[29.151s] Level 1:colcon.colcon_core.shell:create_environment_hook('mycobot_interfaces', 'cmake_prefix_path')
[29.151s] INFO:colcon.colcon_core.shell:Creating environment hook '/home/mmaaz/ros2_ws/install/mycobot_interfaces/share/mycobot_interfaces/hook/cmake_prefix_path.ps1'
[29.152s] INFO:colcon.colcon_core.shell:Creating environment descriptor '/home/mmaaz/ros2_ws/install/mycobot_interfaces/share/mycobot_interfaces/hook/cmake_prefix_path.dsv'
[29.153s] INFO:colcon.colcon_core.shell:Creating environment hook '/home/mmaaz/ros2_ws/install/mycobot_interfaces/share/mycobot_interfaces/hook/cmake_prefix_path.sh'
[29.153s] Level 1:colcon.colcon_core.environment:checking '/home/mmaaz/ros2_ws/install/mycobot_interfaces/lib'
[29.153s] Level 1:colcon.colcon_core.shell:create_environment_hook('mycobot_interfaces', 'ld_library_path_lib')
[29.154s] INFO:colcon.colcon_core.shell:Creating environment hook '/home/mmaaz/ros2_ws/install/mycobot_interfaces/share/mycobot_interfaces/hook/ld_library_path_lib.ps1'
[29.154s] INFO:colcon.colcon_core.shell:Creating environment descriptor '/home/mmaaz/ros2_ws/install/mycobot_interfaces/share/mycobot_interfaces/hook/ld_library_path_lib.dsv'
[29.154s] INFO:colcon.colcon_core.shell:Creating environment hook '/home/mmaaz/ros2_ws/install/mycobot_interfaces/share/mycobot_interfaces/hook/ld_library_path_lib.sh'
[29.155s] Level 1:colcon.colcon_core.environment:checking '/home/mmaaz/ros2_ws/install/mycobot_interfaces/bin'
[29.155s] Level 1:colcon.colcon_core.environment:checking '/home/mmaaz/ros2_ws/install/mycobot_interfaces/lib/pkgconfig/mycobot_interfaces.pc'
[29.155s] Level 1:colcon.colcon_core.environment:checking '/home/mmaaz/ros2_ws/install/mycobot_interfaces/lib/python3.12/site-packages'
[29.155s] Level 1:colcon.colcon_core.shell:create_environment_hook('mycobot_interfaces', 'pythonpath')
[29.155s] INFO:colcon.colcon_core.shell:Creating environment hook '/home/mmaaz/ros2_ws/install/mycobot_interfaces/share/mycobot_interfaces/hook/pythonpath.ps1'
[29.156s] INFO:colcon.colcon_core.shell:Creating environment descriptor '/home/mmaaz/ros2_ws/install/mycobot_interfaces/share/mycobot_interfaces/hook/pythonpath.dsv'
[29.156s] INFO:colcon.colcon_core.shell:Creating environment hook '/home/mmaaz/ros2_ws/install/mycobot_interfaces/share/mycobot_interfaces/hook/pythonpath.sh'
[29.157s] Level 1:colcon.colcon_core.environment:checking '/home/mmaaz/ros2_ws/install/mycobot_interfaces/bin'
[29.157s] INFO:colcon.colcon_core.shell:Creating package script '/home/mmaaz/ros2_ws/install/mycobot_interfaces/share/mycobot_interfaces/package.ps1'
[29.158s] INFO:colcon.colcon_core.shell:Creating package descriptor '/home/mmaaz/ros2_ws/install/mycobot_interfaces/share/mycobot_interfaces/package.dsv'
[29.158s] INFO:colcon.colcon_core.shell:Creating package script '/home/mmaaz/ros2_ws/install/mycobot_interfaces/share/mycobot_interfaces/package.sh'
[29.159s] INFO:colcon.colcon_core.shell:Creating package script '/home/mmaaz/ros2_ws/install/mycobot_interfaces/share/mycobot_interfaces/package.bash'
[29.159s] INFO:colcon.colcon_core.shell:Creating package script '/home/mmaaz/ros2_ws/install/mycobot_interfaces/share/mycobot_interfaces/package.zsh'
[29.160s] Level 1:colcon.colcon_core.environment:create_file_with_runtime_dependencies(/home/mmaaz/ros2_ws/install/mycobot_interfaces/share/colcon-core/packages/mycobot_interfaces)
[29.161s] Level 1:colcon.colcon_core.environment:create_environment_scripts_only(mycobot_interfaces)
[29.161s] Level 1:colcon.colcon_core.environment:checking '/home/mmaaz/ros2_ws/install/mycobot_interfaces' for CMake module files
[29.161s] Level 1:colcon.colcon_core.environment:checking '/home/mmaaz/ros2_ws/install/mycobot_interfaces' for CMake config files
[29.162s] Level 1:colcon.colcon_core.shell:create_environment_hook('mycobot_interfaces', 'cmake_prefix_path')
[29.162s] INFO:colcon.colcon_core.shell:Creating environment hook '/home/mmaaz/ros2_ws/install/mycobot_interfaces/share/mycobot_interfaces/hook/cmake_prefix_path.ps1'
[29.163s] INFO:colcon.colcon_core.shell:Creating environment descriptor '/home/mmaaz/ros2_ws/install/mycobot_interfaces/share/mycobot_interfaces/hook/cmake_prefix_path.dsv'
[29.164s] INFO:colcon.colcon_core.shell:Creating environment hook '/home/mmaaz/ros2_ws/install/mycobot_interfaces/share/mycobot_interfaces/hook/cmake_prefix_path.sh'
[29.165s] Level 1:colcon.colcon_core.environment:checking '/home/mmaaz/ros2_ws/install/mycobot_interfaces/lib'
[29.165s] Level 1:colcon.colcon_core.shell:create_environment_hook('mycobot_interfaces', 'ld_library_path_lib')
[29.166s] INFO:colcon.colcon_core.shell:Creating environment hook '/home/mmaaz/ros2_ws/install/mycobot_interfaces/share/mycobot_interfaces/hook/ld_library_path_lib.ps1'
[29.166s] INFO:colcon.colcon_core.shell:Creating environment descriptor '/home/mmaaz/ros2_ws/install/mycobot_interfaces/share/mycobot_interfaces/hook/ld_library_path_lib.dsv'
[29.167s] INFO:colcon.colcon_core.shell:Creating environment hook '/home/mmaaz/ros2_ws/install/mycobot_interfaces/share/mycobot_interfaces/hook/ld_library_path_lib.sh'
[29.168s] Level 1:colcon.colcon_core.environment:checking '/home/mmaaz/ros2_ws/install/mycobot_interfaces/bin'
[29.168s] Level 1:colcon.colcon_core.environment:checking '/home/mmaaz/ros2_ws/install/mycobot_interfaces/lib/pkgconfig/mycobot_interfaces.pc'
[29.168s] Level 1:colcon.colcon_core.environment:checking '/home/mmaaz/ros2_ws/install/mycobot_interfaces/lib/python3.12/site-packages'
[29.168s] Level 1:colcon.colcon_core.shell:create_environment_hook('mycobot_interfaces', 'pythonpath')
[29.168s] INFO:colcon.colcon_core.shell:Creating environment hook '/home/mmaaz/ros2_ws/install/mycobot_interfaces/share/mycobot_interfaces/hook/pythonpath.ps1'
[29.169s] INFO:colcon.colcon_core.shell:Creating environment descriptor '/home/mmaaz/ros2_ws/install/mycobot_interfaces/share/mycobot_interfaces/hook/pythonpath.dsv'
[29.170s] INFO:colcon.colcon_core.shell:Creating environment hook '/home/mmaaz/ros2_ws/install/mycobot_interfaces/share/mycobot_interfaces/hook/pythonpath.sh'
[29.171s] Level 1:colcon.colcon_core.environment:checking '/home/mmaaz/ros2_ws/install/mycobot_interfaces/bin'
[29.171s] INFO:colcon.colcon_core.shell:Creating package script '/home/mmaaz/ros2_ws/install/mycobot_interfaces/share/mycobot_interfaces/package.ps1'
[29.172s] INFO:colcon.colcon_core.shell:Creating package descriptor '/home/mmaaz/ros2_ws/install/mycobot_interfaces/share/mycobot_interfaces/package.dsv'
[29.173s] INFO:colcon.colcon_core.shell:Creating package script '/home/mmaaz/ros2_ws/install/mycobot_interfaces/share/mycobot_interfaces/package.sh'
[29.174s] INFO:colcon.colcon_core.shell:Creating package script '/home/mmaaz/ros2_ws/install/mycobot_interfaces/share/mycobot_interfaces/package.bash'
[29.175s] INFO:colcon.colcon_core.shell:Creating package script '/home/mmaaz/ros2_ws/install/mycobot_interfaces/share/mycobot_interfaces/package.zsh'
[29.175s] Level 1:colcon.colcon_core.environment:create_file_with_runtime_dependencies(/home/mmaaz/ros2_ws/install/mycobot_interfaces/share/colcon-core/packages/mycobot_interfaces)
[34.178s] DEBUG:colcon.colcon_core.event_handler.log_command:Invoked command in '/home/mmaaz/ros2_ws/build/moveit_task_constructor_msgs' returned '0': CMAKE_PREFIX_PATH=${CMAKE_PREFIX_PATH}:/opt/ros/jazzy /usr/bin/cmake --build /home/mmaaz/ros2_ws/build/moveit_task_constructor_msgs -- -j22 -l22
[34.179s] DEBUG:colcon.colcon_core.event_handler.log_command:Invoking command in '/home/mmaaz/ros2_ws/build/moveit_task_constructor_msgs': CMAKE_PREFIX_PATH=${CMAKE_PREFIX_PATH}:/opt/ros/jazzy /usr/bin/cmake --install /home/mmaaz/ros2_ws/build/moveit_task_constructor_msgs
[36.803s] Level 1:colcon.colcon_core.environment:create_environment_scripts_only(moveit_task_constructor_msgs)
[36.804s] Level 1:colcon.colcon_core.environment:checking '/home/mmaaz/ros2_ws/install/moveit_task_constructor_msgs' for CMake module files
[36.804s] DEBUG:colcon.colcon_core.event_handler.log_command:Invoked command in '/home/mmaaz/ros2_ws/build/moveit_task_constructor_msgs' returned '0': CMAKE_PREFIX_PATH=${CMAKE_PREFIX_PATH}:/opt/ros/jazzy /usr/bin/cmake --install /home/mmaaz/ros2_ws/build/moveit_task_constructor_msgs
[36.805s] Level 1:colcon.colcon_core.environment:checking '/home/mmaaz/ros2_ws/install/moveit_task_constructor_msgs' for CMake config files
[36.806s] Level 1:colcon.colcon_core.shell:create_environment_hook('moveit_task_constructor_msgs', 'cmake_prefix_path')
[36.807s] INFO:colcon.colcon_core.shell:Creating environment hook '/home/mmaaz/ros2_ws/install/moveit_task_constructor_msgs/share/moveit_task_constructor_msgs/hook/cmake_prefix_path.ps1'
[36.807s] INFO:colcon.colcon_core.shell:Creating environment descriptor '/home/mmaaz/ros2_ws/install/moveit_task_constructor_msgs/share/moveit_task_constructor_msgs/hook/cmake_prefix_path.dsv'
[36.808s] INFO:colcon.colcon_core.shell:Creating environment hook '/home/mmaaz/ros2_ws/install/moveit_task_constructor_msgs/share/moveit_task_constructor_msgs/hook/cmake_prefix_path.sh'
[36.808s] Level 1:colcon.colcon_core.environment:checking '/home/mmaaz/ros2_ws/install/moveit_task_constructor_msgs/lib'
[36.808s] Level 1:colcon.colcon_core.shell:create_environment_hook('moveit_task_constructor_msgs', 'ld_library_path_lib')
[36.808s] INFO:colcon.colcon_core.shell:Creating environment hook '/home/mmaaz/ros2_ws/install/moveit_task_constructor_msgs/share/moveit_task_constructor_msgs/hook/ld_library_path_lib.ps1'
[36.809s] INFO:colcon.colcon_core.shell:Creating environment descriptor '/home/mmaaz/ros2_ws/install/moveit_task_constructor_msgs/share/moveit_task_constructor_msgs/hook/ld_library_path_lib.dsv'
[36.809s] INFO:colcon.colcon_core.shell:Creating environment hook '/home/mmaaz/ros2_ws/install/moveit_task_constructor_msgs/share/moveit_task_constructor_msgs/hook/ld_library_path_lib.sh'
[36.809s] Level 1:colcon.colcon_core.environment:checking '/home/mmaaz/ros2_ws/install/moveit_task_constructor_msgs/bin'
[36.809s] Level 1:colcon.colcon_core.environment:checking '/home/mmaaz/ros2_ws/install/moveit_task_constructor_msgs/lib/pkgconfig/moveit_task_constructor_msgs.pc'
[36.810s] Level 1:colcon.colcon_core.environment:checking '/home/mmaaz/ros2_ws/install/moveit_task_constructor_msgs/lib/python3.12/site-packages'
[36.810s] Level 1:colcon.colcon_core.shell:create_environment_hook('moveit_task_constructor_msgs', 'pythonpath')
[36.810s] INFO:colcon.colcon_core.shell:Creating environment hook '/home/mmaaz/ros2_ws/install/moveit_task_constructor_msgs/share/moveit_task_constructor_msgs/hook/pythonpath.ps1'
[36.810s] INFO:colcon.colcon_core.shell:Creating environment descriptor '/home/mmaaz/ros2_ws/install/moveit_task_constructor_msgs/share/moveit_task_constructor_msgs/hook/pythonpath.dsv'
[36.810s] INFO:colcon.colcon_core.shell:Creating environment hook '/home/mmaaz/ros2_ws/install/moveit_task_constructor_msgs/share/moveit_task_constructor_msgs/hook/pythonpath.sh'
[36.811s] Level 1:colcon.colcon_core.environment:checking '/home/mmaaz/ros2_ws/install/moveit_task_constructor_msgs/bin'
[36.811s] INFO:colcon.colcon_core.shell:Creating package script '/home/mmaaz/ros2_ws/install/moveit_task_constructor_msgs/share/moveit_task_constructor_msgs/package.ps1'
[36.812s] INFO:colcon.colcon_core.shell:Creating package descriptor '/home/mmaaz/ros2_ws/install/moveit_task_constructor_msgs/share/moveit_task_constructor_msgs/package.dsv'
[36.812s] INFO:colcon.colcon_core.shell:Creating package script '/home/mmaaz/ros2_ws/install/moveit_task_constructor_msgs/share/moveit_task_constructor_msgs/package.sh'
[36.812s] INFO:colcon.colcon_core.shell:Creating package script '/home/mmaaz/ros2_ws/install/moveit_task_constructor_msgs/share/moveit_task_constructor_msgs/package.bash'
[36.813s] INFO:colcon.colcon_core.shell:Creating package script '/home/mmaaz/ros2_ws/install/moveit_task_constructor_msgs/share/moveit_task_constructor_msgs/package.zsh'
[36.813s] Level 1:colcon.colcon_core.environment:create_file_with_runtime_dependencies(/home/mmaaz/ros2_ws/install/moveit_task_constructor_msgs/share/colcon-core/packages/moveit_task_constructor_msgs)
[36.814s] Level 1:colcon.colcon_core.environment:create_environment_scripts_only(moveit_task_constructor_msgs)
[36.814s] Level 1:colcon.colcon_core.environment:checking '/home/mmaaz/ros2_ws/install/moveit_task_constructor_msgs' for CMake module files
[36.815s] Level 1:colcon.colcon_core.environment:checking '/home/mmaaz/ros2_ws/install/moveit_task_constructor_msgs' for CMake config files
[36.817s] Level 1:colcon.colcon_core.shell:create_environment_hook('moveit_task_constructor_msgs', 'cmake_prefix_path')
[36.817s] INFO:colcon.colcon_core.shell:Creating environment hook '/home/mmaaz/ros2_ws/install/moveit_task_constructor_msgs/share/moveit_task_constructor_msgs/hook/cmake_prefix_path.ps1'
[36.818s] INFO:colcon.colcon_core.shell:Creating environment descriptor '/home/mmaaz/ros2_ws/install/moveit_task_constructor_msgs/share/moveit_task_constructor_msgs/hook/cmake_prefix_path.dsv'
[36.818s] INFO:colcon.colcon_core.shell:Creating environment hook '/home/mmaaz/ros2_ws/install/moveit_task_constructor_msgs/share/moveit_task_constructor_msgs/hook/cmake_prefix_path.sh'
[36.819s] Level 1:colcon.colcon_core.environment:checking '/home/mmaaz/ros2_ws/install/moveit_task_constructor_msgs/lib'
[36.819s] Level 1:colcon.colcon_core.shell:create_environment_hook('moveit_task_constructor_msgs', 'ld_library_path_lib')
[36.819s] INFO:colcon.colcon_core.shell:Creating environment hook '/home/mmaaz/ros2_ws/install/moveit_task_constructor_msgs/share/moveit_task_constructor_msgs/hook/ld_library_path_lib.ps1'
[36.820s] INFO:colcon.colcon_core.shell:Creating environment descriptor '/home/mmaaz/ros2_ws/install/moveit_task_constructor_msgs/share/moveit_task_constructor_msgs/hook/ld_library_path_lib.dsv'
[36.820s] INFO:colcon.colcon_core.shell:Creating environment hook '/home/mmaaz/ros2_ws/install/moveit_task_constructor_msgs/share/moveit_task_constructor_msgs/hook/ld_library_path_lib.sh'
[36.821s] Level 1:colcon.colcon_core.environment:checking '/home/mmaaz/ros2_ws/install/moveit_task_constructor_msgs/bin'
[36.821s] Level 1:colcon.colcon_core.environment:checking '/home/mmaaz/ros2_ws/install/moveit_task_constructor_msgs/lib/pkgconfig/moveit_task_constructor_msgs.pc'
[36.821s] Level 1:colcon.colcon_core.environment:checking '/home/mmaaz/ros2_ws/install/moveit_task_constructor_msgs/lib/python3.12/site-packages'
[36.821s] Level 1:colcon.colcon_core.shell:create_environment_hook('moveit_task_constructor_msgs', 'pythonpath')
[36.821s] INFO:colcon.colcon_core.shell:Creating environment hook '/home/mmaaz/ros2_ws/install/moveit_task_constructor_msgs/share/moveit_task_constructor_msgs/hook/pythonpath.ps1'
[36.822s] INFO:colcon.colcon_core.shell:Creating environment descriptor '/home/mmaaz/ros2_ws/install/moveit_task_constructor_msgs/share/moveit_task_constructor_msgs/hook/pythonpath.dsv'
[36.822s] INFO:colcon.colcon_core.shell:Creating environment hook '/home/mmaaz/ros2_ws/install/moveit_task_constructor_msgs/share/moveit_task_constructor_msgs/hook/pythonpath.sh'
[36.823s] Level 1:colcon.colcon_core.environment:checking '/home/mmaaz/ros2_ws/install/moveit_task_constructor_msgs/bin'
[36.823s] INFO:colcon.colcon_core.shell:Creating package script '/home/mmaaz/ros2_ws/install/moveit_task_constructor_msgs/share/moveit_task_constructor_msgs/package.ps1'
[36.824s] INFO:colcon.colcon_core.shell:Creating package descriptor '/home/mmaaz/ros2_ws/install/moveit_task_constructor_msgs/share/moveit_task_constructor_msgs/package.dsv'
[36.824s] INFO:colcon.colcon_core.shell:Creating package script '/home/mmaaz/ros2_ws/install/moveit_task_constructor_msgs/share/moveit_task_constructor_msgs/package.sh'
[36.825s] INFO:colcon.colcon_core.shell:Creating package script '/home/mmaaz/ros2_ws/install/moveit_task_constructor_msgs/share/moveit_task_constructor_msgs/package.bash'
[36.825s] INFO:colcon.colcon_core.shell:Creating package script '/home/mmaaz/ros2_ws/install/moveit_task_constructor_msgs/share/moveit_task_constructor_msgs/package.zsh'
[36.826s] Level 1:colcon.colcon_core.environment:create_file_with_runtime_dependencies(/home/mmaaz/ros2_ws/install/moveit_task_constructor_msgs/share/colcon-core/packages/moveit_task_constructor_msgs)
[36.826s] INFO:colcon.colcon_ros.task.ament_cmake.build:Building ROS package in '/home/mmaaz/ros2_ws/src/moveit_task_constructor/core' with build type 'ament_cmake'
[36.826s] INFO:colcon.colcon_cmake.task.cmake.build:Building CMake package in '/home/mmaaz/ros2_ws/src/moveit_task_constructor/core'
[36.826s] INFO:colcon.colcon_core.shell:Skip shell extension 'powershell' for command environment: Not usable outside of PowerShell
[36.826s] DEBUG:colcon.colcon_core.shell:Skip shell extension 'dsv' for command environment
[37.457s] DEBUG:colcon.colcon_core.event_handler.log_command:Invoking command in '/home/mmaaz/ros2_ws/build/moveit_task_constructor_core': CMAKE_PREFIX_PATH=/home/mmaaz/ros2_ws/install/rviz_marker_tools:/home/mmaaz/ros2_ws/install/moveit_task_constructor_msgs:/home/mmaaz/ros2_ws/install/warehouse_ros_mongo:/home/mmaaz/ros2_ws/install/mycobot_mtc_pick_place_demo:/home/mmaaz/ros2_ws/install/mycobot_mtc_demos:/home/mmaaz/ros2_ws/install/moveit_task_constructor_visualization:/home/mmaaz/ros2_ws/install/moveit_task_constructor_demo:/home/mmaaz/ros2_ws/install/moveit_task_constructor_capabilities:/home/mmaaz/ros2_ws/install/moveit_task_constructor_core:/home/mmaaz/ros2_ws/install/mycobot_ros2:/home/mmaaz/ros2_ws/install/mycobot_system_tests:/home/mmaaz/ros2_ws/install/mycobot_moveit_demos:/home/mmaaz/ros2_ws/install/mycobot_moveit_config:/home/mmaaz/ros2_ws/install/mycobot_interfaces:/home/mmaaz/ros2_ws/install/mycobot_gazebo:/home/mmaaz/ros2_ws/install/mycobot_description:/home/mmaaz/ros2_ws/install/mycobot_bringup:/opt/ros/jazzy/opt/gz_sim_vendor:/opt/ros/jazzy/opt/gz_sensors_vendor:/opt/ros/jazzy/opt/gz_physics_vendor:/opt/ros/jazzy/opt/sdformat_vendor:/opt/ros/jazzy/opt/gz_gui_vendor:/opt/ros/jazzy/opt/gz_transport_vendor:/opt/ros/jazzy/opt/gz_rendering_vendor:/opt/ros/jazzy/opt/gz_plugin_vendor:/opt/ros/jazzy/opt/gz_fuel_tools_vendor:/opt/ros/jazzy/opt/gz_msgs_vendor:/opt/ros/jazzy/opt/gz_common_vendor:/opt/ros/jazzy/opt/gz_math_vendor:/opt/ros/jazzy/opt/gz_utils_vendor:/opt/ros/jazzy/opt/gz_tools_vendor:/opt/ros/jazzy/opt/gz_ogre_next_vendor:/opt/ros/jazzy/opt/gz_dartsim_vendor:/opt/ros/jazzy/opt/gz_cmake_vendor:/opt/ros/jazzy LD_LIBRARY_PATH=/home/mmaaz/ros2_ws/install/rviz_marker_tools/lib:/home/mmaaz/ros2_ws/install/moveit_task_constructor_msgs/lib:/home/mmaaz/ros2_ws/install/warehouse_ros_mongo/lib:/home/mmaaz/ros2_ws/install/mycobot_mtc_pick_place_demo/lib:/home/mmaaz/ros2_ws/install/moveit_task_constructor_visualization/lib:/home/mmaaz/ros2_ws/install/moveit_task_constructor_demo/lib:/home/mmaaz/ros2_ws/install/moveit_task_constructor_capabilities/lib:/home/mmaaz/ros2_ws/install/moveit_task_constructor_core/lib:/home/mmaaz/ros2_ws/install/mycobot_interfaces/lib:/opt/ros/jazzy/opt/gz_sim_vendor/lib:/opt/ros/jazzy/opt/gz_sensors_vendor/lib:/opt/ros/jazzy/opt/gz_physics_vendor/lib:/opt/ros/jazzy/opt/sdformat_vendor/lib:/opt/ros/jazzy/opt/rviz_ogre_vendor/lib:/opt/ros/jazzy/lib/x86_64-linux-gnu:/opt/ros/jazzy/opt/gz_gui_vendor/lib:/opt/ros/jazzy/opt/gz_transport_vendor/lib:/opt/ros/jazzy/opt/gz_rendering_vendor/lib:/opt/ros/jazzy/opt/gz_plugin_vendor/lib:/opt/ros/jazzy/opt/gz_fuel_tools_vendor/lib:/opt/ros/jazzy/opt/gz_msgs_vendor/lib:/opt/ros/jazzy/opt/gz_common_vendor/lib:/opt/ros/jazzy/opt/gz_math_vendor/lib:/opt/ros/jazzy/opt/gz_utils_vendor/lib:/opt/ros/jazzy/opt/gz_tools_vendor/lib:/opt/ros/jazzy/opt/gz_ogre_next_vendor/lib:/opt/ros/jazzy/opt/gz_dartsim_vendor/lib:/opt/ros/jazzy/opt/gz_cmake_vendor/lib:/opt/ros/jazzy/lib PYTHONPATH=/home/mmaaz/ros2_ws/install/moveit_task_constructor_msgs/lib/python3.12/site-packages:/home/mmaaz/ros2_ws/install/warehouse_ros_mongo/lib/python3.12/site-packages:/home/mmaaz/ros2_ws/install/moveit_task_constructor_core/lib/python3.12/site-packages:/home/mmaaz/ros2_ws/install/mycobot_interfaces/lib/python3.12/site-packages:/opt/ros/jazzy/lib/python3.12/site-packages /usr/bin/cmake /home/mmaaz/ros2_ws/src/moveit_task_constructor/core -DAMENT_CMAKE_SYMLINK_INSTALL=1 -DCMAKE_INSTALL_PREFIX=/home/mmaaz/ros2_ws/install/moveit_task_constructor_core
[39.609s] DEBUG:colcon.colcon_core.event_handler.log_command:Invoked command in '/home/mmaaz/ros2_ws/build/warehouse_ros_mongo' returned '0': CMAKE_PREFIX_PATH=${CMAKE_PREFIX_PATH}:/opt/ros/jazzy /usr/bin/cmake --build /home/mmaaz/ros2_ws/build/warehouse_ros_mongo -- -j22 -l22
[39.610s] DEBUG:colcon.colcon_core.event_handler.log_command:Invoking command in '/home/mmaaz/ros2_ws/build/warehouse_ros_mongo': CMAKE_PREFIX_PATH=${CMAKE_PREFIX_PATH}:/opt/ros/jazzy /usr/bin/cmake --install /home/mmaaz/ros2_ws/build/warehouse_ros_mongo
[40.000s] Level 1:colcon.colcon_core.environment:create_environment_scripts_only(warehouse_ros_mongo)
[40.000s] DEBUG:colcon.colcon_core.event_handler.log_command:Invoked command in '/home/mmaaz/ros2_ws/build/warehouse_ros_mongo' returned '0': CMAKE_PREFIX_PATH=${CMAKE_PREFIX_PATH}:/opt/ros/jazzy /usr/bin/cmake --install /home/mmaaz/ros2_ws/build/warehouse_ros_mongo
[40.001s] Level 1:colcon.colcon_core.environment:checking '/home/mmaaz/ros2_ws/install/warehouse_ros_mongo' for CMake module files
[40.002s] Level 1:colcon.colcon_core.shell:create_environment_hook('warehouse_ros_mongo', 'cmake_module_path')
[40.002s] INFO:colcon.colcon_core.shell:Creating environment hook '/home/mmaaz/ros2_ws/install/warehouse_ros_mongo/share/warehouse_ros_mongo/hook/cmake_module_path.ps1'
[40.002s] INFO:colcon.colcon_core.shell:Creating environment descriptor '/home/mmaaz/ros2_ws/install/warehouse_ros_mongo/share/warehouse_ros_mongo/hook/cmake_module_path.dsv'
[40.002s] INFO:colcon.colcon_core.shell:Creating environment hook '/home/mmaaz/ros2_ws/install/warehouse_ros_mongo/share/warehouse_ros_mongo/hook/cmake_module_path.sh'
[40.003s] Level 1:colcon.colcon_core.environment:checking '/home/mmaaz/ros2_ws/install/warehouse_ros_mongo' for CMake config files
[40.003s] Level 1:colcon.colcon_core.shell:create_environment_hook('warehouse_ros_mongo', 'cmake_prefix_path')
[40.003s] INFO:colcon.colcon_core.shell:Creating environment hook '/home/mmaaz/ros2_ws/install/warehouse_ros_mongo/share/warehouse_ros_mongo/hook/cmake_prefix_path.ps1'
[40.004s] INFO:colcon.colcon_core.shell:Creating environment descriptor '/home/mmaaz/ros2_ws/install/warehouse_ros_mongo/share/warehouse_ros_mongo/hook/cmake_prefix_path.dsv'
[40.004s] INFO:colcon.colcon_core.shell:Creating environment hook '/home/mmaaz/ros2_ws/install/warehouse_ros_mongo/share/warehouse_ros_mongo/hook/cmake_prefix_path.sh'
[40.005s] Level 1:colcon.colcon_core.environment:checking '/home/mmaaz/ros2_ws/install/warehouse_ros_mongo/lib'
[40.005s] Level 1:colcon.colcon_core.shell:create_environment_hook('warehouse_ros_mongo', 'ld_library_path_lib')
[40.005s] INFO:colcon.colcon_core.shell:Creating environment hook '/home/mmaaz/ros2_ws/install/warehouse_ros_mongo/share/warehouse_ros_mongo/hook/ld_library_path_lib.ps1'
[40.006s] INFO:colcon.colcon_core.shell:Creating environment descriptor '/home/mmaaz/ros2_ws/install/warehouse_ros_mongo/share/warehouse_ros_mongo/hook/ld_library_path_lib.dsv'
[40.006s] INFO:colcon.colcon_core.shell:Creating environment hook '/home/mmaaz/ros2_ws/install/warehouse_ros_mongo/share/warehouse_ros_mongo/hook/ld_library_path_lib.sh'
[40.006s] Level 1:colcon.colcon_core.environment:checking '/home/mmaaz/ros2_ws/install/warehouse_ros_mongo/bin'
[40.006s] Level 1:colcon.colcon_core.environment:checking '/home/mmaaz/ros2_ws/install/warehouse_ros_mongo/lib/pkgconfig/warehouse_ros_mongo.pc'
[40.007s] Level 1:colcon.colcon_core.environment:checking '/home/mmaaz/ros2_ws/install/warehouse_ros_mongo/lib/python3.12/site-packages'
[40.007s] Level 1:colcon.colcon_core.shell:create_environment_hook('warehouse_ros_mongo', 'pythonpath')
[40.007s] INFO:colcon.colcon_core.shell:Creating environment hook '/home/mmaaz/ros2_ws/install/warehouse_ros_mongo/share/warehouse_ros_mongo/hook/pythonpath.ps1'
[40.007s] INFO:colcon.colcon_core.shell:Creating environment descriptor '/home/mmaaz/ros2_ws/install/warehouse_ros_mongo/share/warehouse_ros_mongo/hook/pythonpath.dsv'
[40.008s] INFO:colcon.colcon_core.shell:Creating environment hook '/home/mmaaz/ros2_ws/install/warehouse_ros_mongo/share/warehouse_ros_mongo/hook/pythonpath.sh'
[40.008s] Level 1:colcon.colcon_core.environment:checking '/home/mmaaz/ros2_ws/install/warehouse_ros_mongo/bin'
[40.009s] INFO:colcon.colcon_core.shell:Creating package script '/home/mmaaz/ros2_ws/install/warehouse_ros_mongo/share/warehouse_ros_mongo/package.ps1'
[40.009s] INFO:colcon.colcon_core.shell:Creating package descriptor '/home/mmaaz/ros2_ws/install/warehouse_ros_mongo/share/warehouse_ros_mongo/package.dsv'
[40.010s] INFO:colcon.colcon_core.shell:Creating package script '/home/mmaaz/ros2_ws/install/warehouse_ros_mongo/share/warehouse_ros_mongo/package.sh'
[40.010s] INFO:colcon.colcon_core.shell:Creating package script '/home/mmaaz/ros2_ws/install/warehouse_ros_mongo/share/warehouse_ros_mongo/package.bash'
[40.011s] INFO:colcon.colcon_core.shell:Creating package script '/home/mmaaz/ros2_ws/install/warehouse_ros_mongo/share/warehouse_ros_mongo/package.zsh'
[40.011s] Level 1:colcon.colcon_core.environment:create_file_with_runtime_dependencies(/home/mmaaz/ros2_ws/install/warehouse_ros_mongo/share/colcon-core/packages/warehouse_ros_mongo)
[40.012s] Level 1:colcon.colcon_core.environment:create_environment_scripts_only(warehouse_ros_mongo)
[40.012s] Level 1:colcon.colcon_core.environment:checking '/home/mmaaz/ros2_ws/install/warehouse_ros_mongo' for CMake module files
[40.013s] Level 1:colcon.colcon_core.shell:create_environment_hook('warehouse_ros_mongo', 'cmake_module_path')
[40.013s] INFO:colcon.colcon_core.shell:Creating environment hook '/home/mmaaz/ros2_ws/install/warehouse_ros_mongo/share/warehouse_ros_mongo/hook/cmake_module_path.ps1'
[40.013s] INFO:colcon.colcon_core.shell:Creating environment descriptor '/home/mmaaz/ros2_ws/install/warehouse_ros_mongo/share/warehouse_ros_mongo/hook/cmake_module_path.dsv'
[40.014s] INFO:colcon.colcon_core.shell:Creating environment hook '/home/mmaaz/ros2_ws/install/warehouse_ros_mongo/share/warehouse_ros_mongo/hook/cmake_module_path.sh'
[40.014s] Level 1:colcon.colcon_core.environment:checking '/home/mmaaz/ros2_ws/install/warehouse_ros_mongo' for CMake config files
[40.015s] Level 1:colcon.colcon_core.shell:create_environment_hook('warehouse_ros_mongo', 'cmake_prefix_path')
[40.015s] INFO:colcon.colcon_core.shell:Creating environment hook '/home/mmaaz/ros2_ws/install/warehouse_ros_mongo/share/warehouse_ros_mongo/hook/cmake_prefix_path.ps1'
[40.015s] INFO:colcon.colcon_core.shell:Creating environment descriptor '/home/mmaaz/ros2_ws/install/warehouse_ros_mongo/share/warehouse_ros_mongo/hook/cmake_prefix_path.dsv'
[40.015s] INFO:colcon.colcon_core.shell:Creating environment hook '/home/mmaaz/ros2_ws/install/warehouse_ros_mongo/share/warehouse_ros_mongo/hook/cmake_prefix_path.sh'
[40.016s] Level 1:colcon.colcon_core.environment:checking '/home/mmaaz/ros2_ws/install/warehouse_ros_mongo/lib'
[40.016s] Level 1:colcon.colcon_core.shell:create_environment_hook('warehouse_ros_mongo', 'ld_library_path_lib')
[40.016s] INFO:colcon.colcon_core.shell:Creating environment hook '/home/mmaaz/ros2_ws/install/warehouse_ros_mongo/share/warehouse_ros_mongo/hook/ld_library_path_lib.ps1'
[40.017s] INFO:colcon.colcon_core.shell:Creating environment descriptor '/home/mmaaz/ros2_ws/install/warehouse_ros_mongo/share/warehouse_ros_mongo/hook/ld_library_path_lib.dsv'
[40.017s] INFO:colcon.colcon_core.shell:Creating environment hook '/home/mmaaz/ros2_ws/install/warehouse_ros_mongo/share/warehouse_ros_mongo/hook/ld_library_path_lib.sh'
[40.017s] Level 1:colcon.colcon_core.environment:checking '/home/mmaaz/ros2_ws/install/warehouse_ros_mongo/bin'
[40.017s] Level 1:colcon.colcon_core.environment:checking '/home/mmaaz/ros2_ws/install/warehouse_ros_mongo/lib/pkgconfig/warehouse_ros_mongo.pc'
[40.018s] Level 1:colcon.colcon_core.environment:checking '/home/mmaaz/ros2_ws/install/warehouse_ros_mongo/lib/python3.12/site-packages'
[40.018s] Level 1:colcon.colcon_core.shell:create_environment_hook('warehouse_ros_mongo', 'pythonpath')
[40.018s] INFO:colcon.colcon_core.shell:Creating environment hook '/home/mmaaz/ros2_ws/install/warehouse_ros_mongo/share/warehouse_ros_mongo/hook/pythonpath.ps1'
[40.018s] INFO:colcon.colcon_core.shell:Creating environment descriptor '/home/mmaaz/ros2_ws/install/warehouse_ros_mongo/share/warehouse_ros_mongo/hook/pythonpath.dsv'
[40.019s] INFO:colcon.colcon_core.shell:Creating environment hook '/home/mmaaz/ros2_ws/install/warehouse_ros_mongo/share/warehouse_ros_mongo/hook/pythonpath.sh'
[40.019s] Level 1:colcon.colcon_core.environment:checking '/home/mmaaz/ros2_ws/install/warehouse_ros_mongo/bin'
[40.019s] INFO:colcon.colcon_core.shell:Creating package script '/home/mmaaz/ros2_ws/install/warehouse_ros_mongo/share/warehouse_ros_mongo/package.ps1'
[40.020s] INFO:colcon.colcon_core.shell:Creating package descriptor '/home/mmaaz/ros2_ws/install/warehouse_ros_mongo/share/warehouse_ros_mongo/package.dsv'
[40.021s] INFO:colcon.colcon_core.shell:Creating package script '/home/mmaaz/ros2_ws/install/warehouse_ros_mongo/share/warehouse_ros_mongo/package.sh'
[40.021s] INFO:colcon.colcon_core.shell:Creating package script '/home/mmaaz/ros2_ws/install/warehouse_ros_mongo/share/warehouse_ros_mongo/package.bash'
[40.021s] INFO:colcon.colcon_core.shell:Creating package script '/home/mmaaz/ros2_ws/install/warehouse_ros_mongo/share/warehouse_ros_mongo/package.zsh'
[40.022s] Level 1:colcon.colcon_core.environment:create_file_with_runtime_dependencies(/home/mmaaz/ros2_ws/install/warehouse_ros_mongo/share/colcon-core/packages/warehouse_ros_mongo)
[41.821s] DEBUG:colcon.colcon_core.event_handler.log_command:Invoked command in '/home/mmaaz/ros2_ws/build/mycobot_moveit_config' returned '0': CMAKE_PREFIX_PATH=${CMAKE_PREFIX_PATH}:/opt/ros/jazzy /usr/bin/cmake /home/mmaaz/ros2_ws/src/mycobot_ros2/mycobot_moveit_config -DAMENT_CMAKE_SYMLINK_INSTALL=1 -DCMAKE_INSTALL_PREFIX=/home/mmaaz/ros2_ws/install/mycobot_moveit_config
[41.823s] DEBUG:colcon.colcon_core.event_handler.log_command:Invoking command in '/home/mmaaz/ros2_ws/build/mycobot_moveit_config': CMAKE_PREFIX_PATH=${CMAKE_PREFIX_PATH}:/opt/ros/jazzy /usr/bin/cmake --build /home/mmaaz/ros2_ws/build/mycobot_moveit_config -- -j22 -l22
[41.868s] DEBUG:colcon.colcon_core.event_handler.log_command:Invoked command in '/home/mmaaz/ros2_ws/build/mycobot_moveit_config' returned '0': CMAKE_PREFIX_PATH=${CMAKE_PREFIX_PATH}:/opt/ros/jazzy /usr/bin/cmake --build /home/mmaaz/ros2_ws/build/mycobot_moveit_config -- -j22 -l22
[41.870s] DEBUG:colcon.colcon_core.event_handler.log_command:Invoking command in '/home/mmaaz/ros2_ws/build/mycobot_moveit_config': CMAKE_PREFIX_PATH=${CMAKE_PREFIX_PATH}:/opt/ros/jazzy /usr/bin/cmake --install /home/mmaaz/ros2_ws/build/mycobot_moveit_config
[41.913s] DEBUG:colcon.colcon_core.event_handler.log_command:Invoked command in '/home/mmaaz/ros2_ws/build/mycobot_moveit_demos' returned '0': CMAKE_PREFIX_PATH=${CMAKE_PREFIX_PATH}:/opt/ros/jazzy /usr/bin/cmake /home/mmaaz/ros2_ws/src/mycobot_ros2/mycobot_moveit_demos -DAMENT_CMAKE_SYMLINK_INSTALL=1 -DCMAKE_INSTALL_PREFIX=/home/mmaaz/ros2_ws/install/mycobot_moveit_demos
[41.914s] DEBUG:colcon.colcon_core.event_handler.log_command:Invoking command in '/home/mmaaz/ros2_ws/build/mycobot_moveit_demos': CMAKE_PREFIX_PATH=${CMAKE_PREFIX_PATH}:/opt/ros/jazzy /usr/bin/cmake --build /home/mmaaz/ros2_ws/build/mycobot_moveit_demos -- -j22 -l22
[42.145s] Level 1:colcon.colcon_core.environment:create_environment_scripts_only(mycobot_moveit_config)
[42.146s] DEBUG:colcon.colcon_core.event_handler.log_command:Invoked command in '/home/mmaaz/ros2_ws/build/mycobot_moveit_config' returned '0': CMAKE_PREFIX_PATH=${CMAKE_PREFIX_PATH}:/opt/ros/jazzy /usr/bin/cmake --install /home/mmaaz/ros2_ws/build/mycobot_moveit_config
[42.146s] Level 1:colcon.colcon_core.environment:checking '/home/mmaaz/ros2_ws/install/mycobot_moveit_config' for CMake module files
[42.146s] Level 1:colcon.colcon_core.environment:checking '/home/mmaaz/ros2_ws/install/mycobot_moveit_config' for CMake config files
[42.147s] Level 1:colcon.colcon_core.shell:create_environment_hook('mycobot_moveit_config', 'cmake_prefix_path')
[42.147s] INFO:colcon.colcon_core.shell:Creating environment hook '/home/mmaaz/ros2_ws/install/mycobot_moveit_config/share/mycobot_moveit_config/hook/cmake_prefix_path.ps1'
[42.147s] INFO:colcon.colcon_core.shell:Creating environment descriptor '/home/mmaaz/ros2_ws/install/mycobot_moveit_config/share/mycobot_moveit_config/hook/cmake_prefix_path.dsv'
[42.148s] INFO:colcon.colcon_core.shell:Creating environment hook '/home/mmaaz/ros2_ws/install/mycobot_moveit_config/share/mycobot_moveit_config/hook/cmake_prefix_path.sh'
[42.148s] Level 1:colcon.colcon_core.environment:checking '/home/mmaaz/ros2_ws/install/mycobot_moveit_config/bin'
[42.148s] Level 1:colcon.colcon_core.environment:checking '/home/mmaaz/ros2_ws/install/mycobot_moveit_config/lib/pkgconfig/mycobot_moveit_config.pc'
[42.148s] Level 1:colcon.colcon_core.environment:checking '/home/mmaaz/ros2_ws/install/mycobot_moveit_config/lib/python3.12/site-packages'
[42.149s] Level 1:colcon.colcon_core.environment:checking '/home/mmaaz/ros2_ws/install/mycobot_moveit_config/bin'
[42.149s] INFO:colcon.colcon_core.shell:Creating package script '/home/mmaaz/ros2_ws/install/mycobot_moveit_config/share/mycobot_moveit_config/package.ps1'
[42.149s] INFO:colcon.colcon_core.shell:Creating package descriptor '/home/mmaaz/ros2_ws/install/mycobot_moveit_config/share/mycobot_moveit_config/package.dsv'
[42.149s] INFO:colcon.colcon_core.shell:Creating package script '/home/mmaaz/ros2_ws/install/mycobot_moveit_config/share/mycobot_moveit_config/package.sh'
[42.150s] INFO:colcon.colcon_core.shell:Creating package script '/home/mmaaz/ros2_ws/install/mycobot_moveit_config/share/mycobot_moveit_config/package.bash'
[42.150s] INFO:colcon.colcon_core.shell:Creating package script '/home/mmaaz/ros2_ws/install/mycobot_moveit_config/share/mycobot_moveit_config/package.zsh'
[42.151s] Level 1:colcon.colcon_core.environment:create_file_with_runtime_dependencies(/home/mmaaz/ros2_ws/install/mycobot_moveit_config/share/colcon-core/packages/mycobot_moveit_config)
[42.151s] Level 1:colcon.colcon_core.environment:create_environment_scripts_only(mycobot_moveit_config)
[42.151s] Level 1:colcon.colcon_core.environment:checking '/home/mmaaz/ros2_ws/install/mycobot_moveit_config' for CMake module files
[42.152s] Level 1:colcon.colcon_core.environment:checking '/home/mmaaz/ros2_ws/install/mycobot_moveit_config' for CMake config files
[42.152s] Level 1:colcon.colcon_core.shell:create_environment_hook('mycobot_moveit_config', 'cmake_prefix_path')
[42.152s] INFO:colcon.colcon_core.shell:Creating environment hook '/home/mmaaz/ros2_ws/install/mycobot_moveit_config/share/mycobot_moveit_config/hook/cmake_prefix_path.ps1'
[42.152s] INFO:colcon.colcon_core.shell:Creating environment descriptor '/home/mmaaz/ros2_ws/install/mycobot_moveit_config/share/mycobot_moveit_config/hook/cmake_prefix_path.dsv'
[42.153s] INFO:colcon.colcon_core.shell:Creating environment hook '/home/mmaaz/ros2_ws/install/mycobot_moveit_config/share/mycobot_moveit_config/hook/cmake_prefix_path.sh'
[42.153s] Level 1:colcon.colcon_core.environment:checking '/home/mmaaz/ros2_ws/install/mycobot_moveit_config/bin'
[42.153s] Level 1:colcon.colcon_core.environment:checking '/home/mmaaz/ros2_ws/install/mycobot_moveit_config/lib/pkgconfig/mycobot_moveit_config.pc'
[42.154s] Level 1:colcon.colcon_core.environment:checking '/home/mmaaz/ros2_ws/install/mycobot_moveit_config/lib/python3.12/site-packages'
[42.154s] Level 1:colcon.colcon_core.environment:checking '/home/mmaaz/ros2_ws/install/mycobot_moveit_config/bin'
[42.154s] INFO:colcon.colcon_core.shell:Creating package script '/home/mmaaz/ros2_ws/install/mycobot_moveit_config/share/mycobot_moveit_config/package.ps1'
[42.155s] INFO:colcon.colcon_core.shell:Creating package descriptor '/home/mmaaz/ros2_ws/install/mycobot_moveit_config/share/mycobot_moveit_config/package.dsv'
[42.155s] INFO:colcon.colcon_core.shell:Creating package script '/home/mmaaz/ros2_ws/install/mycobot_moveit_config/share/mycobot_moveit_config/package.sh'
[42.156s] INFO:colcon.colcon_core.shell:Creating package script '/home/mmaaz/ros2_ws/install/mycobot_moveit_config/share/mycobot_moveit_config/package.bash'
[42.156s] INFO:colcon.colcon_core.shell:Creating package script '/home/mmaaz/ros2_ws/install/mycobot_moveit_config/share/mycobot_moveit_config/package.zsh'
[42.157s] Level 1:colcon.colcon_core.environment:create_file_with_runtime_dependencies(/home/mmaaz/ros2_ws/install/mycobot_moveit_config/share/colcon-core/packages/mycobot_moveit_config)
[42.157s] INFO:colcon.colcon_ros.task.ament_cmake.build:Building ROS package in '/home/mmaaz/ros2_ws/src/mycobot_ros2/mycobot_ros2' with build type 'ament_cmake'
[42.158s] INFO:colcon.colcon_cmake.task.cmake.build:Building CMake package in '/home/mmaaz/ros2_ws/src/mycobot_ros2/mycobot_ros2'
[42.159s] INFO:colcon.colcon_core.shell:Skip shell extension 'powershell' for command environment: Not usable outside of PowerShell
[42.159s] DEBUG:colcon.colcon_core.shell:Skip shell extension 'dsv' for command environment
[43.001s] DEBUG:colcon.colcon_core.event_handler.log_command:Invoking command in '/home/mmaaz/ros2_ws/build/mycobot_ros2': CMAKE_PREFIX_PATH=/home/mmaaz/ros2_ws/install/mycobot_system_tests:/home/mmaaz/ros2_ws/install/mycobot_moveit_config:/home/mmaaz/ros2_ws/install/mycobot_gazebo:/home/mmaaz/ros2_ws/install/mycobot_description:/home/mmaaz/ros2_ws/install/mycobot_bringup:/home/mmaaz/ros2_ws/install/warehouse_ros_mongo:/home/mmaaz/ros2_ws/install/mycobot_mtc_pick_place_demo:/home/mmaaz/ros2_ws/install/mycobot_mtc_demos:/home/mmaaz/ros2_ws/install/moveit_task_constructor_visualization:/home/mmaaz/ros2_ws/install/moveit_task_constructor_demo:/home/mmaaz/ros2_ws/install/moveit_task_constructor_capabilities:/home/mmaaz/ros2_ws/install/moveit_task_constructor_core:/home/mmaaz/ros2_ws/install/rviz_marker_tools:/home/mmaaz/ros2_ws/install/mycobot_ros2:/home/mmaaz/ros2_ws/install/mycobot_moveit_demos:/home/mmaaz/ros2_ws/install/mycobot_interfaces:/home/mmaaz/ros2_ws/install/moveit_task_constructor_msgs:/opt/ros/jazzy/opt/gz_sim_vendor:/opt/ros/jazzy/opt/gz_sensors_vendor:/opt/ros/jazzy/opt/gz_physics_vendor:/opt/ros/jazzy/opt/sdformat_vendor:/opt/ros/jazzy/opt/gz_gui_vendor:/opt/ros/jazzy/opt/gz_transport_vendor:/opt/ros/jazzy/opt/gz_rendering_vendor:/opt/ros/jazzy/opt/gz_plugin_vendor:/opt/ros/jazzy/opt/gz_fuel_tools_vendor:/opt/ros/jazzy/opt/gz_msgs_vendor:/opt/ros/jazzy/opt/gz_common_vendor:/opt/ros/jazzy/opt/gz_math_vendor:/opt/ros/jazzy/opt/gz_utils_vendor:/opt/ros/jazzy/opt/gz_tools_vendor:/opt/ros/jazzy/opt/gz_ogre_next_vendor:/opt/ros/jazzy/opt/gz_dartsim_vendor:/opt/ros/jazzy/opt/gz_cmake_vendor:/opt/ros/jazzy /usr/bin/cmake /home/mmaaz/ros2_ws/src/mycobot_ros2/mycobot_ros2 -DAMENT_CMAKE_SYMLINK_INSTALL=1 -DCMAKE_INSTALL_PREFIX=/home/mmaaz/ros2_ws/install/mycobot_ros2
[49.831s] DEBUG:colcon.colcon_core.event_handler.log_command:Invoked command in '/home/mmaaz/ros2_ws/build/mycobot_ros2' returned '0': CMAKE_PREFIX_PATH=/home/mmaaz/ros2_ws/install/mycobot_system_tests:/home/mmaaz/ros2_ws/install/mycobot_moveit_config:/home/mmaaz/ros2_ws/install/mycobot_gazebo:/home/mmaaz/ros2_ws/install/mycobot_description:/home/mmaaz/ros2_ws/install/mycobot_bringup:/home/mmaaz/ros2_ws/install/warehouse_ros_mongo:/home/mmaaz/ros2_ws/install/mycobot_mtc_pick_place_demo:/home/mmaaz/ros2_ws/install/mycobot_mtc_demos:/home/mmaaz/ros2_ws/install/moveit_task_constructor_visualization:/home/mmaaz/ros2_ws/install/moveit_task_constructor_demo:/home/mmaaz/ros2_ws/install/moveit_task_constructor_capabilities:/home/mmaaz/ros2_ws/install/moveit_task_constructor_core:/home/mmaaz/ros2_ws/install/rviz_marker_tools:/home/mmaaz/ros2_ws/install/mycobot_ros2:/home/mmaaz/ros2_ws/install/mycobot_moveit_demos:/home/mmaaz/ros2_ws/install/mycobot_interfaces:/home/mmaaz/ros2_ws/install/moveit_task_constructor_msgs:/opt/ros/jazzy/opt/gz_sim_vendor:/opt/ros/jazzy/opt/gz_sensors_vendor:/opt/ros/jazzy/opt/gz_physics_vendor:/opt/ros/jazzy/opt/sdformat_vendor:/opt/ros/jazzy/opt/gz_gui_vendor:/opt/ros/jazzy/opt/gz_transport_vendor:/opt/ros/jazzy/opt/gz_rendering_vendor:/opt/ros/jazzy/opt/gz_plugin_vendor:/opt/ros/jazzy/opt/gz_fuel_tools_vendor:/opt/ros/jazzy/opt/gz_msgs_vendor:/opt/ros/jazzy/opt/gz_common_vendor:/opt/ros/jazzy/opt/gz_math_vendor:/opt/ros/jazzy/opt/gz_utils_vendor:/opt/ros/jazzy/opt/gz_tools_vendor:/opt/ros/jazzy/opt/gz_ogre_next_vendor:/opt/ros/jazzy/opt/gz_dartsim_vendor:/opt/ros/jazzy/opt/gz_cmake_vendor:/opt/ros/jazzy /usr/bin/cmake /home/mmaaz/ros2_ws/src/mycobot_ros2/mycobot_ros2 -DAMENT_CMAKE_SYMLINK_INSTALL=1 -DCMAKE_INSTALL_PREFIX=/home/mmaaz/ros2_ws/install/mycobot_ros2
[49.833s] DEBUG:colcon.colcon_core.event_handler.log_command:Invoking command in '/home/mmaaz/ros2_ws/build/mycobot_ros2': CMAKE_PREFIX_PATH=/home/mmaaz/ros2_ws/install/mycobot_system_tests:/home/mmaaz/ros2_ws/install/mycobot_moveit_config:/home/mmaaz/ros2_ws/install/mycobot_gazebo:/home/mmaaz/ros2_ws/install/mycobot_description:/home/mmaaz/ros2_ws/install/mycobot_bringup:/home/mmaaz/ros2_ws/install/warehouse_ros_mongo:/home/mmaaz/ros2_ws/install/mycobot_mtc_pick_place_demo:/home/mmaaz/ros2_ws/install/mycobot_mtc_demos:/home/mmaaz/ros2_ws/install/moveit_task_constructor_visualization:/home/mmaaz/ros2_ws/install/moveit_task_constructor_demo:/home/mmaaz/ros2_ws/install/moveit_task_constructor_capabilities:/home/mmaaz/ros2_ws/install/moveit_task_constructor_core:/home/mmaaz/ros2_ws/install/rviz_marker_tools:/home/mmaaz/ros2_ws/install/mycobot_ros2:/home/mmaaz/ros2_ws/install/mycobot_moveit_demos:/home/mmaaz/ros2_ws/install/mycobot_interfaces:/home/mmaaz/ros2_ws/install/moveit_task_constructor_msgs:/opt/ros/jazzy/opt/gz_sim_vendor:/opt/ros/jazzy/opt/gz_sensors_vendor:/opt/ros/jazzy/opt/gz_physics_vendor:/opt/ros/jazzy/opt/sdformat_vendor:/opt/ros/jazzy/opt/gz_gui_vendor:/opt/ros/jazzy/opt/gz_transport_vendor:/opt/ros/jazzy/opt/gz_rendering_vendor:/opt/ros/jazzy/opt/gz_plugin_vendor:/opt/ros/jazzy/opt/gz_fuel_tools_vendor:/opt/ros/jazzy/opt/gz_msgs_vendor:/opt/ros/jazzy/opt/gz_common_vendor:/opt/ros/jazzy/opt/gz_math_vendor:/opt/ros/jazzy/opt/gz_utils_vendor:/opt/ros/jazzy/opt/gz_tools_vendor:/opt/ros/jazzy/opt/gz_ogre_next_vendor:/opt/ros/jazzy/opt/gz_dartsim_vendor:/opt/ros/jazzy/opt/gz_cmake_vendor:/opt/ros/jazzy /usr/bin/cmake --build /home/mmaaz/ros2_ws/build/mycobot_ros2 -- -j22 -l22
[49.884s] DEBUG:colcon.colcon_core.event_handler.log_command:Invoked command in '/home/mmaaz/ros2_ws/build/mycobot_ros2' returned '0': CMAKE_PREFIX_PATH=/home/mmaaz/ros2_ws/install/mycobot_system_tests:/home/mmaaz/ros2_ws/install/mycobot_moveit_config:/home/mmaaz/ros2_ws/install/mycobot_gazebo:/home/mmaaz/ros2_ws/install/mycobot_description:/home/mmaaz/ros2_ws/install/mycobot_bringup:/home/mmaaz/ros2_ws/install/warehouse_ros_mongo:/home/mmaaz/ros2_ws/install/mycobot_mtc_pick_place_demo:/home/mmaaz/ros2_ws/install/mycobot_mtc_demos:/home/mmaaz/ros2_ws/install/moveit_task_constructor_visualization:/home/mmaaz/ros2_ws/install/moveit_task_constructor_demo:/home/mmaaz/ros2_ws/install/moveit_task_constructor_capabilities:/home/mmaaz/ros2_ws/install/moveit_task_constructor_core:/home/mmaaz/ros2_ws/install/rviz_marker_tools:/home/mmaaz/ros2_ws/install/mycobot_ros2:/home/mmaaz/ros2_ws/install/mycobot_moveit_demos:/home/mmaaz/ros2_ws/install/mycobot_interfaces:/home/mmaaz/ros2_ws/install/moveit_task_constructor_msgs:/opt/ros/jazzy/opt/gz_sim_vendor:/opt/ros/jazzy/opt/gz_sensors_vendor:/opt/ros/jazzy/opt/gz_physics_vendor:/opt/ros/jazzy/opt/sdformat_vendor:/opt/ros/jazzy/opt/gz_gui_vendor:/opt/ros/jazzy/opt/gz_transport_vendor:/opt/ros/jazzy/opt/gz_rendering_vendor:/opt/ros/jazzy/opt/gz_plugin_vendor:/opt/ros/jazzy/opt/gz_fuel_tools_vendor:/opt/ros/jazzy/opt/gz_msgs_vendor:/opt/ros/jazzy/opt/gz_common_vendor:/opt/ros/jazzy/opt/gz_math_vendor:/opt/ros/jazzy/opt/gz_utils_vendor:/opt/ros/jazzy/opt/gz_tools_vendor:/opt/ros/jazzy/opt/gz_ogre_next_vendor:/opt/ros/jazzy/opt/gz_dartsim_vendor:/opt/ros/jazzy/opt/gz_cmake_vendor:/opt/ros/jazzy /usr/bin/cmake --build /home/mmaaz/ros2_ws/build/mycobot_ros2 -- -j22 -l22
[49.885s] DEBUG:colcon.colcon_core.event_handler.log_command:Invoking command in '/home/mmaaz/ros2_ws/build/mycobot_ros2': CMAKE_PREFIX_PATH=/home/mmaaz/ros2_ws/install/mycobot_system_tests:/home/mmaaz/ros2_ws/install/mycobot_moveit_config:/home/mmaaz/ros2_ws/install/mycobot_gazebo:/home/mmaaz/ros2_ws/install/mycobot_description:/home/mmaaz/ros2_ws/install/mycobot_bringup:/home/mmaaz/ros2_ws/install/warehouse_ros_mongo:/home/mmaaz/ros2_ws/install/mycobot_mtc_pick_place_demo:/home/mmaaz/ros2_ws/install/mycobot_mtc_demos:/home/mmaaz/ros2_ws/install/moveit_task_constructor_visualization:/home/mmaaz/ros2_ws/install/moveit_task_constructor_demo:/home/mmaaz/ros2_ws/install/moveit_task_constructor_capabilities:/home/mmaaz/ros2_ws/install/moveit_task_constructor_core:/home/mmaaz/ros2_ws/install/rviz_marker_tools:/home/mmaaz/ros2_ws/install/mycobot_ros2:/home/mmaaz/ros2_ws/install/mycobot_moveit_demos:/home/mmaaz/ros2_ws/install/mycobot_interfaces:/home/mmaaz/ros2_ws/install/moveit_task_constructor_msgs:/opt/ros/jazzy/opt/gz_sim_vendor:/opt/ros/jazzy/opt/gz_sensors_vendor:/opt/ros/jazzy/opt/gz_physics_vendor:/opt/ros/jazzy/opt/sdformat_vendor:/opt/ros/jazzy/opt/gz_gui_vendor:/opt/ros/jazzy/opt/gz_transport_vendor:/opt/ros/jazzy/opt/gz_rendering_vendor:/opt/ros/jazzy/opt/gz_plugin_vendor:/opt/ros/jazzy/opt/gz_fuel_tools_vendor:/opt/ros/jazzy/opt/gz_msgs_vendor:/opt/ros/jazzy/opt/gz_common_vendor:/opt/ros/jazzy/opt/gz_math_vendor:/opt/ros/jazzy/opt/gz_utils_vendor:/opt/ros/jazzy/opt/gz_tools_vendor:/opt/ros/jazzy/opt/gz_ogre_next_vendor:/opt/ros/jazzy/opt/gz_dartsim_vendor:/opt/ros/jazzy/opt/gz_cmake_vendor:/opt/ros/jazzy /usr/bin/cmake --install /home/mmaaz/ros2_ws/build/mycobot_ros2
[50.045s] Level 1:colcon.colcon_core.environment:create_environment_scripts_only(mycobot_ros2)
[50.045s] Level 1:colcon.colcon_core.environment:checking '/home/mmaaz/ros2_ws/install/mycobot_ros2' for CMake module files
[50.046s] DEBUG:colcon.colcon_core.event_handler.log_command:Invoked command in '/home/mmaaz/ros2_ws/build/mycobot_ros2' returned '0': CMAKE_PREFIX_PATH=/home/mmaaz/ros2_ws/install/mycobot_system_tests:/home/mmaaz/ros2_ws/install/mycobot_moveit_config:/home/mmaaz/ros2_ws/install/mycobot_gazebo:/home/mmaaz/ros2_ws/install/mycobot_description:/home/mmaaz/ros2_ws/install/mycobot_bringup:/home/mmaaz/ros2_ws/install/warehouse_ros_mongo:/home/mmaaz/ros2_ws/install/mycobot_mtc_pick_place_demo:/home/mmaaz/ros2_ws/install/mycobot_mtc_demos:/home/mmaaz/ros2_ws/install/moveit_task_constructor_visualization:/home/mmaaz/ros2_ws/install/moveit_task_constructor_demo:/home/mmaaz/ros2_ws/install/moveit_task_constructor_capabilities:/home/mmaaz/ros2_ws/install/moveit_task_constructor_core:/home/mmaaz/ros2_ws/install/rviz_marker_tools:/home/mmaaz/ros2_ws/install/mycobot_ros2:/home/mmaaz/ros2_ws/install/mycobot_moveit_demos:/home/mmaaz/ros2_ws/install/mycobot_interfaces:/home/mmaaz/ros2_ws/install/moveit_task_constructor_msgs:/opt/ros/jazzy/opt/gz_sim_vendor:/opt/ros/jazzy/opt/gz_sensors_vendor:/opt/ros/jazzy/opt/gz_physics_vendor:/opt/ros/jazzy/opt/sdformat_vendor:/opt/ros/jazzy/opt/gz_gui_vendor:/opt/ros/jazzy/opt/gz_transport_vendor:/opt/ros/jazzy/opt/gz_rendering_vendor:/opt/ros/jazzy/opt/gz_plugin_vendor:/opt/ros/jazzy/opt/gz_fuel_tools_vendor:/opt/ros/jazzy/opt/gz_msgs_vendor:/opt/ros/jazzy/opt/gz_common_vendor:/opt/ros/jazzy/opt/gz_math_vendor:/opt/ros/jazzy/opt/gz_utils_vendor:/opt/ros/jazzy/opt/gz_tools_vendor:/opt/ros/jazzy/opt/gz_ogre_next_vendor:/opt/ros/jazzy/opt/gz_dartsim_vendor:/opt/ros/jazzy/opt/gz_cmake_vendor:/opt/ros/jazzy /usr/bin/cmake --install /home/mmaaz/ros2_ws/build/mycobot_ros2
[50.046s] Level 1:colcon.colcon_core.environment:checking '/home/mmaaz/ros2_ws/install/mycobot_ros2' for CMake config files
[50.047s] Level 1:colcon.colcon_core.shell:create_environment_hook('mycobot_ros2', 'cmake_prefix_path')
[50.047s] INFO:colcon.colcon_core.shell:Creating environment hook '/home/mmaaz/ros2_ws/install/mycobot_ros2/share/mycobot_ros2/hook/cmake_prefix_path.ps1'
[50.048s] INFO:colcon.colcon_core.shell:Creating environment descriptor '/home/mmaaz/ros2_ws/install/mycobot_ros2/share/mycobot_ros2/hook/cmake_prefix_path.dsv'
[50.048s] INFO:colcon.colcon_core.shell:Creating environment hook '/home/mmaaz/ros2_ws/install/mycobot_ros2/share/mycobot_ros2/hook/cmake_prefix_path.sh'
[50.048s] Level 1:colcon.colcon_core.environment:checking '/home/mmaaz/ros2_ws/install/mycobot_ros2/bin'
[50.049s] Level 1:colcon.colcon_core.environment:checking '/home/mmaaz/ros2_ws/install/mycobot_ros2/lib/pkgconfig/mycobot_ros2.pc'
[50.049s] Level 1:colcon.colcon_core.environment:checking '/home/mmaaz/ros2_ws/install/mycobot_ros2/lib/python3.12/site-packages'
[50.049s] Level 1:colcon.colcon_core.environment:checking '/home/mmaaz/ros2_ws/install/mycobot_ros2/bin'
[50.049s] INFO:colcon.colcon_core.shell:Creating package script '/home/mmaaz/ros2_ws/install/mycobot_ros2/share/mycobot_ros2/package.ps1'
[50.050s] INFO:colcon.colcon_core.shell:Creating package descriptor '/home/mmaaz/ros2_ws/install/mycobot_ros2/share/mycobot_ros2/package.dsv'
[50.050s] INFO:colcon.colcon_core.shell:Creating package script '/home/mmaaz/ros2_ws/install/mycobot_ros2/share/mycobot_ros2/package.sh'
[50.050s] INFO:colcon.colcon_core.shell:Creating package script '/home/mmaaz/ros2_ws/install/mycobot_ros2/share/mycobot_ros2/package.bash'
[50.051s] INFO:colcon.colcon_core.shell:Creating package script '/home/mmaaz/ros2_ws/install/mycobot_ros2/share/mycobot_ros2/package.zsh'
[50.051s] Level 1:colcon.colcon_core.environment:create_file_with_runtime_dependencies(/home/mmaaz/ros2_ws/install/mycobot_ros2/share/colcon-core/packages/mycobot_ros2)
[50.051s] Level 1:colcon.colcon_core.environment:create_environment_scripts_only(mycobot_ros2)
[50.052s] Level 1:colcon.colcon_core.environment:checking '/home/mmaaz/ros2_ws/install/mycobot_ros2' for CMake module files
[50.052s] Level 1:colcon.colcon_core.environment:checking '/home/mmaaz/ros2_ws/install/mycobot_ros2' for CMake config files
[50.052s] Level 1:colcon.colcon_core.shell:create_environment_hook('mycobot_ros2', 'cmake_prefix_path')
[50.052s] INFO:colcon.colcon_core.shell:Creating environment hook '/home/mmaaz/ros2_ws/install/mycobot_ros2/share/mycobot_ros2/hook/cmake_prefix_path.ps1'
[50.053s] INFO:colcon.colcon_core.shell:Creating environment descriptor '/home/mmaaz/ros2_ws/install/mycobot_ros2/share/mycobot_ros2/hook/cmake_prefix_path.dsv'
[50.053s] INFO:colcon.colcon_core.shell:Creating environment hook '/home/mmaaz/ros2_ws/install/mycobot_ros2/share/mycobot_ros2/hook/cmake_prefix_path.sh'
[50.054s] Level 1:colcon.colcon_core.environment:checking '/home/mmaaz/ros2_ws/install/mycobot_ros2/bin'
[50.054s] Level 1:colcon.colcon_core.environment:checking '/home/mmaaz/ros2_ws/install/mycobot_ros2/lib/pkgconfig/mycobot_ros2.pc'
[50.055s] Level 1:colcon.colcon_core.environment:checking '/home/mmaaz/ros2_ws/install/mycobot_ros2/lib/python3.12/site-packages'
[50.055s] Level 1:colcon.colcon_core.environment:checking '/home/mmaaz/ros2_ws/install/mycobot_ros2/bin'
[50.055s] INFO:colcon.colcon_core.shell:Creating package script '/home/mmaaz/ros2_ws/install/mycobot_ros2/share/mycobot_ros2/package.ps1'
[50.056s] INFO:colcon.colcon_core.shell:Creating package descriptor '/home/mmaaz/ros2_ws/install/mycobot_ros2/share/mycobot_ros2/package.dsv'
[50.057s] INFO:colcon.colcon_core.shell:Creating package script '/home/mmaaz/ros2_ws/install/mycobot_ros2/share/mycobot_ros2/package.sh'
[50.057s] INFO:colcon.colcon_core.shell:Creating package script '/home/mmaaz/ros2_ws/install/mycobot_ros2/share/mycobot_ros2/package.bash'
[50.058s] INFO:colcon.colcon_core.shell:Creating package script '/home/mmaaz/ros2_ws/install/mycobot_ros2/share/mycobot_ros2/package.zsh'
[50.058s] Level 1:colcon.colcon_core.environment:create_file_with_runtime_dependencies(/home/mmaaz/ros2_ws/install/mycobot_ros2/share/colcon-core/packages/mycobot_ros2)
[56.749s] DEBUG:colcon.colcon_core.event_handler.log_command:Invoked command in '/home/mmaaz/ros2_ws/build/mycobot_moveit_demos' returned '0': CMAKE_PREFIX_PATH=${CMAKE_PREFIX_PATH}:/opt/ros/jazzy /usr/bin/cmake --build /home/mmaaz/ros2_ws/build/mycobot_moveit_demos -- -j22 -l22
[56.751s] DEBUG:colcon.colcon_core.event_handler.log_command:Invoking command in '/home/mmaaz/ros2_ws/build/mycobot_moveit_demos': CMAKE_PREFIX_PATH=${CMAKE_PREFIX_PATH}:/opt/ros/jazzy /usr/bin/cmake --install /home/mmaaz/ros2_ws/build/mycobot_moveit_demos
[56.913s] Level 1:colcon.colcon_core.environment:create_environment_scripts_only(mycobot_moveit_demos)
[56.913s] Level 1:colcon.colcon_core.environment:checking '/home/mmaaz/ros2_ws/install/mycobot_moveit_demos' for CMake module files
[56.914s] DEBUG:colcon.colcon_core.event_handler.log_command:Invoked command in '/home/mmaaz/ros2_ws/build/mycobot_moveit_demos' returned '0': CMAKE_PREFIX_PATH=${CMAKE_PREFIX_PATH}:/opt/ros/jazzy /usr/bin/cmake --install /home/mmaaz/ros2_ws/build/mycobot_moveit_demos
[56.914s] Level 1:colcon.colcon_core.environment:checking '/home/mmaaz/ros2_ws/install/mycobot_moveit_demos' for CMake config files
[56.915s] Level 1:colcon.colcon_core.shell:create_environment_hook('mycobot_moveit_demos', 'cmake_prefix_path')
[56.915s] INFO:colcon.colcon_core.shell:Creating environment hook '/home/mmaaz/ros2_ws/install/mycobot_moveit_demos/share/mycobot_moveit_demos/hook/cmake_prefix_path.ps1'
[56.915s] INFO:colcon.colcon_core.shell:Creating environment descriptor '/home/mmaaz/ros2_ws/install/mycobot_moveit_demos/share/mycobot_moveit_demos/hook/cmake_prefix_path.dsv'
[56.916s] INFO:colcon.colcon_core.shell:Creating environment hook '/home/mmaaz/ros2_ws/install/mycobot_moveit_demos/share/mycobot_moveit_demos/hook/cmake_prefix_path.sh'
[56.916s] Level 1:colcon.colcon_core.environment:checking '/home/mmaaz/ros2_ws/install/mycobot_moveit_demos/lib'
[56.916s] Level 1:colcon.colcon_core.environment:checking '/home/mmaaz/ros2_ws/install/mycobot_moveit_demos/bin'
[56.916s] Level 1:colcon.colcon_core.environment:checking '/home/mmaaz/ros2_ws/install/mycobot_moveit_demos/lib/pkgconfig/mycobot_moveit_demos.pc'
[56.916s] Level 1:colcon.colcon_core.environment:checking '/home/mmaaz/ros2_ws/install/mycobot_moveit_demos/lib/python3.12/site-packages'
[56.917s] Level 1:colcon.colcon_core.environment:checking '/home/mmaaz/ros2_ws/install/mycobot_moveit_demos/bin'
[56.917s] INFO:colcon.colcon_core.shell:Creating package script '/home/mmaaz/ros2_ws/install/mycobot_moveit_demos/share/mycobot_moveit_demos/package.ps1'
[56.917s] INFO:colcon.colcon_core.shell:Creating package descriptor '/home/mmaaz/ros2_ws/install/mycobot_moveit_demos/share/mycobot_moveit_demos/package.dsv'
[56.918s] INFO:colcon.colcon_core.shell:Creating package script '/home/mmaaz/ros2_ws/install/mycobot_moveit_demos/share/mycobot_moveit_demos/package.sh'
[56.918s] INFO:colcon.colcon_core.shell:Creating package script '/home/mmaaz/ros2_ws/install/mycobot_moveit_demos/share/mycobot_moveit_demos/package.bash'
[56.919s] INFO:colcon.colcon_core.shell:Creating package script '/home/mmaaz/ros2_ws/install/mycobot_moveit_demos/share/mycobot_moveit_demos/package.zsh'
[56.919s] Level 1:colcon.colcon_core.environment:create_file_with_runtime_dependencies(/home/mmaaz/ros2_ws/install/mycobot_moveit_demos/share/colcon-core/packages/mycobot_moveit_demos)
[56.920s] Level 1:colcon.colcon_core.environment:create_environment_scripts_only(mycobot_moveit_demos)
[56.920s] Level 1:colcon.colcon_core.environment:checking '/home/mmaaz/ros2_ws/install/mycobot_moveit_demos' for CMake module files
[56.920s] Level 1:colcon.colcon_core.environment:checking '/home/mmaaz/ros2_ws/install/mycobot_moveit_demos' for CMake config files
[56.920s] Level 1:colcon.colcon_core.shell:create_environment_hook('mycobot_moveit_demos', 'cmake_prefix_path')
[56.921s] INFO:colcon.colcon_core.shell:Creating environment hook '/home/mmaaz/ros2_ws/install/mycobot_moveit_demos/share/mycobot_moveit_demos/hook/cmake_prefix_path.ps1'
[56.921s] INFO:colcon.colcon_core.shell:Creating environment descriptor '/home/mmaaz/ros2_ws/install/mycobot_moveit_demos/share/mycobot_moveit_demos/hook/cmake_prefix_path.dsv'
[56.921s] INFO:colcon.colcon_core.shell:Creating environment hook '/home/mmaaz/ros2_ws/install/mycobot_moveit_demos/share/mycobot_moveit_demos/hook/cmake_prefix_path.sh'
[56.922s] Level 1:colcon.colcon_core.environment:checking '/home/mmaaz/ros2_ws/install/mycobot_moveit_demos/lib'
[56.922s] Level 1:colcon.colcon_core.environment:checking '/home/mmaaz/ros2_ws/install/mycobot_moveit_demos/bin'
[56.922s] Level 1:colcon.colcon_core.environment:checking '/home/mmaaz/ros2_ws/install/mycobot_moveit_demos/lib/pkgconfig/mycobot_moveit_demos.pc'
[56.922s] Level 1:colcon.colcon_core.environment:checking '/home/mmaaz/ros2_ws/install/mycobot_moveit_demos/lib/python3.12/site-packages'
[56.922s] Level 1:colcon.colcon_core.environment:checking '/home/mmaaz/ros2_ws/install/mycobot_moveit_demos/bin'
[56.922s] INFO:colcon.colcon_core.shell:Creating package script '/home/mmaaz/ros2_ws/install/mycobot_moveit_demos/share/mycobot_moveit_demos/package.ps1'
[56.923s] INFO:colcon.colcon_core.shell:Creating package descriptor '/home/mmaaz/ros2_ws/install/mycobot_moveit_demos/share/mycobot_moveit_demos/package.dsv'
[56.923s] INFO:colcon.colcon_core.shell:Creating package script '/home/mmaaz/ros2_ws/install/mycobot_moveit_demos/share/mycobot_moveit_demos/package.sh'
[56.924s] INFO:colcon.colcon_core.shell:Creating package script '/home/mmaaz/ros2_ws/install/mycobot_moveit_demos/share/mycobot_moveit_demos/package.bash'
[56.924s] INFO:colcon.colcon_core.shell:Creating package script '/home/mmaaz/ros2_ws/install/mycobot_moveit_demos/share/mycobot_moveit_demos/package.zsh'
[56.924s] Level 1:colcon.colcon_core.environment:create_file_with_runtime_dependencies(/home/mmaaz/ros2_ws/install/mycobot_moveit_demos/share/colcon-core/packages/mycobot_moveit_demos)
[57.385s] DEBUG:colcon.colcon_core.event_handler.log_command:Invoked command in '/home/mmaaz/ros2_ws/build/moveit_task_constructor_core' returned '0': CMAKE_PREFIX_PATH=/home/mmaaz/ros2_ws/install/rviz_marker_tools:/home/mmaaz/ros2_ws/install/moveit_task_constructor_msgs:/home/mmaaz/ros2_ws/install/warehouse_ros_mongo:/home/mmaaz/ros2_ws/install/mycobot_mtc_pick_place_demo:/home/mmaaz/ros2_ws/install/mycobot_mtc_demos:/home/mmaaz/ros2_ws/install/moveit_task_constructor_visualization:/home/mmaaz/ros2_ws/install/moveit_task_constructor_demo:/home/mmaaz/ros2_ws/install/moveit_task_constructor_capabilities:/home/mmaaz/ros2_ws/install/moveit_task_constructor_core:/home/mmaaz/ros2_ws/install/mycobot_ros2:/home/mmaaz/ros2_ws/install/mycobot_system_tests:/home/mmaaz/ros2_ws/install/mycobot_moveit_demos:/home/mmaaz/ros2_ws/install/mycobot_moveit_config:/home/mmaaz/ros2_ws/install/mycobot_interfaces:/home/mmaaz/ros2_ws/install/mycobot_gazebo:/home/mmaaz/ros2_ws/install/mycobot_description:/home/mmaaz/ros2_ws/install/mycobot_bringup:/opt/ros/jazzy/opt/gz_sim_vendor:/opt/ros/jazzy/opt/gz_sensors_vendor:/opt/ros/jazzy/opt/gz_physics_vendor:/opt/ros/jazzy/opt/sdformat_vendor:/opt/ros/jazzy/opt/gz_gui_vendor:/opt/ros/jazzy/opt/gz_transport_vendor:/opt/ros/jazzy/opt/gz_rendering_vendor:/opt/ros/jazzy/opt/gz_plugin_vendor:/opt/ros/jazzy/opt/gz_fuel_tools_vendor:/opt/ros/jazzy/opt/gz_msgs_vendor:/opt/ros/jazzy/opt/gz_common_vendor:/opt/ros/jazzy/opt/gz_math_vendor:/opt/ros/jazzy/opt/gz_utils_vendor:/opt/ros/jazzy/opt/gz_tools_vendor:/opt/ros/jazzy/opt/gz_ogre_next_vendor:/opt/ros/jazzy/opt/gz_dartsim_vendor:/opt/ros/jazzy/opt/gz_cmake_vendor:/opt/ros/jazzy LD_LIBRARY_PATH=/home/mmaaz/ros2_ws/install/rviz_marker_tools/lib:/home/mmaaz/ros2_ws/install/moveit_task_constructor_msgs/lib:/home/mmaaz/ros2_ws/install/warehouse_ros_mongo/lib:/home/mmaaz/ros2_ws/install/mycobot_mtc_pick_place_demo/lib:/home/mmaaz/ros2_ws/install/moveit_task_constructor_visualization/lib:/home/mmaaz/ros2_ws/install/moveit_task_constructor_demo/lib:/home/mmaaz/ros2_ws/install/moveit_task_constructor_capabilities/lib:/home/mmaaz/ros2_ws/install/moveit_task_constructor_core/lib:/home/mmaaz/ros2_ws/install/mycobot_interfaces/lib:/opt/ros/jazzy/opt/gz_sim_vendor/lib:/opt/ros/jazzy/opt/gz_sensors_vendor/lib:/opt/ros/jazzy/opt/gz_physics_vendor/lib:/opt/ros/jazzy/opt/sdformat_vendor/lib:/opt/ros/jazzy/opt/rviz_ogre_vendor/lib:/opt/ros/jazzy/lib/x86_64-linux-gnu:/opt/ros/jazzy/opt/gz_gui_vendor/lib:/opt/ros/jazzy/opt/gz_transport_vendor/lib:/opt/ros/jazzy/opt/gz_rendering_vendor/lib:/opt/ros/jazzy/opt/gz_plugin_vendor/lib:/opt/ros/jazzy/opt/gz_fuel_tools_vendor/lib:/opt/ros/jazzy/opt/gz_msgs_vendor/lib:/opt/ros/jazzy/opt/gz_common_vendor/lib:/opt/ros/jazzy/opt/gz_math_vendor/lib:/opt/ros/jazzy/opt/gz_utils_vendor/lib:/opt/ros/jazzy/opt/gz_tools_vendor/lib:/opt/ros/jazzy/opt/gz_ogre_next_vendor/lib:/opt/ros/jazzy/opt/gz_dartsim_vendor/lib:/opt/ros/jazzy/opt/gz_cmake_vendor/lib:/opt/ros/jazzy/lib PYTHONPATH=/home/mmaaz/ros2_ws/install/moveit_task_constructor_msgs/lib/python3.12/site-packages:/home/mmaaz/ros2_ws/install/warehouse_ros_mongo/lib/python3.12/site-packages:/home/mmaaz/ros2_ws/install/moveit_task_constructor_core/lib/python3.12/site-packages:/home/mmaaz/ros2_ws/install/mycobot_interfaces/lib/python3.12/site-packages:/opt/ros/jazzy/lib/python3.12/site-packages /usr/bin/cmake /home/mmaaz/ros2_ws/src/moveit_task_constructor/core -DAMENT_CMAKE_SYMLINK_INSTALL=1 -DCMAKE_INSTALL_PREFIX=/home/mmaaz/ros2_ws/install/moveit_task_constructor_core
[57.386s] DEBUG:colcon.colcon_core.event_handler.log_command:Invoking command in '/home/mmaaz/ros2_ws/build/moveit_task_constructor_core': CMAKE_PREFIX_PATH=/home/mmaaz/ros2_ws/install/rviz_marker_tools:/home/mmaaz/ros2_ws/install/moveit_task_constructor_msgs:/home/mmaaz/ros2_ws/install/warehouse_ros_mongo:/home/mmaaz/ros2_ws/install/mycobot_mtc_pick_place_demo:/home/mmaaz/ros2_ws/install/mycobot_mtc_demos:/home/mmaaz/ros2_ws/install/moveit_task_constructor_visualization:/home/mmaaz/ros2_ws/install/moveit_task_constructor_demo:/home/mmaaz/ros2_ws/install/moveit_task_constructor_capabilities:/home/mmaaz/ros2_ws/install/moveit_task_constructor_core:/home/mmaaz/ros2_ws/install/mycobot_ros2:/home/mmaaz/ros2_ws/install/mycobot_system_tests:/home/mmaaz/ros2_ws/install/mycobot_moveit_demos:/home/mmaaz/ros2_ws/install/mycobot_moveit_config:/home/mmaaz/ros2_ws/install/mycobot_interfaces:/home/mmaaz/ros2_ws/install/mycobot_gazebo:/home/mmaaz/ros2_ws/install/mycobot_description:/home/mmaaz/ros2_ws/install/mycobot_bringup:/opt/ros/jazzy/opt/gz_sim_vendor:/opt/ros/jazzy/opt/gz_sensors_vendor:/opt/ros/jazzy/opt/gz_physics_vendor:/opt/ros/jazzy/opt/sdformat_vendor:/opt/ros/jazzy/opt/gz_gui_vendor:/opt/ros/jazzy/opt/gz_transport_vendor:/opt/ros/jazzy/opt/gz_rendering_vendor:/opt/ros/jazzy/opt/gz_plugin_vendor:/opt/ros/jazzy/opt/gz_fuel_tools_vendor:/opt/ros/jazzy/opt/gz_msgs_vendor:/opt/ros/jazzy/opt/gz_common_vendor:/opt/ros/jazzy/opt/gz_math_vendor:/opt/ros/jazzy/opt/gz_utils_vendor:/opt/ros/jazzy/opt/gz_tools_vendor:/opt/ros/jazzy/opt/gz_ogre_next_vendor:/opt/ros/jazzy/opt/gz_dartsim_vendor:/opt/ros/jazzy/opt/gz_cmake_vendor:/opt/ros/jazzy LD_LIBRARY_PATH=/home/mmaaz/ros2_ws/install/rviz_marker_tools/lib:/home/mmaaz/ros2_ws/install/moveit_task_constructor_msgs/lib:/home/mmaaz/ros2_ws/install/warehouse_ros_mongo/lib:/home/mmaaz/ros2_ws/install/mycobot_mtc_pick_place_demo/lib:/home/mmaaz/ros2_ws/install/moveit_task_constructor_visualization/lib:/home/mmaaz/ros2_ws/install/moveit_task_constructor_demo/lib:/home/mmaaz/ros2_ws/install/moveit_task_constructor_capabilities/lib:/home/mmaaz/ros2_ws/install/moveit_task_constructor_core/lib:/home/mmaaz/ros2_ws/install/mycobot_interfaces/lib:/opt/ros/jazzy/opt/gz_sim_vendor/lib:/opt/ros/jazzy/opt/gz_sensors_vendor/lib:/opt/ros/jazzy/opt/gz_physics_vendor/lib:/opt/ros/jazzy/opt/sdformat_vendor/lib:/opt/ros/jazzy/opt/rviz_ogre_vendor/lib:/opt/ros/jazzy/lib/x86_64-linux-gnu:/opt/ros/jazzy/opt/gz_gui_vendor/lib:/opt/ros/jazzy/opt/gz_transport_vendor/lib:/opt/ros/jazzy/opt/gz_rendering_vendor/lib:/opt/ros/jazzy/opt/gz_plugin_vendor/lib:/opt/ros/jazzy/opt/gz_fuel_tools_vendor/lib:/opt/ros/jazzy/opt/gz_msgs_vendor/lib:/opt/ros/jazzy/opt/gz_common_vendor/lib:/opt/ros/jazzy/opt/gz_math_vendor/lib:/opt/ros/jazzy/opt/gz_utils_vendor/lib:/opt/ros/jazzy/opt/gz_tools_vendor/lib:/opt/ros/jazzy/opt/gz_ogre_next_vendor/lib:/opt/ros/jazzy/opt/gz_dartsim_vendor/lib:/opt/ros/jazzy/opt/gz_cmake_vendor/lib:/opt/ros/jazzy/lib PYTHONPATH=/home/mmaaz/ros2_ws/install/moveit_task_constructor_msgs/lib/python3.12/site-packages:/home/mmaaz/ros2_ws/install/warehouse_ros_mongo/lib/python3.12/site-packages:/home/mmaaz/ros2_ws/install/moveit_task_constructor_core/lib/python3.12/site-packages:/home/mmaaz/ros2_ws/install/mycobot_interfaces/lib/python3.12/site-packages:/opt/ros/jazzy/lib/python3.12/site-packages /usr/bin/cmake --build /home/mmaaz/ros2_ws/build/moveit_task_constructor_core -- -j22 -l22
[202.983s] DEBUG:colcon.colcon_core.event_handler.log_command:Invoked command in '/home/mmaaz/ros2_ws/build/moveit_task_constructor_core' returned '0': CMAKE_PREFIX_PATH=/home/mmaaz/ros2_ws/install/rviz_marker_tools:/home/mmaaz/ros2_ws/install/moveit_task_constructor_msgs:/home/mmaaz/ros2_ws/install/warehouse_ros_mongo:/home/mmaaz/ros2_ws/install/mycobot_mtc_pick_place_demo:/home/mmaaz/ros2_ws/install/mycobot_mtc_demos:/home/mmaaz/ros2_ws/install/moveit_task_constructor_visualization:/home/mmaaz/ros2_ws/install/moveit_task_constructor_demo:/home/mmaaz/ros2_ws/install/moveit_task_constructor_capabilities:/home/mmaaz/ros2_ws/install/moveit_task_constructor_core:/home/mmaaz/ros2_ws/install/mycobot_ros2:/home/mmaaz/ros2_ws/install/mycobot_system_tests:/home/mmaaz/ros2_ws/install/mycobot_moveit_demos:/home/mmaaz/ros2_ws/install/mycobot_moveit_config:/home/mmaaz/ros2_ws/install/mycobot_interfaces:/home/mmaaz/ros2_ws/install/mycobot_gazebo:/home/mmaaz/ros2_ws/install/mycobot_description:/home/mmaaz/ros2_ws/install/mycobot_bringup:/opt/ros/jazzy/opt/gz_sim_vendor:/opt/ros/jazzy/opt/gz_sensors_vendor:/opt/ros/jazzy/opt/gz_physics_vendor:/opt/ros/jazzy/opt/sdformat_vendor:/opt/ros/jazzy/opt/gz_gui_vendor:/opt/ros/jazzy/opt/gz_transport_vendor:/opt/ros/jazzy/opt/gz_rendering_vendor:/opt/ros/jazzy/opt/gz_plugin_vendor:/opt/ros/jazzy/opt/gz_fuel_tools_vendor:/opt/ros/jazzy/opt/gz_msgs_vendor:/opt/ros/jazzy/opt/gz_common_vendor:/opt/ros/jazzy/opt/gz_math_vendor:/opt/ros/jazzy/opt/gz_utils_vendor:/opt/ros/jazzy/opt/gz_tools_vendor:/opt/ros/jazzy/opt/gz_ogre_next_vendor:/opt/ros/jazzy/opt/gz_dartsim_vendor:/opt/ros/jazzy/opt/gz_cmake_vendor:/opt/ros/jazzy LD_LIBRARY_PATH=/home/mmaaz/ros2_ws/install/rviz_marker_tools/lib:/home/mmaaz/ros2_ws/install/moveit_task_constructor_msgs/lib:/home/mmaaz/ros2_ws/install/warehouse_ros_mongo/lib:/home/mmaaz/ros2_ws/install/mycobot_mtc_pick_place_demo/lib:/home/mmaaz/ros2_ws/install/moveit_task_constructor_visualization/lib:/home/mmaaz/ros2_ws/install/moveit_task_constructor_demo/lib:/home/mmaaz/ros2_ws/install/moveit_task_constructor_capabilities/lib:/home/mmaaz/ros2_ws/install/moveit_task_constructor_core/lib:/home/mmaaz/ros2_ws/install/mycobot_interfaces/lib:/opt/ros/jazzy/opt/gz_sim_vendor/lib:/opt/ros/jazzy/opt/gz_sensors_vendor/lib:/opt/ros/jazzy/opt/gz_physics_vendor/lib:/opt/ros/jazzy/opt/sdformat_vendor/lib:/opt/ros/jazzy/opt/rviz_ogre_vendor/lib:/opt/ros/jazzy/lib/x86_64-linux-gnu:/opt/ros/jazzy/opt/gz_gui_vendor/lib:/opt/ros/jazzy/opt/gz_transport_vendor/lib:/opt/ros/jazzy/opt/gz_rendering_vendor/lib:/opt/ros/jazzy/opt/gz_plugin_vendor/lib:/opt/ros/jazzy/opt/gz_fuel_tools_vendor/lib:/opt/ros/jazzy/opt/gz_msgs_vendor/lib:/opt/ros/jazzy/opt/gz_common_vendor/lib:/opt/ros/jazzy/opt/gz_math_vendor/lib:/opt/ros/jazzy/opt/gz_utils_vendor/lib:/opt/ros/jazzy/opt/gz_tools_vendor/lib:/opt/ros/jazzy/opt/gz_ogre_next_vendor/lib:/opt/ros/jazzy/opt/gz_dartsim_vendor/lib:/opt/ros/jazzy/opt/gz_cmake_vendor/lib:/opt/ros/jazzy/lib PYTHONPATH=/home/mmaaz/ros2_ws/install/moveit_task_constructor_msgs/lib/python3.12/site-packages:/home/mmaaz/ros2_ws/install/warehouse_ros_mongo/lib/python3.12/site-packages:/home/mmaaz/ros2_ws/install/moveit_task_constructor_core/lib/python3.12/site-packages:/home/mmaaz/ros2_ws/install/mycobot_interfaces/lib/python3.12/site-packages:/opt/ros/jazzy/lib/python3.12/site-packages /usr/bin/cmake --build /home/mmaaz/ros2_ws/build/moveit_task_constructor_core -- -j22 -l22
[202.984s] DEBUG:colcon.colcon_core.event_handler.log_command:Invoking command in '/home/mmaaz/ros2_ws/build/moveit_task_constructor_core': CMAKE_PREFIX_PATH=/home/mmaaz/ros2_ws/install/rviz_marker_tools:/home/mmaaz/ros2_ws/install/moveit_task_constructor_msgs:/home/mmaaz/ros2_ws/install/warehouse_ros_mongo:/home/mmaaz/ros2_ws/install/mycobot_mtc_pick_place_demo:/home/mmaaz/ros2_ws/install/mycobot_mtc_demos:/home/mmaaz/ros2_ws/install/moveit_task_constructor_visualization:/home/mmaaz/ros2_ws/install/moveit_task_constructor_demo:/home/mmaaz/ros2_ws/install/moveit_task_constructor_capabilities:/home/mmaaz/ros2_ws/install/moveit_task_constructor_core:/home/mmaaz/ros2_ws/install/mycobot_ros2:/home/mmaaz/ros2_ws/install/mycobot_system_tests:/home/mmaaz/ros2_ws/install/mycobot_moveit_demos:/home/mmaaz/ros2_ws/install/mycobot_moveit_config:/home/mmaaz/ros2_ws/install/mycobot_interfaces:/home/mmaaz/ros2_ws/install/mycobot_gazebo:/home/mmaaz/ros2_ws/install/mycobot_description:/home/mmaaz/ros2_ws/install/mycobot_bringup:/opt/ros/jazzy/opt/gz_sim_vendor:/opt/ros/jazzy/opt/gz_sensors_vendor:/opt/ros/jazzy/opt/gz_physics_vendor:/opt/ros/jazzy/opt/sdformat_vendor:/opt/ros/jazzy/opt/gz_gui_vendor:/opt/ros/jazzy/opt/gz_transport_vendor:/opt/ros/jazzy/opt/gz_rendering_vendor:/opt/ros/jazzy/opt/gz_plugin_vendor:/opt/ros/jazzy/opt/gz_fuel_tools_vendor:/opt/ros/jazzy/opt/gz_msgs_vendor:/opt/ros/jazzy/opt/gz_common_vendor:/opt/ros/jazzy/opt/gz_math_vendor:/opt/ros/jazzy/opt/gz_utils_vendor:/opt/ros/jazzy/opt/gz_tools_vendor:/opt/ros/jazzy/opt/gz_ogre_next_vendor:/opt/ros/jazzy/opt/gz_dartsim_vendor:/opt/ros/jazzy/opt/gz_cmake_vendor:/opt/ros/jazzy LD_LIBRARY_PATH=/home/mmaaz/ros2_ws/install/rviz_marker_tools/lib:/home/mmaaz/ros2_ws/install/moveit_task_constructor_msgs/lib:/home/mmaaz/ros2_ws/install/warehouse_ros_mongo/lib:/home/mmaaz/ros2_ws/install/mycobot_mtc_pick_place_demo/lib:/home/mmaaz/ros2_ws/install/moveit_task_constructor_visualization/lib:/home/mmaaz/ros2_ws/install/moveit_task_constructor_demo/lib:/home/mmaaz/ros2_ws/install/moveit_task_constructor_capabilities/lib:/home/mmaaz/ros2_ws/install/moveit_task_constructor_core/lib:/home/mmaaz/ros2_ws/install/mycobot_interfaces/lib:/opt/ros/jazzy/opt/gz_sim_vendor/lib:/opt/ros/jazzy/opt/gz_sensors_vendor/lib:/opt/ros/jazzy/opt/gz_physics_vendor/lib:/opt/ros/jazzy/opt/sdformat_vendor/lib:/opt/ros/jazzy/opt/rviz_ogre_vendor/lib:/opt/ros/jazzy/lib/x86_64-linux-gnu:/opt/ros/jazzy/opt/gz_gui_vendor/lib:/opt/ros/jazzy/opt/gz_transport_vendor/lib:/opt/ros/jazzy/opt/gz_rendering_vendor/lib:/opt/ros/jazzy/opt/gz_plugin_vendor/lib:/opt/ros/jazzy/opt/gz_fuel_tools_vendor/lib:/opt/ros/jazzy/opt/gz_msgs_vendor/lib:/opt/ros/jazzy/opt/gz_common_vendor/lib:/opt/ros/jazzy/opt/gz_math_vendor/lib:/opt/ros/jazzy/opt/gz_utils_vendor/lib:/opt/ros/jazzy/opt/gz_tools_vendor/lib:/opt/ros/jazzy/opt/gz_ogre_next_vendor/lib:/opt/ros/jazzy/opt/gz_dartsim_vendor/lib:/opt/ros/jazzy/opt/gz_cmake_vendor/lib:/opt/ros/jazzy/lib PYTHONPATH=/home/mmaaz/ros2_ws/install/moveit_task_constructor_msgs/lib/python3.12/site-packages:/home/mmaaz/ros2_ws/install/warehouse_ros_mongo/lib/python3.12/site-packages:/home/mmaaz/ros2_ws/install/moveit_task_constructor_core/lib/python3.12/site-packages:/home/mmaaz/ros2_ws/install/mycobot_interfaces/lib/python3.12/site-packages:/opt/ros/jazzy/lib/python3.12/site-packages /usr/bin/cmake --install /home/mmaaz/ros2_ws/build/moveit_task_constructor_core
[203.899s] Level 1:colcon.colcon_core.environment:create_environment_scripts_only(moveit_task_constructor_core)
[203.899s] Level 1:colcon.colcon_core.environment:checking '/home/mmaaz/ros2_ws/install/moveit_task_constructor_core' for CMake module files
[203.899s] DEBUG:colcon.colcon_core.event_handler.log_command:Invoked command in '/home/mmaaz/ros2_ws/build/moveit_task_constructor_core' returned '0': CMAKE_PREFIX_PATH=/home/mmaaz/ros2_ws/install/rviz_marker_tools:/home/mmaaz/ros2_ws/install/moveit_task_constructor_msgs:/home/mmaaz/ros2_ws/install/warehouse_ros_mongo:/home/mmaaz/ros2_ws/install/mycobot_mtc_pick_place_demo:/home/mmaaz/ros2_ws/install/mycobot_mtc_demos:/home/mmaaz/ros2_ws/install/moveit_task_constructor_visualization:/home/mmaaz/ros2_ws/install/moveit_task_constructor_demo:/home/mmaaz/ros2_ws/install/moveit_task_constructor_capabilities:/home/mmaaz/ros2_ws/install/moveit_task_constructor_core:/home/mmaaz/ros2_ws/install/mycobot_ros2:/home/mmaaz/ros2_ws/install/mycobot_system_tests:/home/mmaaz/ros2_ws/install/mycobot_moveit_demos:/home/mmaaz/ros2_ws/install/mycobot_moveit_config:/home/mmaaz/ros2_ws/install/mycobot_interfaces:/home/mmaaz/ros2_ws/install/mycobot_gazebo:/home/mmaaz/ros2_ws/install/mycobot_description:/home/mmaaz/ros2_ws/install/mycobot_bringup:/opt/ros/jazzy/opt/gz_sim_vendor:/opt/ros/jazzy/opt/gz_sensors_vendor:/opt/ros/jazzy/opt/gz_physics_vendor:/opt/ros/jazzy/opt/sdformat_vendor:/opt/ros/jazzy/opt/gz_gui_vendor:/opt/ros/jazzy/opt/gz_transport_vendor:/opt/ros/jazzy/opt/gz_rendering_vendor:/opt/ros/jazzy/opt/gz_plugin_vendor:/opt/ros/jazzy/opt/gz_fuel_tools_vendor:/opt/ros/jazzy/opt/gz_msgs_vendor:/opt/ros/jazzy/opt/gz_common_vendor:/opt/ros/jazzy/opt/gz_math_vendor:/opt/ros/jazzy/opt/gz_utils_vendor:/opt/ros/jazzy/opt/gz_tools_vendor:/opt/ros/jazzy/opt/gz_ogre_next_vendor:/opt/ros/jazzy/opt/gz_dartsim_vendor:/opt/ros/jazzy/opt/gz_cmake_vendor:/opt/ros/jazzy LD_LIBRARY_PATH=/home/mmaaz/ros2_ws/install/rviz_marker_tools/lib:/home/mmaaz/ros2_ws/install/moveit_task_constructor_msgs/lib:/home/mmaaz/ros2_ws/install/warehouse_ros_mongo/lib:/home/mmaaz/ros2_ws/install/mycobot_mtc_pick_place_demo/lib:/home/mmaaz/ros2_ws/install/moveit_task_constructor_visualization/lib:/home/mmaaz/ros2_ws/install/moveit_task_constructor_demo/lib:/home/mmaaz/ros2_ws/install/moveit_task_constructor_capabilities/lib:/home/mmaaz/ros2_ws/install/moveit_task_constructor_core/lib:/home/mmaaz/ros2_ws/install/mycobot_interfaces/lib:/opt/ros/jazzy/opt/gz_sim_vendor/lib:/opt/ros/jazzy/opt/gz_sensors_vendor/lib:/opt/ros/jazzy/opt/gz_physics_vendor/lib:/opt/ros/jazzy/opt/sdformat_vendor/lib:/opt/ros/jazzy/opt/rviz_ogre_vendor/lib:/opt/ros/jazzy/lib/x86_64-linux-gnu:/opt/ros/jazzy/opt/gz_gui_vendor/lib:/opt/ros/jazzy/opt/gz_transport_vendor/lib:/opt/ros/jazzy/opt/gz_rendering_vendor/lib:/opt/ros/jazzy/opt/gz_plugin_vendor/lib:/opt/ros/jazzy/opt/gz_fuel_tools_vendor/lib:/opt/ros/jazzy/opt/gz_msgs_vendor/lib:/opt/ros/jazzy/opt/gz_common_vendor/lib:/opt/ros/jazzy/opt/gz_math_vendor/lib:/opt/ros/jazzy/opt/gz_utils_vendor/lib:/opt/ros/jazzy/opt/gz_tools_vendor/lib:/opt/ros/jazzy/opt/gz_ogre_next_vendor/lib:/opt/ros/jazzy/opt/gz_dartsim_vendor/lib:/opt/ros/jazzy/opt/gz_cmake_vendor/lib:/opt/ros/jazzy/lib PYTHONPATH=/home/mmaaz/ros2_ws/install/moveit_task_constructor_msgs/lib/python3.12/site-packages:/home/mmaaz/ros2_ws/install/warehouse_ros_mongo/lib/python3.12/site-packages:/home/mmaaz/ros2_ws/install/moveit_task_constructor_core/lib/python3.12/site-packages:/home/mmaaz/ros2_ws/install/mycobot_interfaces/lib/python3.12/site-packages:/opt/ros/jazzy/lib/python3.12/site-packages /usr/bin/cmake --install /home/mmaaz/ros2_ws/build/moveit_task_constructor_core
[203.900s] Level 1:colcon.colcon_core.shell:create_environment_hook('moveit_task_constructor_core', 'cmake_module_path')
[203.900s] INFO:colcon.colcon_core.shell:Creating environment hook '/home/mmaaz/ros2_ws/install/moveit_task_constructor_core/share/moveit_task_constructor_core/hook/cmake_module_path.ps1'
[203.901s] INFO:colcon.colcon_core.shell:Creating environment descriptor '/home/mmaaz/ros2_ws/install/moveit_task_constructor_core/share/moveit_task_constructor_core/hook/cmake_module_path.dsv'
[203.901s] INFO:colcon.colcon_core.shell:Creating environment hook '/home/mmaaz/ros2_ws/install/moveit_task_constructor_core/share/moveit_task_constructor_core/hook/cmake_module_path.sh'
[203.901s] Level 1:colcon.colcon_core.environment:checking '/home/mmaaz/ros2_ws/install/moveit_task_constructor_core' for CMake config files
[203.902s] Level 1:colcon.colcon_core.shell:create_environment_hook('moveit_task_constructor_core', 'cmake_prefix_path')
[203.902s] INFO:colcon.colcon_core.shell:Creating environment hook '/home/mmaaz/ros2_ws/install/moveit_task_constructor_core/share/moveit_task_constructor_core/hook/cmake_prefix_path.ps1'
[203.903s] INFO:colcon.colcon_core.shell:Creating environment descriptor '/home/mmaaz/ros2_ws/install/moveit_task_constructor_core/share/moveit_task_constructor_core/hook/cmake_prefix_path.dsv'
[203.903s] INFO:colcon.colcon_core.shell:Creating environment hook '/home/mmaaz/ros2_ws/install/moveit_task_constructor_core/share/moveit_task_constructor_core/hook/cmake_prefix_path.sh'
[203.903s] Level 1:colcon.colcon_core.environment:checking '/home/mmaaz/ros2_ws/install/moveit_task_constructor_core/lib'
[203.903s] Level 1:colcon.colcon_core.shell:create_environment_hook('moveit_task_constructor_core', 'ld_library_path_lib')
[203.904s] INFO:colcon.colcon_core.shell:Creating environment hook '/home/mmaaz/ros2_ws/install/moveit_task_constructor_core/share/moveit_task_constructor_core/hook/ld_library_path_lib.ps1'
[203.904s] INFO:colcon.colcon_core.shell:Creating environment descriptor '/home/mmaaz/ros2_ws/install/moveit_task_constructor_core/share/moveit_task_constructor_core/hook/ld_library_path_lib.dsv'
[203.904s] INFO:colcon.colcon_core.shell:Creating environment hook '/home/mmaaz/ros2_ws/install/moveit_task_constructor_core/share/moveit_task_constructor_core/hook/ld_library_path_lib.sh'
[203.904s] Level 1:colcon.colcon_core.environment:checking '/home/mmaaz/ros2_ws/install/moveit_task_constructor_core/bin'
[203.905s] Level 1:colcon.colcon_core.environment:checking '/home/mmaaz/ros2_ws/install/moveit_task_constructor_core/lib/pkgconfig/moveit_task_constructor_core.pc'
[203.905s] Level 1:colcon.colcon_core.environment:checking '/home/mmaaz/ros2_ws/install/moveit_task_constructor_core/lib/python3.12/site-packages'
[203.905s] Level 1:colcon.colcon_core.shell:create_environment_hook('moveit_task_constructor_core', 'pythonpath')
[203.905s] INFO:colcon.colcon_core.shell:Creating environment hook '/home/mmaaz/ros2_ws/install/moveit_task_constructor_core/share/moveit_task_constructor_core/hook/pythonpath.ps1'
[203.905s] INFO:colcon.colcon_core.shell:Creating environment descriptor '/home/mmaaz/ros2_ws/install/moveit_task_constructor_core/share/moveit_task_constructor_core/hook/pythonpath.dsv'
[203.905s] INFO:colcon.colcon_core.shell:Creating environment hook '/home/mmaaz/ros2_ws/install/moveit_task_constructor_core/share/moveit_task_constructor_core/hook/pythonpath.sh'
[203.906s] Level 1:colcon.colcon_core.environment:checking '/home/mmaaz/ros2_ws/install/moveit_task_constructor_core/bin'
[203.906s] INFO:colcon.colcon_core.shell:Creating package script '/home/mmaaz/ros2_ws/install/moveit_task_constructor_core/share/moveit_task_constructor_core/package.ps1'
[203.906s] INFO:colcon.colcon_core.shell:Creating package descriptor '/home/mmaaz/ros2_ws/install/moveit_task_constructor_core/share/moveit_task_constructor_core/package.dsv'
[203.907s] INFO:colcon.colcon_core.shell:Creating package script '/home/mmaaz/ros2_ws/install/moveit_task_constructor_core/share/moveit_task_constructor_core/package.sh'
[203.907s] INFO:colcon.colcon_core.shell:Creating package script '/home/mmaaz/ros2_ws/install/moveit_task_constructor_core/share/moveit_task_constructor_core/package.bash'
[203.907s] INFO:colcon.colcon_core.shell:Creating package script '/home/mmaaz/ros2_ws/install/moveit_task_constructor_core/share/moveit_task_constructor_core/package.zsh'
[203.907s] Level 1:colcon.colcon_core.environment:create_file_with_runtime_dependencies(/home/mmaaz/ros2_ws/install/moveit_task_constructor_core/share/colcon-core/packages/moveit_task_constructor_core)
[203.908s] Level 1:colcon.colcon_core.environment:create_environment_scripts_only(moveit_task_constructor_core)
[203.908s] Level 1:colcon.colcon_core.environment:checking '/home/mmaaz/ros2_ws/install/moveit_task_constructor_core' for CMake module files
[203.908s] Level 1:colcon.colcon_core.shell:create_environment_hook('moveit_task_constructor_core', 'cmake_module_path')
[203.909s] INFO:colcon.colcon_core.shell:Creating environment hook '/home/mmaaz/ros2_ws/install/moveit_task_constructor_core/share/moveit_task_constructor_core/hook/cmake_module_path.ps1'
[203.909s] INFO:colcon.colcon_core.shell:Creating environment descriptor '/home/mmaaz/ros2_ws/install/moveit_task_constructor_core/share/moveit_task_constructor_core/hook/cmake_module_path.dsv'
[203.910s] INFO:colcon.colcon_core.shell:Creating environment hook '/home/mmaaz/ros2_ws/install/moveit_task_constructor_core/share/moveit_task_constructor_core/hook/cmake_module_path.sh'
[203.910s] Level 1:colcon.colcon_core.environment:checking '/home/mmaaz/ros2_ws/install/moveit_task_constructor_core' for CMake config files
[203.911s] Level 1:colcon.colcon_core.shell:create_environment_hook('moveit_task_constructor_core', 'cmake_prefix_path')
[203.911s] INFO:colcon.colcon_core.shell:Creating environment hook '/home/mmaaz/ros2_ws/install/moveit_task_constructor_core/share/moveit_task_constructor_core/hook/cmake_prefix_path.ps1'
[203.912s] INFO:colcon.colcon_core.shell:Creating environment descriptor '/home/mmaaz/ros2_ws/install/moveit_task_constructor_core/share/moveit_task_constructor_core/hook/cmake_prefix_path.dsv'
[203.912s] INFO:colcon.colcon_core.shell:Creating environment hook '/home/mmaaz/ros2_ws/install/moveit_task_constructor_core/share/moveit_task_constructor_core/hook/cmake_prefix_path.sh'
[203.912s] Level 1:colcon.colcon_core.environment:checking '/home/mmaaz/ros2_ws/install/moveit_task_constructor_core/lib'
[203.912s] Level 1:colcon.colcon_core.shell:create_environment_hook('moveit_task_constructor_core', 'ld_library_path_lib')
[203.913s] INFO:colcon.colcon_core.shell:Creating environment hook '/home/mmaaz/ros2_ws/install/moveit_task_constructor_core/share/moveit_task_constructor_core/hook/ld_library_path_lib.ps1'
[203.913s] INFO:colcon.colcon_core.shell:Creating environment descriptor '/home/mmaaz/ros2_ws/install/moveit_task_constructor_core/share/moveit_task_constructor_core/hook/ld_library_path_lib.dsv'
[203.913s] INFO:colcon.colcon_core.shell:Creating environment hook '/home/mmaaz/ros2_ws/install/moveit_task_constructor_core/share/moveit_task_constructor_core/hook/ld_library_path_lib.sh'
[203.914s] Level 1:colcon.colcon_core.environment:checking '/home/mmaaz/ros2_ws/install/moveit_task_constructor_core/bin'
[203.914s] Level 1:colcon.colcon_core.environment:checking '/home/mmaaz/ros2_ws/install/moveit_task_constructor_core/lib/pkgconfig/moveit_task_constructor_core.pc'
[203.914s] Level 1:colcon.colcon_core.environment:checking '/home/mmaaz/ros2_ws/install/moveit_task_constructor_core/lib/python3.12/site-packages'
[203.914s] Level 1:colcon.colcon_core.shell:create_environment_hook('moveit_task_constructor_core', 'pythonpath')
[203.914s] INFO:colcon.colcon_core.shell:Creating environment hook '/home/mmaaz/ros2_ws/install/moveit_task_constructor_core/share/moveit_task_constructor_core/hook/pythonpath.ps1'
[203.914s] INFO:colcon.colcon_core.shell:Creating environment descriptor '/home/mmaaz/ros2_ws/install/moveit_task_constructor_core/share/moveit_task_constructor_core/hook/pythonpath.dsv'
[203.915s] INFO:colcon.colcon_core.shell:Creating environment hook '/home/mmaaz/ros2_ws/install/moveit_task_constructor_core/share/moveit_task_constructor_core/hook/pythonpath.sh'
[203.915s] Level 1:colcon.colcon_core.environment:checking '/home/mmaaz/ros2_ws/install/moveit_task_constructor_core/bin'
[203.916s] INFO:colcon.colcon_core.shell:Creating package script '/home/mmaaz/ros2_ws/install/moveit_task_constructor_core/share/moveit_task_constructor_core/package.ps1'
[203.916s] INFO:colcon.colcon_core.shell:Creating package descriptor '/home/mmaaz/ros2_ws/install/moveit_task_constructor_core/share/moveit_task_constructor_core/package.dsv'
[203.917s] INFO:colcon.colcon_core.shell:Creating package script '/home/mmaaz/ros2_ws/install/moveit_task_constructor_core/share/moveit_task_constructor_core/package.sh'
[203.918s] INFO:colcon.colcon_core.shell:Creating package script '/home/mmaaz/ros2_ws/install/moveit_task_constructor_core/share/moveit_task_constructor_core/package.bash'
[203.918s] INFO:colcon.colcon_core.shell:Creating package script '/home/mmaaz/ros2_ws/install/moveit_task_constructor_core/share/moveit_task_constructor_core/package.zsh'
[203.918s] Level 1:colcon.colcon_core.environment:create_file_with_runtime_dependencies(/home/mmaaz/ros2_ws/install/moveit_task_constructor_core/share/colcon-core/packages/moveit_task_constructor_core)
[203.919s] INFO:colcon.colcon_ros.task.ament_cmake.build:Building ROS package in '/home/mmaaz/ros2_ws/src/moveit_task_constructor/capabilities' with build type 'ament_cmake'
[203.919s] INFO:colcon.colcon_cmake.task.cmake.build:Building CMake package in '/home/mmaaz/ros2_ws/src/moveit_task_constructor/capabilities'
[203.920s] INFO:colcon.colcon_core.shell:Skip shell extension 'powershell' for command environment: Not usable outside of PowerShell
[203.920s] DEBUG:colcon.colcon_core.shell:Skip shell extension 'dsv' for command environment
[203.924s] INFO:colcon.colcon_ros.task.ament_cmake.build:Building ROS package in '/home/mmaaz/ros2_ws/src/moveit_task_constructor/visualization' with build type 'ament_cmake'
[203.924s] INFO:colcon.colcon_cmake.task.cmake.build:Building CMake package in '/home/mmaaz/ros2_ws/src/moveit_task_constructor/visualization'
[203.924s] INFO:colcon.colcon_core.shell:Skip shell extension 'powershell' for command environment: Not usable outside of PowerShell
[203.924s] DEBUG:colcon.colcon_core.shell:Skip shell extension 'dsv' for command environment
[203.927s] INFO:colcon.colcon_ros.task.ament_cmake.build:Building ROS package in '/home/mmaaz/ros2_ws/src/mycobot_ros2/mycobot_mtc_demos' with build type 'ament_cmake'
[203.927s] INFO:colcon.colcon_cmake.task.cmake.build:Building CMake package in '/home/mmaaz/ros2_ws/src/mycobot_ros2/mycobot_mtc_demos'
[203.927s] INFO:colcon.colcon_core.shell:Skip shell extension 'powershell' for command environment: Not usable outside of PowerShell
[203.927s] DEBUG:colcon.colcon_core.shell:Skip shell extension 'dsv' for command environment
[203.931s] INFO:colcon.colcon_ros.task.ament_cmake.build:Building ROS package in '/home/mmaaz/ros2_ws/src/mycobot_ros2/mycobot_mtc_pick_place_demo' with build type 'ament_cmake'
[203.931s] INFO:colcon.colcon_cmake.task.cmake.build:Building CMake package in '/home/mmaaz/ros2_ws/src/mycobot_ros2/mycobot_mtc_pick_place_demo'
[203.931s] INFO:colcon.colcon_core.shell:Skip shell extension 'powershell' for command environment: Not usable outside of PowerShell
[203.931s] DEBUG:colcon.colcon_core.shell:Skip shell extension 'dsv' for command environment
[204.526s] DEBUG:colcon.colcon_core.event_handler.log_command:Invoking command in '/home/mmaaz/ros2_ws/build/moveit_task_constructor_visualization': CMAKE_MODULE_PATH=/home/mmaaz/ros2_ws/install/moveit_task_constructor_core/share/moveit_task_constructor_core/cmake:/home/mmaaz/ros2_ws/install/warehouse_ros_mongo/share/warehouse_ros_mongo/cmake CMAKE_PREFIX_PATH=/home/mmaaz/ros2_ws/install/moveit_task_constructor_core:/home/mmaaz/ros2_ws/install/rviz_marker_tools:/home/mmaaz/ros2_ws/install/moveit_task_constructor_msgs:/home/mmaaz/ros2_ws/install/warehouse_ros_mongo:/home/mmaaz/ros2_ws/install/mycobot_mtc_pick_place_demo:/home/mmaaz/ros2_ws/install/mycobot_mtc_demos:/home/mmaaz/ros2_ws/install/moveit_task_constructor_visualization:/home/mmaaz/ros2_ws/install/moveit_task_constructor_demo:/home/mmaaz/ros2_ws/install/moveit_task_constructor_capabilities:/home/mmaaz/ros2_ws/install/mycobot_ros2:/home/mmaaz/ros2_ws/install/mycobot_system_tests:/home/mmaaz/ros2_ws/install/mycobot_moveit_demos:/home/mmaaz/ros2_ws/install/mycobot_moveit_config:/home/mmaaz/ros2_ws/install/mycobot_interfaces:/home/mmaaz/ros2_ws/install/mycobot_gazebo:/home/mmaaz/ros2_ws/install/mycobot_description:/home/mmaaz/ros2_ws/install/mycobot_bringup:/opt/ros/jazzy/opt/gz_sim_vendor:/opt/ros/jazzy/opt/gz_sensors_vendor:/opt/ros/jazzy/opt/gz_physics_vendor:/opt/ros/jazzy/opt/sdformat_vendor:/opt/ros/jazzy/opt/gz_gui_vendor:/opt/ros/jazzy/opt/gz_transport_vendor:/opt/ros/jazzy/opt/gz_rendering_vendor:/opt/ros/jazzy/opt/gz_plugin_vendor:/opt/ros/jazzy/opt/gz_fuel_tools_vendor:/opt/ros/jazzy/opt/gz_msgs_vendor:/opt/ros/jazzy/opt/gz_common_vendor:/opt/ros/jazzy/opt/gz_math_vendor:/opt/ros/jazzy/opt/gz_utils_vendor:/opt/ros/jazzy/opt/gz_tools_vendor:/opt/ros/jazzy/opt/gz_ogre_next_vendor:/opt/ros/jazzy/opt/gz_dartsim_vendor:/opt/ros/jazzy/opt/gz_cmake_vendor:/opt/ros/jazzy LD_LIBRARY_PATH=/home/mmaaz/ros2_ws/install/moveit_task_constructor_core/lib:/home/mmaaz/ros2_ws/install/rviz_marker_tools/lib:/home/mmaaz/ros2_ws/install/moveit_task_constructor_msgs/lib:/home/mmaaz/ros2_ws/install/warehouse_ros_mongo/lib:/home/mmaaz/ros2_ws/install/mycobot_mtc_pick_place_demo/lib:/home/mmaaz/ros2_ws/install/moveit_task_constructor_visualization/lib:/home/mmaaz/ros2_ws/install/moveit_task_constructor_demo/lib:/home/mmaaz/ros2_ws/install/moveit_task_constructor_capabilities/lib:/home/mmaaz/ros2_ws/install/mycobot_interfaces/lib:/opt/ros/jazzy/opt/gz_sim_vendor/lib:/opt/ros/jazzy/opt/gz_sensors_vendor/lib:/opt/ros/jazzy/opt/gz_physics_vendor/lib:/opt/ros/jazzy/opt/sdformat_vendor/lib:/opt/ros/jazzy/opt/rviz_ogre_vendor/lib:/opt/ros/jazzy/lib/x86_64-linux-gnu:/opt/ros/jazzy/opt/gz_gui_vendor/lib:/opt/ros/jazzy/opt/gz_transport_vendor/lib:/opt/ros/jazzy/opt/gz_rendering_vendor/lib:/opt/ros/jazzy/opt/gz_plugin_vendor/lib:/opt/ros/jazzy/opt/gz_fuel_tools_vendor/lib:/opt/ros/jazzy/opt/gz_msgs_vendor/lib:/opt/ros/jazzy/opt/gz_common_vendor/lib:/opt/ros/jazzy/opt/gz_math_vendor/lib:/opt/ros/jazzy/opt/gz_utils_vendor/lib:/opt/ros/jazzy/opt/gz_tools_vendor/lib:/opt/ros/jazzy/opt/gz_ogre_next_vendor/lib:/opt/ros/jazzy/opt/gz_dartsim_vendor/lib:/opt/ros/jazzy/opt/gz_cmake_vendor/lib:/opt/ros/jazzy/lib PYTHONPATH=/home/mmaaz/ros2_ws/install/moveit_task_constructor_core/lib/python3.12/site-packages:/home/mmaaz/ros2_ws/install/moveit_task_constructor_msgs/lib/python3.12/site-packages:/home/mmaaz/ros2_ws/install/warehouse_ros_mongo/lib/python3.12/site-packages:/home/mmaaz/ros2_ws/install/mycobot_interfaces/lib/python3.12/site-packages:/opt/ros/jazzy/lib/python3.12/site-packages /usr/bin/cmake /home/mmaaz/ros2_ws/src/moveit_task_constructor/visualization -DAMENT_CMAKE_SYMLINK_INSTALL=1 -DCMAKE_INSTALL_PREFIX=/home/mmaaz/ros2_ws/install/moveit_task_constructor_visualization
[204.635s] DEBUG:colcon.colcon_core.event_handler.log_command:Invoking command in '/home/mmaaz/ros2_ws/build/moveit_task_constructor_capabilities': CMAKE_MODULE_PATH=/home/mmaaz/ros2_ws/install/moveit_task_constructor_core/share/moveit_task_constructor_core/cmake:/home/mmaaz/ros2_ws/install/warehouse_ros_mongo/share/warehouse_ros_mongo/cmake CMAKE_PREFIX_PATH=/home/mmaaz/ros2_ws/install/moveit_task_constructor_core:/home/mmaaz/ros2_ws/install/rviz_marker_tools:/home/mmaaz/ros2_ws/install/moveit_task_constructor_msgs:/home/mmaaz/ros2_ws/install/warehouse_ros_mongo:/home/mmaaz/ros2_ws/install/mycobot_mtc_pick_place_demo:/home/mmaaz/ros2_ws/install/mycobot_mtc_demos:/home/mmaaz/ros2_ws/install/moveit_task_constructor_visualization:/home/mmaaz/ros2_ws/install/moveit_task_constructor_demo:/home/mmaaz/ros2_ws/install/moveit_task_constructor_capabilities:/home/mmaaz/ros2_ws/install/mycobot_ros2:/home/mmaaz/ros2_ws/install/mycobot_system_tests:/home/mmaaz/ros2_ws/install/mycobot_moveit_demos:/home/mmaaz/ros2_ws/install/mycobot_moveit_config:/home/mmaaz/ros2_ws/install/mycobot_interfaces:/home/mmaaz/ros2_ws/install/mycobot_gazebo:/home/mmaaz/ros2_ws/install/mycobot_description:/home/mmaaz/ros2_ws/install/mycobot_bringup:/opt/ros/jazzy/opt/gz_sim_vendor:/opt/ros/jazzy/opt/gz_sensors_vendor:/opt/ros/jazzy/opt/gz_physics_vendor:/opt/ros/jazzy/opt/sdformat_vendor:/opt/ros/jazzy/opt/gz_gui_vendor:/opt/ros/jazzy/opt/gz_transport_vendor:/opt/ros/jazzy/opt/gz_rendering_vendor:/opt/ros/jazzy/opt/gz_plugin_vendor:/opt/ros/jazzy/opt/gz_fuel_tools_vendor:/opt/ros/jazzy/opt/gz_msgs_vendor:/opt/ros/jazzy/opt/gz_common_vendor:/opt/ros/jazzy/opt/gz_math_vendor:/opt/ros/jazzy/opt/gz_utils_vendor:/opt/ros/jazzy/opt/gz_tools_vendor:/opt/ros/jazzy/opt/gz_ogre_next_vendor:/opt/ros/jazzy/opt/gz_dartsim_vendor:/opt/ros/jazzy/opt/gz_cmake_vendor:/opt/ros/jazzy LD_LIBRARY_PATH=/home/mmaaz/ros2_ws/install/moveit_task_constructor_core/lib:/home/mmaaz/ros2_ws/install/rviz_marker_tools/lib:/home/mmaaz/ros2_ws/install/moveit_task_constructor_msgs/lib:/home/mmaaz/ros2_ws/install/warehouse_ros_mongo/lib:/home/mmaaz/ros2_ws/install/mycobot_mtc_pick_place_demo/lib:/home/mmaaz/ros2_ws/install/moveit_task_constructor_visualization/lib:/home/mmaaz/ros2_ws/install/moveit_task_constructor_demo/lib:/home/mmaaz/ros2_ws/install/moveit_task_constructor_capabilities/lib:/home/mmaaz/ros2_ws/install/mycobot_interfaces/lib:/opt/ros/jazzy/opt/gz_sim_vendor/lib:/opt/ros/jazzy/opt/gz_sensors_vendor/lib:/opt/ros/jazzy/opt/gz_physics_vendor/lib:/opt/ros/jazzy/opt/sdformat_vendor/lib:/opt/ros/jazzy/opt/rviz_ogre_vendor/lib:/opt/ros/jazzy/lib/x86_64-linux-gnu:/opt/ros/jazzy/opt/gz_gui_vendor/lib:/opt/ros/jazzy/opt/gz_transport_vendor/lib:/opt/ros/jazzy/opt/gz_rendering_vendor/lib:/opt/ros/jazzy/opt/gz_plugin_vendor/lib:/opt/ros/jazzy/opt/gz_fuel_tools_vendor/lib:/opt/ros/jazzy/opt/gz_msgs_vendor/lib:/opt/ros/jazzy/opt/gz_common_vendor/lib:/opt/ros/jazzy/opt/gz_math_vendor/lib:/opt/ros/jazzy/opt/gz_utils_vendor/lib:/opt/ros/jazzy/opt/gz_tools_vendor/lib:/opt/ros/jazzy/opt/gz_ogre_next_vendor/lib:/opt/ros/jazzy/opt/gz_dartsim_vendor/lib:/opt/ros/jazzy/opt/gz_cmake_vendor/lib:/opt/ros/jazzy/lib PYTHONPATH=/home/mmaaz/ros2_ws/install/moveit_task_constructor_core/lib/python3.12/site-packages:/home/mmaaz/ros2_ws/install/moveit_task_constructor_msgs/lib/python3.12/site-packages:/home/mmaaz/ros2_ws/install/warehouse_ros_mongo/lib/python3.12/site-packages:/home/mmaaz/ros2_ws/install/mycobot_interfaces/lib/python3.12/site-packages:/opt/ros/jazzy/lib/python3.12/site-packages /usr/bin/cmake /home/mmaaz/ros2_ws/src/moveit_task_constructor/capabilities -DAMENT_CMAKE_SYMLINK_INSTALL=1 -DCMAKE_INSTALL_PREFIX=/home/mmaaz/ros2_ws/install/moveit_task_constructor_capabilities
[204.698s] DEBUG:colcon.colcon_core.event_handler.log_command:Invoking command in '/home/mmaaz/ros2_ws/build/mycobot_mtc_demos': CMAKE_MODULE_PATH=/home/mmaaz/ros2_ws/install/moveit_task_constructor_core/share/moveit_task_constructor_core/cmake:/home/mmaaz/ros2_ws/install/warehouse_ros_mongo/share/warehouse_ros_mongo/cmake CMAKE_PREFIX_PATH=/home/mmaaz/ros2_ws/install/moveit_task_constructor_core:/home/mmaaz/ros2_ws/install/rviz_marker_tools:/home/mmaaz/ros2_ws/install/moveit_task_constructor_msgs:/home/mmaaz/ros2_ws/install/warehouse_ros_mongo:/home/mmaaz/ros2_ws/install/mycobot_mtc_pick_place_demo:/home/mmaaz/ros2_ws/install/mycobot_mtc_demos:/home/mmaaz/ros2_ws/install/moveit_task_constructor_visualization:/home/mmaaz/ros2_ws/install/moveit_task_constructor_demo:/home/mmaaz/ros2_ws/install/moveit_task_constructor_capabilities:/home/mmaaz/ros2_ws/install/mycobot_ros2:/home/mmaaz/ros2_ws/install/mycobot_system_tests:/home/mmaaz/ros2_ws/install/mycobot_moveit_demos:/home/mmaaz/ros2_ws/install/mycobot_moveit_config:/home/mmaaz/ros2_ws/install/mycobot_interfaces:/home/mmaaz/ros2_ws/install/mycobot_gazebo:/home/mmaaz/ros2_ws/install/mycobot_description:/home/mmaaz/ros2_ws/install/mycobot_bringup:/opt/ros/jazzy/opt/gz_sim_vendor:/opt/ros/jazzy/opt/gz_sensors_vendor:/opt/ros/jazzy/opt/gz_physics_vendor:/opt/ros/jazzy/opt/sdformat_vendor:/opt/ros/jazzy/opt/gz_gui_vendor:/opt/ros/jazzy/opt/gz_transport_vendor:/opt/ros/jazzy/opt/gz_rendering_vendor:/opt/ros/jazzy/opt/gz_plugin_vendor:/opt/ros/jazzy/opt/gz_fuel_tools_vendor:/opt/ros/jazzy/opt/gz_msgs_vendor:/opt/ros/jazzy/opt/gz_common_vendor:/opt/ros/jazzy/opt/gz_math_vendor:/opt/ros/jazzy/opt/gz_utils_vendor:/opt/ros/jazzy/opt/gz_tools_vendor:/opt/ros/jazzy/opt/gz_ogre_next_vendor:/opt/ros/jazzy/opt/gz_dartsim_vendor:/opt/ros/jazzy/opt/gz_cmake_vendor:/opt/ros/jazzy LD_LIBRARY_PATH=/home/mmaaz/ros2_ws/install/moveit_task_constructor_core/lib:/home/mmaaz/ros2_ws/install/rviz_marker_tools/lib:/home/mmaaz/ros2_ws/install/moveit_task_constructor_msgs/lib:/home/mmaaz/ros2_ws/install/warehouse_ros_mongo/lib:/home/mmaaz/ros2_ws/install/mycobot_mtc_pick_place_demo/lib:/home/mmaaz/ros2_ws/install/moveit_task_constructor_visualization/lib:/home/mmaaz/ros2_ws/install/moveit_task_constructor_demo/lib:/home/mmaaz/ros2_ws/install/moveit_task_constructor_capabilities/lib:/home/mmaaz/ros2_ws/install/mycobot_interfaces/lib:/opt/ros/jazzy/opt/gz_sim_vendor/lib:/opt/ros/jazzy/opt/gz_sensors_vendor/lib:/opt/ros/jazzy/opt/gz_physics_vendor/lib:/opt/ros/jazzy/opt/sdformat_vendor/lib:/opt/ros/jazzy/opt/rviz_ogre_vendor/lib:/opt/ros/jazzy/lib/x86_64-linux-gnu:/opt/ros/jazzy/opt/gz_gui_vendor/lib:/opt/ros/jazzy/opt/gz_transport_vendor/lib:/opt/ros/jazzy/opt/gz_rendering_vendor/lib:/opt/ros/jazzy/opt/gz_plugin_vendor/lib:/opt/ros/jazzy/opt/gz_fuel_tools_vendor/lib:/opt/ros/jazzy/opt/gz_msgs_vendor/lib:/opt/ros/jazzy/opt/gz_common_vendor/lib:/opt/ros/jazzy/opt/gz_math_vendor/lib:/opt/ros/jazzy/opt/gz_utils_vendor/lib:/opt/ros/jazzy/opt/gz_tools_vendor/lib:/opt/ros/jazzy/opt/gz_ogre_next_vendor/lib:/opt/ros/jazzy/opt/gz_dartsim_vendor/lib:/opt/ros/jazzy/opt/gz_cmake_vendor/lib:/opt/ros/jazzy/lib PYTHONPATH=/home/mmaaz/ros2_ws/install/moveit_task_constructor_core/lib/python3.12/site-packages:/home/mmaaz/ros2_ws/install/moveit_task_constructor_msgs/lib/python3.12/site-packages:/home/mmaaz/ros2_ws/install/warehouse_ros_mongo/lib/python3.12/site-packages:/home/mmaaz/ros2_ws/install/mycobot_interfaces/lib/python3.12/site-packages:/opt/ros/jazzy/lib/python3.12/site-packages /usr/bin/cmake /home/mmaaz/ros2_ws/src/mycobot_ros2/mycobot_mtc_demos -DAMENT_CMAKE_SYMLINK_INSTALL=1 -DCMAKE_INSTALL_PREFIX=/home/mmaaz/ros2_ws/install/mycobot_mtc_demos
[204.884s] DEBUG:colcon.colcon_core.event_handler.log_command:Invoking command in '/home/mmaaz/ros2_ws/build/mycobot_mtc_pick_place_demo': CMAKE_MODULE_PATH=/home/mmaaz/ros2_ws/install/moveit_task_constructor_core/share/moveit_task_constructor_core/cmake:/home/mmaaz/ros2_ws/install/warehouse_ros_mongo/share/warehouse_ros_mongo/cmake CMAKE_PREFIX_PATH=/home/mmaaz/ros2_ws/install/moveit_task_constructor_core:/home/mmaaz/ros2_ws/install/rviz_marker_tools:/home/mmaaz/ros2_ws/install/mycobot_interfaces:/home/mmaaz/ros2_ws/install/moveit_task_constructor_msgs:/home/mmaaz/ros2_ws/install/warehouse_ros_mongo:/home/mmaaz/ros2_ws/install/mycobot_mtc_pick_place_demo:/home/mmaaz/ros2_ws/install/mycobot_mtc_demos:/home/mmaaz/ros2_ws/install/moveit_task_constructor_visualization:/home/mmaaz/ros2_ws/install/moveit_task_constructor_demo:/home/mmaaz/ros2_ws/install/moveit_task_constructor_capabilities:/home/mmaaz/ros2_ws/install/mycobot_ros2:/home/mmaaz/ros2_ws/install/mycobot_system_tests:/home/mmaaz/ros2_ws/install/mycobot_moveit_demos:/home/mmaaz/ros2_ws/install/mycobot_moveit_config:/home/mmaaz/ros2_ws/install/mycobot_gazebo:/home/mmaaz/ros2_ws/install/mycobot_description:/home/mmaaz/ros2_ws/install/mycobot_bringup:/opt/ros/jazzy/opt/gz_sim_vendor:/opt/ros/jazzy/opt/gz_sensors_vendor:/opt/ros/jazzy/opt/gz_physics_vendor:/opt/ros/jazzy/opt/sdformat_vendor:/opt/ros/jazzy/opt/gz_gui_vendor:/opt/ros/jazzy/opt/gz_transport_vendor:/opt/ros/jazzy/opt/gz_rendering_vendor:/opt/ros/jazzy/opt/gz_plugin_vendor:/opt/ros/jazzy/opt/gz_fuel_tools_vendor:/opt/ros/jazzy/opt/gz_msgs_vendor:/opt/ros/jazzy/opt/gz_common_vendor:/opt/ros/jazzy/opt/gz_math_vendor:/opt/ros/jazzy/opt/gz_utils_vendor:/opt/ros/jazzy/opt/gz_tools_vendor:/opt/ros/jazzy/opt/gz_ogre_next_vendor:/opt/ros/jazzy/opt/gz_dartsim_vendor:/opt/ros/jazzy/opt/gz_cmake_vendor:/opt/ros/jazzy LD_LIBRARY_PATH=/home/mmaaz/ros2_ws/install/moveit_task_constructor_core/lib:/home/mmaaz/ros2_ws/install/rviz_marker_tools/lib:/home/mmaaz/ros2_ws/install/mycobot_interfaces/lib:/home/mmaaz/ros2_ws/install/moveit_task_constructor_msgs/lib:/home/mmaaz/ros2_ws/install/warehouse_ros_mongo/lib:/home/mmaaz/ros2_ws/install/mycobot_mtc_pick_place_demo/lib:/home/mmaaz/ros2_ws/install/moveit_task_constructor_visualization/lib:/home/mmaaz/ros2_ws/install/moveit_task_constructor_demo/lib:/home/mmaaz/ros2_ws/install/moveit_task_constructor_capabilities/lib:/opt/ros/jazzy/opt/gz_sim_vendor/lib:/opt/ros/jazzy/opt/gz_sensors_vendor/lib:/opt/ros/jazzy/opt/gz_physics_vendor/lib:/opt/ros/jazzy/opt/sdformat_vendor/lib:/opt/ros/jazzy/opt/rviz_ogre_vendor/lib:/opt/ros/jazzy/lib/x86_64-linux-gnu:/opt/ros/jazzy/opt/gz_gui_vendor/lib:/opt/ros/jazzy/opt/gz_transport_vendor/lib:/opt/ros/jazzy/opt/gz_rendering_vendor/lib:/opt/ros/jazzy/opt/gz_plugin_vendor/lib:/opt/ros/jazzy/opt/gz_fuel_tools_vendor/lib:/opt/ros/jazzy/opt/gz_msgs_vendor/lib:/opt/ros/jazzy/opt/gz_common_vendor/lib:/opt/ros/jazzy/opt/gz_math_vendor/lib:/opt/ros/jazzy/opt/gz_utils_vendor/lib:/opt/ros/jazzy/opt/gz_tools_vendor/lib:/opt/ros/jazzy/opt/gz_ogre_next_vendor/lib:/opt/ros/jazzy/opt/gz_dartsim_vendor/lib:/opt/ros/jazzy/opt/gz_cmake_vendor/lib:/opt/ros/jazzy/lib PYTHONPATH=/home/mmaaz/ros2_ws/install/moveit_task_constructor_core/lib/python3.12/site-packages:/home/mmaaz/ros2_ws/install/mycobot_interfaces/lib/python3.12/site-packages:/home/mmaaz/ros2_ws/install/moveit_task_constructor_msgs/lib/python3.12/site-packages:/home/mmaaz/ros2_ws/install/warehouse_ros_mongo/lib/python3.12/site-packages:/opt/ros/jazzy/lib/python3.12/site-packages /usr/bin/cmake /home/mmaaz/ros2_ws/src/mycobot_ros2/mycobot_mtc_pick_place_demo -DAMENT_CMAKE_SYMLINK_INSTALL=1 -DCMAKE_INSTALL_PREFIX=/home/mmaaz/ros2_ws/install/mycobot_mtc_pick_place_demo
[212.630s] DEBUG:colcon.colcon_core.event_handler.log_command:Invoked command in '/home/mmaaz/ros2_ws/build/moveit_task_constructor_capabilities' returned '0': CMAKE_MODULE_PATH=/home/mmaaz/ros2_ws/install/moveit_task_constructor_core/share/moveit_task_constructor_core/cmake:/home/mmaaz/ros2_ws/install/warehouse_ros_mongo/share/warehouse_ros_mongo/cmake CMAKE_PREFIX_PATH=/home/mmaaz/ros2_ws/install/moveit_task_constructor_core:/home/mmaaz/ros2_ws/install/rviz_marker_tools:/home/mmaaz/ros2_ws/install/moveit_task_constructor_msgs:/home/mmaaz/ros2_ws/install/warehouse_ros_mongo:/home/mmaaz/ros2_ws/install/mycobot_mtc_pick_place_demo:/home/mmaaz/ros2_ws/install/mycobot_mtc_demos:/home/mmaaz/ros2_ws/install/moveit_task_constructor_visualization:/home/mmaaz/ros2_ws/install/moveit_task_constructor_demo:/home/mmaaz/ros2_ws/install/moveit_task_constructor_capabilities:/home/mmaaz/ros2_ws/install/mycobot_ros2:/home/mmaaz/ros2_ws/install/mycobot_system_tests:/home/mmaaz/ros2_ws/install/mycobot_moveit_demos:/home/mmaaz/ros2_ws/install/mycobot_moveit_config:/home/mmaaz/ros2_ws/install/mycobot_interfaces:/home/mmaaz/ros2_ws/install/mycobot_gazebo:/home/mmaaz/ros2_ws/install/mycobot_description:/home/mmaaz/ros2_ws/install/mycobot_bringup:/opt/ros/jazzy/opt/gz_sim_vendor:/opt/ros/jazzy/opt/gz_sensors_vendor:/opt/ros/jazzy/opt/gz_physics_vendor:/opt/ros/jazzy/opt/sdformat_vendor:/opt/ros/jazzy/opt/gz_gui_vendor:/opt/ros/jazzy/opt/gz_transport_vendor:/opt/ros/jazzy/opt/gz_rendering_vendor:/opt/ros/jazzy/opt/gz_plugin_vendor:/opt/ros/jazzy/opt/gz_fuel_tools_vendor:/opt/ros/jazzy/opt/gz_msgs_vendor:/opt/ros/jazzy/opt/gz_common_vendor:/opt/ros/jazzy/opt/gz_math_vendor:/opt/ros/jazzy/opt/gz_utils_vendor:/opt/ros/jazzy/opt/gz_tools_vendor:/opt/ros/jazzy/opt/gz_ogre_next_vendor:/opt/ros/jazzy/opt/gz_dartsim_vendor:/opt/ros/jazzy/opt/gz_cmake_vendor:/opt/ros/jazzy LD_LIBRARY_PATH=/home/mmaaz/ros2_ws/install/moveit_task_constructor_core/lib:/home/mmaaz/ros2_ws/install/rviz_marker_tools/lib:/home/mmaaz/ros2_ws/install/moveit_task_constructor_msgs/lib:/home/mmaaz/ros2_ws/install/warehouse_ros_mongo/lib:/home/mmaaz/ros2_ws/install/mycobot_mtc_pick_place_demo/lib:/home/mmaaz/ros2_ws/install/moveit_task_constructor_visualization/lib:/home/mmaaz/ros2_ws/install/moveit_task_constructor_demo/lib:/home/mmaaz/ros2_ws/install/moveit_task_constructor_capabilities/lib:/home/mmaaz/ros2_ws/install/mycobot_interfaces/lib:/opt/ros/jazzy/opt/gz_sim_vendor/lib:/opt/ros/jazzy/opt/gz_sensors_vendor/lib:/opt/ros/jazzy/opt/gz_physics_vendor/lib:/opt/ros/jazzy/opt/sdformat_vendor/lib:/opt/ros/jazzy/opt/rviz_ogre_vendor/lib:/opt/ros/jazzy/lib/x86_64-linux-gnu:/opt/ros/jazzy/opt/gz_gui_vendor/lib:/opt/ros/jazzy/opt/gz_transport_vendor/lib:/opt/ros/jazzy/opt/gz_rendering_vendor/lib:/opt/ros/jazzy/opt/gz_plugin_vendor/lib:/opt/ros/jazzy/opt/gz_fuel_tools_vendor/lib:/opt/ros/jazzy/opt/gz_msgs_vendor/lib:/opt/ros/jazzy/opt/gz_common_vendor/lib:/opt/ros/jazzy/opt/gz_math_vendor/lib:/opt/ros/jazzy/opt/gz_utils_vendor/lib:/opt/ros/jazzy/opt/gz_tools_vendor/lib:/opt/ros/jazzy/opt/gz_ogre_next_vendor/lib:/opt/ros/jazzy/opt/gz_dartsim_vendor/lib:/opt/ros/jazzy/opt/gz_cmake_vendor/lib:/opt/ros/jazzy/lib PYTHONPATH=/home/mmaaz/ros2_ws/install/moveit_task_constructor_core/lib/python3.12/site-packages:/home/mmaaz/ros2_ws/install/moveit_task_constructor_msgs/lib/python3.12/site-packages:/home/mmaaz/ros2_ws/install/warehouse_ros_mongo/lib/python3.12/site-packages:/home/mmaaz/ros2_ws/install/mycobot_interfaces/lib/python3.12/site-packages:/opt/ros/jazzy/lib/python3.12/site-packages /usr/bin/cmake /home/mmaaz/ros2_ws/src/moveit_task_constructor/capabilities -DAMENT_CMAKE_SYMLINK_INSTALL=1 -DCMAKE_INSTALL_PREFIX=/home/mmaaz/ros2_ws/install/moveit_task_constructor_capabilities
[212.632s] DEBUG:colcon.colcon_core.event_handler.log_command:Invoking command in '/home/mmaaz/ros2_ws/build/moveit_task_constructor_capabilities': CMAKE_MODULE_PATH=/home/mmaaz/ros2_ws/install/moveit_task_constructor_core/share/moveit_task_constructor_core/cmake:/home/mmaaz/ros2_ws/install/warehouse_ros_mongo/share/warehouse_ros_mongo/cmake CMAKE_PREFIX_PATH=/home/mmaaz/ros2_ws/install/moveit_task_constructor_core:/home/mmaaz/ros2_ws/install/rviz_marker_tools:/home/mmaaz/ros2_ws/install/moveit_task_constructor_msgs:/home/mmaaz/ros2_ws/install/warehouse_ros_mongo:/home/mmaaz/ros2_ws/install/mycobot_mtc_pick_place_demo:/home/mmaaz/ros2_ws/install/mycobot_mtc_demos:/home/mmaaz/ros2_ws/install/moveit_task_constructor_visualization:/home/mmaaz/ros2_ws/install/moveit_task_constructor_demo:/home/mmaaz/ros2_ws/install/moveit_task_constructor_capabilities:/home/mmaaz/ros2_ws/install/mycobot_ros2:/home/mmaaz/ros2_ws/install/mycobot_system_tests:/home/mmaaz/ros2_ws/install/mycobot_moveit_demos:/home/mmaaz/ros2_ws/install/mycobot_moveit_config:/home/mmaaz/ros2_ws/install/mycobot_interfaces:/home/mmaaz/ros2_ws/install/mycobot_gazebo:/home/mmaaz/ros2_ws/install/mycobot_description:/home/mmaaz/ros2_ws/install/mycobot_bringup:/opt/ros/jazzy/opt/gz_sim_vendor:/opt/ros/jazzy/opt/gz_sensors_vendor:/opt/ros/jazzy/opt/gz_physics_vendor:/opt/ros/jazzy/opt/sdformat_vendor:/opt/ros/jazzy/opt/gz_gui_vendor:/opt/ros/jazzy/opt/gz_transport_vendor:/opt/ros/jazzy/opt/gz_rendering_vendor:/opt/ros/jazzy/opt/gz_plugin_vendor:/opt/ros/jazzy/opt/gz_fuel_tools_vendor:/opt/ros/jazzy/opt/gz_msgs_vendor:/opt/ros/jazzy/opt/gz_common_vendor:/opt/ros/jazzy/opt/gz_math_vendor:/opt/ros/jazzy/opt/gz_utils_vendor:/opt/ros/jazzy/opt/gz_tools_vendor:/opt/ros/jazzy/opt/gz_ogre_next_vendor:/opt/ros/jazzy/opt/gz_dartsim_vendor:/opt/ros/jazzy/opt/gz_cmake_vendor:/opt/ros/jazzy LD_LIBRARY_PATH=/home/mmaaz/ros2_ws/install/moveit_task_constructor_core/lib:/home/mmaaz/ros2_ws/install/rviz_marker_tools/lib:/home/mmaaz/ros2_ws/install/moveit_task_constructor_msgs/lib:/home/mmaaz/ros2_ws/install/warehouse_ros_mongo/lib:/home/mmaaz/ros2_ws/install/mycobot_mtc_pick_place_demo/lib:/home/mmaaz/ros2_ws/install/moveit_task_constructor_visualization/lib:/home/mmaaz/ros2_ws/install/moveit_task_constructor_demo/lib:/home/mmaaz/ros2_ws/install/moveit_task_constructor_capabilities/lib:/home/mmaaz/ros2_ws/install/mycobot_interfaces/lib:/opt/ros/jazzy/opt/gz_sim_vendor/lib:/opt/ros/jazzy/opt/gz_sensors_vendor/lib:/opt/ros/jazzy/opt/gz_physics_vendor/lib:/opt/ros/jazzy/opt/sdformat_vendor/lib:/opt/ros/jazzy/opt/rviz_ogre_vendor/lib:/opt/ros/jazzy/lib/x86_64-linux-gnu:/opt/ros/jazzy/opt/gz_gui_vendor/lib:/opt/ros/jazzy/opt/gz_transport_vendor/lib:/opt/ros/jazzy/opt/gz_rendering_vendor/lib:/opt/ros/jazzy/opt/gz_plugin_vendor/lib:/opt/ros/jazzy/opt/gz_fuel_tools_vendor/lib:/opt/ros/jazzy/opt/gz_msgs_vendor/lib:/opt/ros/jazzy/opt/gz_common_vendor/lib:/opt/ros/jazzy/opt/gz_math_vendor/lib:/opt/ros/jazzy/opt/gz_utils_vendor/lib:/opt/ros/jazzy/opt/gz_tools_vendor/lib:/opt/ros/jazzy/opt/gz_ogre_next_vendor/lib:/opt/ros/jazzy/opt/gz_dartsim_vendor/lib:/opt/ros/jazzy/opt/gz_cmake_vendor/lib:/opt/ros/jazzy/lib PYTHONPATH=/home/mmaaz/ros2_ws/install/moveit_task_constructor_core/lib/python3.12/site-packages:/home/mmaaz/ros2_ws/install/moveit_task_constructor_msgs/lib/python3.12/site-packages:/home/mmaaz/ros2_ws/install/warehouse_ros_mongo/lib/python3.12/site-packages:/home/mmaaz/ros2_ws/install/mycobot_interfaces/lib/python3.12/site-packages:/opt/ros/jazzy/lib/python3.12/site-packages /usr/bin/cmake --build /home/mmaaz/ros2_ws/build/moveit_task_constructor_capabilities -- -j22 -l22
[212.768s] DEBUG:colcon.colcon_core.event_handler.log_command:Invoked command in '/home/mmaaz/ros2_ws/build/mycobot_mtc_demos' returned '0': CMAKE_MODULE_PATH=/home/mmaaz/ros2_ws/install/moveit_task_constructor_core/share/moveit_task_constructor_core/cmake:/home/mmaaz/ros2_ws/install/warehouse_ros_mongo/share/warehouse_ros_mongo/cmake CMAKE_PREFIX_PATH=/home/mmaaz/ros2_ws/install/moveit_task_constructor_core:/home/mmaaz/ros2_ws/install/rviz_marker_tools:/home/mmaaz/ros2_ws/install/moveit_task_constructor_msgs:/home/mmaaz/ros2_ws/install/warehouse_ros_mongo:/home/mmaaz/ros2_ws/install/mycobot_mtc_pick_place_demo:/home/mmaaz/ros2_ws/install/mycobot_mtc_demos:/home/mmaaz/ros2_ws/install/moveit_task_constructor_visualization:/home/mmaaz/ros2_ws/install/moveit_task_constructor_demo:/home/mmaaz/ros2_ws/install/moveit_task_constructor_capabilities:/home/mmaaz/ros2_ws/install/mycobot_ros2:/home/mmaaz/ros2_ws/install/mycobot_system_tests:/home/mmaaz/ros2_ws/install/mycobot_moveit_demos:/home/mmaaz/ros2_ws/install/mycobot_moveit_config:/home/mmaaz/ros2_ws/install/mycobot_interfaces:/home/mmaaz/ros2_ws/install/mycobot_gazebo:/home/mmaaz/ros2_ws/install/mycobot_description:/home/mmaaz/ros2_ws/install/mycobot_bringup:/opt/ros/jazzy/opt/gz_sim_vendor:/opt/ros/jazzy/opt/gz_sensors_vendor:/opt/ros/jazzy/opt/gz_physics_vendor:/opt/ros/jazzy/opt/sdformat_vendor:/opt/ros/jazzy/opt/gz_gui_vendor:/opt/ros/jazzy/opt/gz_transport_vendor:/opt/ros/jazzy/opt/gz_rendering_vendor:/opt/ros/jazzy/opt/gz_plugin_vendor:/opt/ros/jazzy/opt/gz_fuel_tools_vendor:/opt/ros/jazzy/opt/gz_msgs_vendor:/opt/ros/jazzy/opt/gz_common_vendor:/opt/ros/jazzy/opt/gz_math_vendor:/opt/ros/jazzy/opt/gz_utils_vendor:/opt/ros/jazzy/opt/gz_tools_vendor:/opt/ros/jazzy/opt/gz_ogre_next_vendor:/opt/ros/jazzy/opt/gz_dartsim_vendor:/opt/ros/jazzy/opt/gz_cmake_vendor:/opt/ros/jazzy LD_LIBRARY_PATH=/home/mmaaz/ros2_ws/install/moveit_task_constructor_core/lib:/home/mmaaz/ros2_ws/install/rviz_marker_tools/lib:/home/mmaaz/ros2_ws/install/moveit_task_constructor_msgs/lib:/home/mmaaz/ros2_ws/install/warehouse_ros_mongo/lib:/home/mmaaz/ros2_ws/install/mycobot_mtc_pick_place_demo/lib:/home/mmaaz/ros2_ws/install/moveit_task_constructor_visualization/lib:/home/mmaaz/ros2_ws/install/moveit_task_constructor_demo/lib:/home/mmaaz/ros2_ws/install/moveit_task_constructor_capabilities/lib:/home/mmaaz/ros2_ws/install/mycobot_interfaces/lib:/opt/ros/jazzy/opt/gz_sim_vendor/lib:/opt/ros/jazzy/opt/gz_sensors_vendor/lib:/opt/ros/jazzy/opt/gz_physics_vendor/lib:/opt/ros/jazzy/opt/sdformat_vendor/lib:/opt/ros/jazzy/opt/rviz_ogre_vendor/lib:/opt/ros/jazzy/lib/x86_64-linux-gnu:/opt/ros/jazzy/opt/gz_gui_vendor/lib:/opt/ros/jazzy/opt/gz_transport_vendor/lib:/opt/ros/jazzy/opt/gz_rendering_vendor/lib:/opt/ros/jazzy/opt/gz_plugin_vendor/lib:/opt/ros/jazzy/opt/gz_fuel_tools_vendor/lib:/opt/ros/jazzy/opt/gz_msgs_vendor/lib:/opt/ros/jazzy/opt/gz_common_vendor/lib:/opt/ros/jazzy/opt/gz_math_vendor/lib:/opt/ros/jazzy/opt/gz_utils_vendor/lib:/opt/ros/jazzy/opt/gz_tools_vendor/lib:/opt/ros/jazzy/opt/gz_ogre_next_vendor/lib:/opt/ros/jazzy/opt/gz_dartsim_vendor/lib:/opt/ros/jazzy/opt/gz_cmake_vendor/lib:/opt/ros/jazzy/lib PYTHONPATH=/home/mmaaz/ros2_ws/install/moveit_task_constructor_core/lib/python3.12/site-packages:/home/mmaaz/ros2_ws/install/moveit_task_constructor_msgs/lib/python3.12/site-packages:/home/mmaaz/ros2_ws/install/warehouse_ros_mongo/lib/python3.12/site-packages:/home/mmaaz/ros2_ws/install/mycobot_interfaces/lib/python3.12/site-packages:/opt/ros/jazzy/lib/python3.12/site-packages /usr/bin/cmake /home/mmaaz/ros2_ws/src/mycobot_ros2/mycobot_mtc_demos -DAMENT_CMAKE_SYMLINK_INSTALL=1 -DCMAKE_INSTALL_PREFIX=/home/mmaaz/ros2_ws/install/mycobot_mtc_demos
[212.770s] DEBUG:colcon.colcon_core.event_handler.log_command:Invoking command in '/home/mmaaz/ros2_ws/build/mycobot_mtc_demos': CMAKE_MODULE_PATH=/home/mmaaz/ros2_ws/install/moveit_task_constructor_core/share/moveit_task_constructor_core/cmake:/home/mmaaz/ros2_ws/install/warehouse_ros_mongo/share/warehouse_ros_mongo/cmake CMAKE_PREFIX_PATH=/home/mmaaz/ros2_ws/install/moveit_task_constructor_core:/home/mmaaz/ros2_ws/install/rviz_marker_tools:/home/mmaaz/ros2_ws/install/moveit_task_constructor_msgs:/home/mmaaz/ros2_ws/install/warehouse_ros_mongo:/home/mmaaz/ros2_ws/install/mycobot_mtc_pick_place_demo:/home/mmaaz/ros2_ws/install/mycobot_mtc_demos:/home/mmaaz/ros2_ws/install/moveit_task_constructor_visualization:/home/mmaaz/ros2_ws/install/moveit_task_constructor_demo:/home/mmaaz/ros2_ws/install/moveit_task_constructor_capabilities:/home/mmaaz/ros2_ws/install/mycobot_ros2:/home/mmaaz/ros2_ws/install/mycobot_system_tests:/home/mmaaz/ros2_ws/install/mycobot_moveit_demos:/home/mmaaz/ros2_ws/install/mycobot_moveit_config:/home/mmaaz/ros2_ws/install/mycobot_interfaces:/home/mmaaz/ros2_ws/install/mycobot_gazebo:/home/mmaaz/ros2_ws/install/mycobot_description:/home/mmaaz/ros2_ws/install/mycobot_bringup:/opt/ros/jazzy/opt/gz_sim_vendor:/opt/ros/jazzy/opt/gz_sensors_vendor:/opt/ros/jazzy/opt/gz_physics_vendor:/opt/ros/jazzy/opt/sdformat_vendor:/opt/ros/jazzy/opt/gz_gui_vendor:/opt/ros/jazzy/opt/gz_transport_vendor:/opt/ros/jazzy/opt/gz_rendering_vendor:/opt/ros/jazzy/opt/gz_plugin_vendor:/opt/ros/jazzy/opt/gz_fuel_tools_vendor:/opt/ros/jazzy/opt/gz_msgs_vendor:/opt/ros/jazzy/opt/gz_common_vendor:/opt/ros/jazzy/opt/gz_math_vendor:/opt/ros/jazzy/opt/gz_utils_vendor:/opt/ros/jazzy/opt/gz_tools_vendor:/opt/ros/jazzy/opt/gz_ogre_next_vendor:/opt/ros/jazzy/opt/gz_dartsim_vendor:/opt/ros/jazzy/opt/gz_cmake_vendor:/opt/ros/jazzy LD_LIBRARY_PATH=/home/mmaaz/ros2_ws/install/moveit_task_constructor_core/lib:/home/mmaaz/ros2_ws/install/rviz_marker_tools/lib:/home/mmaaz/ros2_ws/install/moveit_task_constructor_msgs/lib:/home/mmaaz/ros2_ws/install/warehouse_ros_mongo/lib:/home/mmaaz/ros2_ws/install/mycobot_mtc_pick_place_demo/lib:/home/mmaaz/ros2_ws/install/moveit_task_constructor_visualization/lib:/home/mmaaz/ros2_ws/install/moveit_task_constructor_demo/lib:/home/mmaaz/ros2_ws/install/moveit_task_constructor_capabilities/lib:/home/mmaaz/ros2_ws/install/mycobot_interfaces/lib:/opt/ros/jazzy/opt/gz_sim_vendor/lib:/opt/ros/jazzy/opt/gz_sensors_vendor/lib:/opt/ros/jazzy/opt/gz_physics_vendor/lib:/opt/ros/jazzy/opt/sdformat_vendor/lib:/opt/ros/jazzy/opt/rviz_ogre_vendor/lib:/opt/ros/jazzy/lib/x86_64-linux-gnu:/opt/ros/jazzy/opt/gz_gui_vendor/lib:/opt/ros/jazzy/opt/gz_transport_vendor/lib:/opt/ros/jazzy/opt/gz_rendering_vendor/lib:/opt/ros/jazzy/opt/gz_plugin_vendor/lib:/opt/ros/jazzy/opt/gz_fuel_tools_vendor/lib:/opt/ros/jazzy/opt/gz_msgs_vendor/lib:/opt/ros/jazzy/opt/gz_common_vendor/lib:/opt/ros/jazzy/opt/gz_math_vendor/lib:/opt/ros/jazzy/opt/gz_utils_vendor/lib:/opt/ros/jazzy/opt/gz_tools_vendor/lib:/opt/ros/jazzy/opt/gz_ogre_next_vendor/lib:/opt/ros/jazzy/opt/gz_dartsim_vendor/lib:/opt/ros/jazzy/opt/gz_cmake_vendor/lib:/opt/ros/jazzy/lib PYTHONPATH=/home/mmaaz/ros2_ws/install/moveit_task_constructor_core/lib/python3.12/site-packages:/home/mmaaz/ros2_ws/install/moveit_task_constructor_msgs/lib/python3.12/site-packages:/home/mmaaz/ros2_ws/install/warehouse_ros_mongo/lib/python3.12/site-packages:/home/mmaaz/ros2_ws/install/mycobot_interfaces/lib/python3.12/site-packages:/opt/ros/jazzy/lib/python3.12/site-packages /usr/bin/cmake --build /home/mmaaz/ros2_ws/build/mycobot_mtc_demos -- -j22 -l22
[230.228s] DEBUG:colcon.colcon_core.event_handler.log_command:Invoked command in '/home/mmaaz/ros2_ws/build/mycobot_mtc_demos' returned '0': CMAKE_MODULE_PATH=/home/mmaaz/ros2_ws/install/moveit_task_constructor_core/share/moveit_task_constructor_core/cmake:/home/mmaaz/ros2_ws/install/warehouse_ros_mongo/share/warehouse_ros_mongo/cmake CMAKE_PREFIX_PATH=/home/mmaaz/ros2_ws/install/moveit_task_constructor_core:/home/mmaaz/ros2_ws/install/rviz_marker_tools:/home/mmaaz/ros2_ws/install/moveit_task_constructor_msgs:/home/mmaaz/ros2_ws/install/warehouse_ros_mongo:/home/mmaaz/ros2_ws/install/mycobot_mtc_pick_place_demo:/home/mmaaz/ros2_ws/install/mycobot_mtc_demos:/home/mmaaz/ros2_ws/install/moveit_task_constructor_visualization:/home/mmaaz/ros2_ws/install/moveit_task_constructor_demo:/home/mmaaz/ros2_ws/install/moveit_task_constructor_capabilities:/home/mmaaz/ros2_ws/install/mycobot_ros2:/home/mmaaz/ros2_ws/install/mycobot_system_tests:/home/mmaaz/ros2_ws/install/mycobot_moveit_demos:/home/mmaaz/ros2_ws/install/mycobot_moveit_config:/home/mmaaz/ros2_ws/install/mycobot_interfaces:/home/mmaaz/ros2_ws/install/mycobot_gazebo:/home/mmaaz/ros2_ws/install/mycobot_description:/home/mmaaz/ros2_ws/install/mycobot_bringup:/opt/ros/jazzy/opt/gz_sim_vendor:/opt/ros/jazzy/opt/gz_sensors_vendor:/opt/ros/jazzy/opt/gz_physics_vendor:/opt/ros/jazzy/opt/sdformat_vendor:/opt/ros/jazzy/opt/gz_gui_vendor:/opt/ros/jazzy/opt/gz_transport_vendor:/opt/ros/jazzy/opt/gz_rendering_vendor:/opt/ros/jazzy/opt/gz_plugin_vendor:/opt/ros/jazzy/opt/gz_fuel_tools_vendor:/opt/ros/jazzy/opt/gz_msgs_vendor:/opt/ros/jazzy/opt/gz_common_vendor:/opt/ros/jazzy/opt/gz_math_vendor:/opt/ros/jazzy/opt/gz_utils_vendor:/opt/ros/jazzy/opt/gz_tools_vendor:/opt/ros/jazzy/opt/gz_ogre_next_vendor:/opt/ros/jazzy/opt/gz_dartsim_vendor:/opt/ros/jazzy/opt/gz_cmake_vendor:/opt/ros/jazzy LD_LIBRARY_PATH=/home/mmaaz/ros2_ws/install/moveit_task_constructor_core/lib:/home/mmaaz/ros2_ws/install/rviz_marker_tools/lib:/home/mmaaz/ros2_ws/install/moveit_task_constructor_msgs/lib:/home/mmaaz/ros2_ws/install/warehouse_ros_mongo/lib:/home/mmaaz/ros2_ws/install/mycobot_mtc_pick_place_demo/lib:/home/mmaaz/ros2_ws/install/moveit_task_constructor_visualization/lib:/home/mmaaz/ros2_ws/install/moveit_task_constructor_demo/lib:/home/mmaaz/ros2_ws/install/moveit_task_constructor_capabilities/lib:/home/mmaaz/ros2_ws/install/mycobot_interfaces/lib:/opt/ros/jazzy/opt/gz_sim_vendor/lib:/opt/ros/jazzy/opt/gz_sensors_vendor/lib:/opt/ros/jazzy/opt/gz_physics_vendor/lib:/opt/ros/jazzy/opt/sdformat_vendor/lib:/opt/ros/jazzy/opt/rviz_ogre_vendor/lib:/opt/ros/jazzy/lib/x86_64-linux-gnu:/opt/ros/jazzy/opt/gz_gui_vendor/lib:/opt/ros/jazzy/opt/gz_transport_vendor/lib:/opt/ros/jazzy/opt/gz_rendering_vendor/lib:/opt/ros/jazzy/opt/gz_plugin_vendor/lib:/opt/ros/jazzy/opt/gz_fuel_tools_vendor/lib:/opt/ros/jazzy/opt/gz_msgs_vendor/lib:/opt/ros/jazzy/opt/gz_common_vendor/lib:/opt/ros/jazzy/opt/gz_math_vendor/lib:/opt/ros/jazzy/opt/gz_utils_vendor/lib:/opt/ros/jazzy/opt/gz_tools_vendor/lib:/opt/ros/jazzy/opt/gz_ogre_next_vendor/lib:/opt/ros/jazzy/opt/gz_dartsim_vendor/lib:/opt/ros/jazzy/opt/gz_cmake_vendor/lib:/opt/ros/jazzy/lib PYTHONPATH=/home/mmaaz/ros2_ws/install/moveit_task_constructor_core/lib/python3.12/site-packages:/home/mmaaz/ros2_ws/install/moveit_task_constructor_msgs/lib/python3.12/site-packages:/home/mmaaz/ros2_ws/install/warehouse_ros_mongo/lib/python3.12/site-packages:/home/mmaaz/ros2_ws/install/mycobot_interfaces/lib/python3.12/site-packages:/opt/ros/jazzy/lib/python3.12/site-packages /usr/bin/cmake --build /home/mmaaz/ros2_ws/build/mycobot_mtc_demos -- -j22 -l22
[230.230s] DEBUG:colcon.colcon_core.event_handler.log_command:Invoking command in '/home/mmaaz/ros2_ws/build/mycobot_mtc_demos': CMAKE_MODULE_PATH=/home/mmaaz/ros2_ws/install/moveit_task_constructor_core/share/moveit_task_constructor_core/cmake:/home/mmaaz/ros2_ws/install/warehouse_ros_mongo/share/warehouse_ros_mongo/cmake CMAKE_PREFIX_PATH=/home/mmaaz/ros2_ws/install/moveit_task_constructor_core:/home/mmaaz/ros2_ws/install/rviz_marker_tools:/home/mmaaz/ros2_ws/install/moveit_task_constructor_msgs:/home/mmaaz/ros2_ws/install/warehouse_ros_mongo:/home/mmaaz/ros2_ws/install/mycobot_mtc_pick_place_demo:/home/mmaaz/ros2_ws/install/mycobot_mtc_demos:/home/mmaaz/ros2_ws/install/moveit_task_constructor_visualization:/home/mmaaz/ros2_ws/install/moveit_task_constructor_demo:/home/mmaaz/ros2_ws/install/moveit_task_constructor_capabilities:/home/mmaaz/ros2_ws/install/mycobot_ros2:/home/mmaaz/ros2_ws/install/mycobot_system_tests:/home/mmaaz/ros2_ws/install/mycobot_moveit_demos:/home/mmaaz/ros2_ws/install/mycobot_moveit_config:/home/mmaaz/ros2_ws/install/mycobot_interfaces:/home/mmaaz/ros2_ws/install/mycobot_gazebo:/home/mmaaz/ros2_ws/install/mycobot_description:/home/mmaaz/ros2_ws/install/mycobot_bringup:/opt/ros/jazzy/opt/gz_sim_vendor:/opt/ros/jazzy/opt/gz_sensors_vendor:/opt/ros/jazzy/opt/gz_physics_vendor:/opt/ros/jazzy/opt/sdformat_vendor:/opt/ros/jazzy/opt/gz_gui_vendor:/opt/ros/jazzy/opt/gz_transport_vendor:/opt/ros/jazzy/opt/gz_rendering_vendor:/opt/ros/jazzy/opt/gz_plugin_vendor:/opt/ros/jazzy/opt/gz_fuel_tools_vendor:/opt/ros/jazzy/opt/gz_msgs_vendor:/opt/ros/jazzy/opt/gz_common_vendor:/opt/ros/jazzy/opt/gz_math_vendor:/opt/ros/jazzy/opt/gz_utils_vendor:/opt/ros/jazzy/opt/gz_tools_vendor:/opt/ros/jazzy/opt/gz_ogre_next_vendor:/opt/ros/jazzy/opt/gz_dartsim_vendor:/opt/ros/jazzy/opt/gz_cmake_vendor:/opt/ros/jazzy LD_LIBRARY_PATH=/home/mmaaz/ros2_ws/install/moveit_task_constructor_core/lib:/home/mmaaz/ros2_ws/install/rviz_marker_tools/lib:/home/mmaaz/ros2_ws/install/moveit_task_constructor_msgs/lib:/home/mmaaz/ros2_ws/install/warehouse_ros_mongo/lib:/home/mmaaz/ros2_ws/install/mycobot_mtc_pick_place_demo/lib:/home/mmaaz/ros2_ws/install/moveit_task_constructor_visualization/lib:/home/mmaaz/ros2_ws/install/moveit_task_constructor_demo/lib:/home/mmaaz/ros2_ws/install/moveit_task_constructor_capabilities/lib:/home/mmaaz/ros2_ws/install/mycobot_interfaces/lib:/opt/ros/jazzy/opt/gz_sim_vendor/lib:/opt/ros/jazzy/opt/gz_sensors_vendor/lib:/opt/ros/jazzy/opt/gz_physics_vendor/lib:/opt/ros/jazzy/opt/sdformat_vendor/lib:/opt/ros/jazzy/opt/rviz_ogre_vendor/lib:/opt/ros/jazzy/lib/x86_64-linux-gnu:/opt/ros/jazzy/opt/gz_gui_vendor/lib:/opt/ros/jazzy/opt/gz_transport_vendor/lib:/opt/ros/jazzy/opt/gz_rendering_vendor/lib:/opt/ros/jazzy/opt/gz_plugin_vendor/lib:/opt/ros/jazzy/opt/gz_fuel_tools_vendor/lib:/opt/ros/jazzy/opt/gz_msgs_vendor/lib:/opt/ros/jazzy/opt/gz_common_vendor/lib:/opt/ros/jazzy/opt/gz_math_vendor/lib:/opt/ros/jazzy/opt/gz_utils_vendor/lib:/opt/ros/jazzy/opt/gz_tools_vendor/lib:/opt/ros/jazzy/opt/gz_ogre_next_vendor/lib:/opt/ros/jazzy/opt/gz_dartsim_vendor/lib:/opt/ros/jazzy/opt/gz_cmake_vendor/lib:/opt/ros/jazzy/lib PYTHONPATH=/home/mmaaz/ros2_ws/install/moveit_task_constructor_core/lib/python3.12/site-packages:/home/mmaaz/ros2_ws/install/moveit_task_constructor_msgs/lib/python3.12/site-packages:/home/mmaaz/ros2_ws/install/warehouse_ros_mongo/lib/python3.12/site-packages:/home/mmaaz/ros2_ws/install/mycobot_interfaces/lib/python3.12/site-packages:/opt/ros/jazzy/lib/python3.12/site-packages /usr/bin/cmake --install /home/mmaaz/ros2_ws/build/mycobot_mtc_demos
[230.505s] Level 1:colcon.colcon_core.environment:create_environment_scripts_only(mycobot_mtc_demos)
[230.506s] Level 1:colcon.colcon_core.environment:checking '/home/mmaaz/ros2_ws/install/mycobot_mtc_demos' for CMake module files
[230.506s] DEBUG:colcon.colcon_core.event_handler.log_command:Invoked command in '/home/mmaaz/ros2_ws/build/mycobot_mtc_demos' returned '0': CMAKE_MODULE_PATH=/home/mmaaz/ros2_ws/install/moveit_task_constructor_core/share/moveit_task_constructor_core/cmake:/home/mmaaz/ros2_ws/install/warehouse_ros_mongo/share/warehouse_ros_mongo/cmake CMAKE_PREFIX_PATH=/home/mmaaz/ros2_ws/install/moveit_task_constructor_core:/home/mmaaz/ros2_ws/install/rviz_marker_tools:/home/mmaaz/ros2_ws/install/moveit_task_constructor_msgs:/home/mmaaz/ros2_ws/install/warehouse_ros_mongo:/home/mmaaz/ros2_ws/install/mycobot_mtc_pick_place_demo:/home/mmaaz/ros2_ws/install/mycobot_mtc_demos:/home/mmaaz/ros2_ws/install/moveit_task_constructor_visualization:/home/mmaaz/ros2_ws/install/moveit_task_constructor_demo:/home/mmaaz/ros2_ws/install/moveit_task_constructor_capabilities:/home/mmaaz/ros2_ws/install/mycobot_ros2:/home/mmaaz/ros2_ws/install/mycobot_system_tests:/home/mmaaz/ros2_ws/install/mycobot_moveit_demos:/home/mmaaz/ros2_ws/install/mycobot_moveit_config:/home/mmaaz/ros2_ws/install/mycobot_interfaces:/home/mmaaz/ros2_ws/install/mycobot_gazebo:/home/mmaaz/ros2_ws/install/mycobot_description:/home/mmaaz/ros2_ws/install/mycobot_bringup:/opt/ros/jazzy/opt/gz_sim_vendor:/opt/ros/jazzy/opt/gz_sensors_vendor:/opt/ros/jazzy/opt/gz_physics_vendor:/opt/ros/jazzy/opt/sdformat_vendor:/opt/ros/jazzy/opt/gz_gui_vendor:/opt/ros/jazzy/opt/gz_transport_vendor:/opt/ros/jazzy/opt/gz_rendering_vendor:/opt/ros/jazzy/opt/gz_plugin_vendor:/opt/ros/jazzy/opt/gz_fuel_tools_vendor:/opt/ros/jazzy/opt/gz_msgs_vendor:/opt/ros/jazzy/opt/gz_common_vendor:/opt/ros/jazzy/opt/gz_math_vendor:/opt/ros/jazzy/opt/gz_utils_vendor:/opt/ros/jazzy/opt/gz_tools_vendor:/opt/ros/jazzy/opt/gz_ogre_next_vendor:/opt/ros/jazzy/opt/gz_dartsim_vendor:/opt/ros/jazzy/opt/gz_cmake_vendor:/opt/ros/jazzy LD_LIBRARY_PATH=/home/mmaaz/ros2_ws/install/moveit_task_constructor_core/lib:/home/mmaaz/ros2_ws/install/rviz_marker_tools/lib:/home/mmaaz/ros2_ws/install/moveit_task_constructor_msgs/lib:/home/mmaaz/ros2_ws/install/warehouse_ros_mongo/lib:/home/mmaaz/ros2_ws/install/mycobot_mtc_pick_place_demo/lib:/home/mmaaz/ros2_ws/install/moveit_task_constructor_visualization/lib:/home/mmaaz/ros2_ws/install/moveit_task_constructor_demo/lib:/home/mmaaz/ros2_ws/install/moveit_task_constructor_capabilities/lib:/home/mmaaz/ros2_ws/install/mycobot_interfaces/lib:/opt/ros/jazzy/opt/gz_sim_vendor/lib:/opt/ros/jazzy/opt/gz_sensors_vendor/lib:/opt/ros/jazzy/opt/gz_physics_vendor/lib:/opt/ros/jazzy/opt/sdformat_vendor/lib:/opt/ros/jazzy/opt/rviz_ogre_vendor/lib:/opt/ros/jazzy/lib/x86_64-linux-gnu:/opt/ros/jazzy/opt/gz_gui_vendor/lib:/opt/ros/jazzy/opt/gz_transport_vendor/lib:/opt/ros/jazzy/opt/gz_rendering_vendor/lib:/opt/ros/jazzy/opt/gz_plugin_vendor/lib:/opt/ros/jazzy/opt/gz_fuel_tools_vendor/lib:/opt/ros/jazzy/opt/gz_msgs_vendor/lib:/opt/ros/jazzy/opt/gz_common_vendor/lib:/opt/ros/jazzy/opt/gz_math_vendor/lib:/opt/ros/jazzy/opt/gz_utils_vendor/lib:/opt/ros/jazzy/opt/gz_tools_vendor/lib:/opt/ros/jazzy/opt/gz_ogre_next_vendor/lib:/opt/ros/jazzy/opt/gz_dartsim_vendor/lib:/opt/ros/jazzy/opt/gz_cmake_vendor/lib:/opt/ros/jazzy/lib PYTHONPATH=/home/mmaaz/ros2_ws/install/moveit_task_constructor_core/lib/python3.12/site-packages:/home/mmaaz/ros2_ws/install/moveit_task_constructor_msgs/lib/python3.12/site-packages:/home/mmaaz/ros2_ws/install/warehouse_ros_mongo/lib/python3.12/site-packages:/home/mmaaz/ros2_ws/install/mycobot_interfaces/lib/python3.12/site-packages:/opt/ros/jazzy/lib/python3.12/site-packages /usr/bin/cmake --install /home/mmaaz/ros2_ws/build/mycobot_mtc_demos
[230.507s] Level 1:colcon.colcon_core.environment:checking '/home/mmaaz/ros2_ws/install/mycobot_mtc_demos' for CMake config files
[230.507s] Level 1:colcon.colcon_core.shell:create_environment_hook('mycobot_mtc_demos', 'cmake_prefix_path')
[230.507s] INFO:colcon.colcon_core.shell:Creating environment hook '/home/mmaaz/ros2_ws/install/mycobot_mtc_demos/share/mycobot_mtc_demos/hook/cmake_prefix_path.ps1'
[230.508s] INFO:colcon.colcon_core.shell:Creating environment descriptor '/home/mmaaz/ros2_ws/install/mycobot_mtc_demos/share/mycobot_mtc_demos/hook/cmake_prefix_path.dsv'
[230.508s] INFO:colcon.colcon_core.shell:Creating environment hook '/home/mmaaz/ros2_ws/install/mycobot_mtc_demos/share/mycobot_mtc_demos/hook/cmake_prefix_path.sh'
[230.509s] Level 1:colcon.colcon_core.environment:checking '/home/mmaaz/ros2_ws/install/mycobot_mtc_demos/lib'
[230.509s] Level 1:colcon.colcon_core.environment:checking '/home/mmaaz/ros2_ws/install/mycobot_mtc_demos/bin'
[230.509s] Level 1:colcon.colcon_core.environment:checking '/home/mmaaz/ros2_ws/install/mycobot_mtc_demos/lib/pkgconfig/mycobot_mtc_demos.pc'
[230.510s] Level 1:colcon.colcon_core.environment:checking '/home/mmaaz/ros2_ws/install/mycobot_mtc_demos/lib/python3.12/site-packages'
[230.510s] Level 1:colcon.colcon_core.environment:checking '/home/mmaaz/ros2_ws/install/mycobot_mtc_demos/bin'
[230.510s] INFO:colcon.colcon_core.shell:Creating package script '/home/mmaaz/ros2_ws/install/mycobot_mtc_demos/share/mycobot_mtc_demos/package.ps1'
[230.511s] INFO:colcon.colcon_core.shell:Creating package descriptor '/home/mmaaz/ros2_ws/install/mycobot_mtc_demos/share/mycobot_mtc_demos/package.dsv'
[230.511s] INFO:colcon.colcon_core.shell:Creating package script '/home/mmaaz/ros2_ws/install/mycobot_mtc_demos/share/mycobot_mtc_demos/package.sh'
[230.511s] INFO:colcon.colcon_core.shell:Creating package script '/home/mmaaz/ros2_ws/install/mycobot_mtc_demos/share/mycobot_mtc_demos/package.bash'
[230.512s] INFO:colcon.colcon_core.shell:Creating package script '/home/mmaaz/ros2_ws/install/mycobot_mtc_demos/share/mycobot_mtc_demos/package.zsh'
[230.512s] Level 1:colcon.colcon_core.environment:create_file_with_runtime_dependencies(/home/mmaaz/ros2_ws/install/mycobot_mtc_demos/share/colcon-core/packages/mycobot_mtc_demos)
[230.513s] Level 1:colcon.colcon_core.environment:create_environment_scripts_only(mycobot_mtc_demos)
[230.513s] Level 1:colcon.colcon_core.environment:checking '/home/mmaaz/ros2_ws/install/mycobot_mtc_demos' for CMake module files
[230.513s] Level 1:colcon.colcon_core.environment:checking '/home/mmaaz/ros2_ws/install/mycobot_mtc_demos' for CMake config files
[230.513s] Level 1:colcon.colcon_core.shell:create_environment_hook('mycobot_mtc_demos', 'cmake_prefix_path')
[230.514s] INFO:colcon.colcon_core.shell:Creating environment hook '/home/mmaaz/ros2_ws/install/mycobot_mtc_demos/share/mycobot_mtc_demos/hook/cmake_prefix_path.ps1'
[230.514s] INFO:colcon.colcon_core.shell:Creating environment descriptor '/home/mmaaz/ros2_ws/install/mycobot_mtc_demos/share/mycobot_mtc_demos/hook/cmake_prefix_path.dsv'
[230.514s] INFO:colcon.colcon_core.shell:Creating environment hook '/home/mmaaz/ros2_ws/install/mycobot_mtc_demos/share/mycobot_mtc_demos/hook/cmake_prefix_path.sh'
[230.515s] Level 1:colcon.colcon_core.environment:checking '/home/mmaaz/ros2_ws/install/mycobot_mtc_demos/lib'
[230.515s] Level 1:colcon.colcon_core.environment:checking '/home/mmaaz/ros2_ws/install/mycobot_mtc_demos/bin'
[230.515s] Level 1:colcon.colcon_core.environment:checking '/home/mmaaz/ros2_ws/install/mycobot_mtc_demos/lib/pkgconfig/mycobot_mtc_demos.pc'
[230.515s] Level 1:colcon.colcon_core.environment:checking '/home/mmaaz/ros2_ws/install/mycobot_mtc_demos/lib/python3.12/site-packages'
[230.515s] Level 1:colcon.colcon_core.environment:checking '/home/mmaaz/ros2_ws/install/mycobot_mtc_demos/bin'
[230.516s] INFO:colcon.colcon_core.shell:Creating package script '/home/mmaaz/ros2_ws/install/mycobot_mtc_demos/share/mycobot_mtc_demos/package.ps1'
[230.516s] INFO:colcon.colcon_core.shell:Creating package descriptor '/home/mmaaz/ros2_ws/install/mycobot_mtc_demos/share/mycobot_mtc_demos/package.dsv'
[230.516s] INFO:colcon.colcon_core.shell:Creating package script '/home/mmaaz/ros2_ws/install/mycobot_mtc_demos/share/mycobot_mtc_demos/package.sh'
[230.517s] INFO:colcon.colcon_core.shell:Creating package script '/home/mmaaz/ros2_ws/install/mycobot_mtc_demos/share/mycobot_mtc_demos/package.bash'
[230.517s] INFO:colcon.colcon_core.shell:Creating package script '/home/mmaaz/ros2_ws/install/mycobot_mtc_demos/share/mycobot_mtc_demos/package.zsh'
[230.518s] Level 1:colcon.colcon_core.environment:create_file_with_runtime_dependencies(/home/mmaaz/ros2_ws/install/mycobot_mtc_demos/share/colcon-core/packages/mycobot_mtc_demos)
[231.532s] DEBUG:colcon.colcon_core.event_handler.log_command:Invoked command in '/home/mmaaz/ros2_ws/build/moveit_task_constructor_visualization' returned '0': CMAKE_MODULE_PATH=/home/mmaaz/ros2_ws/install/moveit_task_constructor_core/share/moveit_task_constructor_core/cmake:/home/mmaaz/ros2_ws/install/warehouse_ros_mongo/share/warehouse_ros_mongo/cmake CMAKE_PREFIX_PATH=/home/mmaaz/ros2_ws/install/moveit_task_constructor_core:/home/mmaaz/ros2_ws/install/rviz_marker_tools:/home/mmaaz/ros2_ws/install/moveit_task_constructor_msgs:/home/mmaaz/ros2_ws/install/warehouse_ros_mongo:/home/mmaaz/ros2_ws/install/mycobot_mtc_pick_place_demo:/home/mmaaz/ros2_ws/install/mycobot_mtc_demos:/home/mmaaz/ros2_ws/install/moveit_task_constructor_visualization:/home/mmaaz/ros2_ws/install/moveit_task_constructor_demo:/home/mmaaz/ros2_ws/install/moveit_task_constructor_capabilities:/home/mmaaz/ros2_ws/install/mycobot_ros2:/home/mmaaz/ros2_ws/install/mycobot_system_tests:/home/mmaaz/ros2_ws/install/mycobot_moveit_demos:/home/mmaaz/ros2_ws/install/mycobot_moveit_config:/home/mmaaz/ros2_ws/install/mycobot_interfaces:/home/mmaaz/ros2_ws/install/mycobot_gazebo:/home/mmaaz/ros2_ws/install/mycobot_description:/home/mmaaz/ros2_ws/install/mycobot_bringup:/opt/ros/jazzy/opt/gz_sim_vendor:/opt/ros/jazzy/opt/gz_sensors_vendor:/opt/ros/jazzy/opt/gz_physics_vendor:/opt/ros/jazzy/opt/sdformat_vendor:/opt/ros/jazzy/opt/gz_gui_vendor:/opt/ros/jazzy/opt/gz_transport_vendor:/opt/ros/jazzy/opt/gz_rendering_vendor:/opt/ros/jazzy/opt/gz_plugin_vendor:/opt/ros/jazzy/opt/gz_fuel_tools_vendor:/opt/ros/jazzy/opt/gz_msgs_vendor:/opt/ros/jazzy/opt/gz_common_vendor:/opt/ros/jazzy/opt/gz_math_vendor:/opt/ros/jazzy/opt/gz_utils_vendor:/opt/ros/jazzy/opt/gz_tools_vendor:/opt/ros/jazzy/opt/gz_ogre_next_vendor:/opt/ros/jazzy/opt/gz_dartsim_vendor:/opt/ros/jazzy/opt/gz_cmake_vendor:/opt/ros/jazzy LD_LIBRARY_PATH=/home/mmaaz/ros2_ws/install/moveit_task_constructor_core/lib:/home/mmaaz/ros2_ws/install/rviz_marker_tools/lib:/home/mmaaz/ros2_ws/install/moveit_task_constructor_msgs/lib:/home/mmaaz/ros2_ws/install/warehouse_ros_mongo/lib:/home/mmaaz/ros2_ws/install/mycobot_mtc_pick_place_demo/lib:/home/mmaaz/ros2_ws/install/moveit_task_constructor_visualization/lib:/home/mmaaz/ros2_ws/install/moveit_task_constructor_demo/lib:/home/mmaaz/ros2_ws/install/moveit_task_constructor_capabilities/lib:/home/mmaaz/ros2_ws/install/mycobot_interfaces/lib:/opt/ros/jazzy/opt/gz_sim_vendor/lib:/opt/ros/jazzy/opt/gz_sensors_vendor/lib:/opt/ros/jazzy/opt/gz_physics_vendor/lib:/opt/ros/jazzy/opt/sdformat_vendor/lib:/opt/ros/jazzy/opt/rviz_ogre_vendor/lib:/opt/ros/jazzy/lib/x86_64-linux-gnu:/opt/ros/jazzy/opt/gz_gui_vendor/lib:/opt/ros/jazzy/opt/gz_transport_vendor/lib:/opt/ros/jazzy/opt/gz_rendering_vendor/lib:/opt/ros/jazzy/opt/gz_plugin_vendor/lib:/opt/ros/jazzy/opt/gz_fuel_tools_vendor/lib:/opt/ros/jazzy/opt/gz_msgs_vendor/lib:/opt/ros/jazzy/opt/gz_common_vendor/lib:/opt/ros/jazzy/opt/gz_math_vendor/lib:/opt/ros/jazzy/opt/gz_utils_vendor/lib:/opt/ros/jazzy/opt/gz_tools_vendor/lib:/opt/ros/jazzy/opt/gz_ogre_next_vendor/lib:/opt/ros/jazzy/opt/gz_dartsim_vendor/lib:/opt/ros/jazzy/opt/gz_cmake_vendor/lib:/opt/ros/jazzy/lib PYTHONPATH=/home/mmaaz/ros2_ws/install/moveit_task_constructor_core/lib/python3.12/site-packages:/home/mmaaz/ros2_ws/install/moveit_task_constructor_msgs/lib/python3.12/site-packages:/home/mmaaz/ros2_ws/install/warehouse_ros_mongo/lib/python3.12/site-packages:/home/mmaaz/ros2_ws/install/mycobot_interfaces/lib/python3.12/site-packages:/opt/ros/jazzy/lib/python3.12/site-packages /usr/bin/cmake /home/mmaaz/ros2_ws/src/moveit_task_constructor/visualization -DAMENT_CMAKE_SYMLINK_INSTALL=1 -DCMAKE_INSTALL_PREFIX=/home/mmaaz/ros2_ws/install/moveit_task_constructor_visualization
[231.534s] DEBUG:colcon.colcon_core.event_handler.log_command:Invoking command in '/home/mmaaz/ros2_ws/build/moveit_task_constructor_visualization': CMAKE_MODULE_PATH=/home/mmaaz/ros2_ws/install/moveit_task_constructor_core/share/moveit_task_constructor_core/cmake:/home/mmaaz/ros2_ws/install/warehouse_ros_mongo/share/warehouse_ros_mongo/cmake CMAKE_PREFIX_PATH=/home/mmaaz/ros2_ws/install/moveit_task_constructor_core:/home/mmaaz/ros2_ws/install/rviz_marker_tools:/home/mmaaz/ros2_ws/install/moveit_task_constructor_msgs:/home/mmaaz/ros2_ws/install/warehouse_ros_mongo:/home/mmaaz/ros2_ws/install/mycobot_mtc_pick_place_demo:/home/mmaaz/ros2_ws/install/mycobot_mtc_demos:/home/mmaaz/ros2_ws/install/moveit_task_constructor_visualization:/home/mmaaz/ros2_ws/install/moveit_task_constructor_demo:/home/mmaaz/ros2_ws/install/moveit_task_constructor_capabilities:/home/mmaaz/ros2_ws/install/mycobot_ros2:/home/mmaaz/ros2_ws/install/mycobot_system_tests:/home/mmaaz/ros2_ws/install/mycobot_moveit_demos:/home/mmaaz/ros2_ws/install/mycobot_moveit_config:/home/mmaaz/ros2_ws/install/mycobot_interfaces:/home/mmaaz/ros2_ws/install/mycobot_gazebo:/home/mmaaz/ros2_ws/install/mycobot_description:/home/mmaaz/ros2_ws/install/mycobot_bringup:/opt/ros/jazzy/opt/gz_sim_vendor:/opt/ros/jazzy/opt/gz_sensors_vendor:/opt/ros/jazzy/opt/gz_physics_vendor:/opt/ros/jazzy/opt/sdformat_vendor:/opt/ros/jazzy/opt/gz_gui_vendor:/opt/ros/jazzy/opt/gz_transport_vendor:/opt/ros/jazzy/opt/gz_rendering_vendor:/opt/ros/jazzy/opt/gz_plugin_vendor:/opt/ros/jazzy/opt/gz_fuel_tools_vendor:/opt/ros/jazzy/opt/gz_msgs_vendor:/opt/ros/jazzy/opt/gz_common_vendor:/opt/ros/jazzy/opt/gz_math_vendor:/opt/ros/jazzy/opt/gz_utils_vendor:/opt/ros/jazzy/opt/gz_tools_vendor:/opt/ros/jazzy/opt/gz_ogre_next_vendor:/opt/ros/jazzy/opt/gz_dartsim_vendor:/opt/ros/jazzy/opt/gz_cmake_vendor:/opt/ros/jazzy LD_LIBRARY_PATH=/home/mmaaz/ros2_ws/install/moveit_task_constructor_core/lib:/home/mmaaz/ros2_ws/install/rviz_marker_tools/lib:/home/mmaaz/ros2_ws/install/moveit_task_constructor_msgs/lib:/home/mmaaz/ros2_ws/install/warehouse_ros_mongo/lib:/home/mmaaz/ros2_ws/install/mycobot_mtc_pick_place_demo/lib:/home/mmaaz/ros2_ws/install/moveit_task_constructor_visualization/lib:/home/mmaaz/ros2_ws/install/moveit_task_constructor_demo/lib:/home/mmaaz/ros2_ws/install/moveit_task_constructor_capabilities/lib:/home/mmaaz/ros2_ws/install/mycobot_interfaces/lib:/opt/ros/jazzy/opt/gz_sim_vendor/lib:/opt/ros/jazzy/opt/gz_sensors_vendor/lib:/opt/ros/jazzy/opt/gz_physics_vendor/lib:/opt/ros/jazzy/opt/sdformat_vendor/lib:/opt/ros/jazzy/opt/rviz_ogre_vendor/lib:/opt/ros/jazzy/lib/x86_64-linux-gnu:/opt/ros/jazzy/opt/gz_gui_vendor/lib:/opt/ros/jazzy/opt/gz_transport_vendor/lib:/opt/ros/jazzy/opt/gz_rendering_vendor/lib:/opt/ros/jazzy/opt/gz_plugin_vendor/lib:/opt/ros/jazzy/opt/gz_fuel_tools_vendor/lib:/opt/ros/jazzy/opt/gz_msgs_vendor/lib:/opt/ros/jazzy/opt/gz_common_vendor/lib:/opt/ros/jazzy/opt/gz_math_vendor/lib:/opt/ros/jazzy/opt/gz_utils_vendor/lib:/opt/ros/jazzy/opt/gz_tools_vendor/lib:/opt/ros/jazzy/opt/gz_ogre_next_vendor/lib:/opt/ros/jazzy/opt/gz_dartsim_vendor/lib:/opt/ros/jazzy/opt/gz_cmake_vendor/lib:/opt/ros/jazzy/lib PYTHONPATH=/home/mmaaz/ros2_ws/install/moveit_task_constructor_core/lib/python3.12/site-packages:/home/mmaaz/ros2_ws/install/moveit_task_constructor_msgs/lib/python3.12/site-packages:/home/mmaaz/ros2_ws/install/warehouse_ros_mongo/lib/python3.12/site-packages:/home/mmaaz/ros2_ws/install/mycobot_interfaces/lib/python3.12/site-packages:/opt/ros/jazzy/lib/python3.12/site-packages /usr/bin/cmake --build /home/mmaaz/ros2_ws/build/moveit_task_constructor_visualization -- -j22 -l22
[236.424s] DEBUG:colcon.colcon_core.event_handler.log_command:Invoked command in '/home/mmaaz/ros2_ws/build/moveit_task_constructor_capabilities' returned '0': CMAKE_MODULE_PATH=/home/mmaaz/ros2_ws/install/moveit_task_constructor_core/share/moveit_task_constructor_core/cmake:/home/mmaaz/ros2_ws/install/warehouse_ros_mongo/share/warehouse_ros_mongo/cmake CMAKE_PREFIX_PATH=/home/mmaaz/ros2_ws/install/moveit_task_constructor_core:/home/mmaaz/ros2_ws/install/rviz_marker_tools:/home/mmaaz/ros2_ws/install/moveit_task_constructor_msgs:/home/mmaaz/ros2_ws/install/warehouse_ros_mongo:/home/mmaaz/ros2_ws/install/mycobot_mtc_pick_place_demo:/home/mmaaz/ros2_ws/install/mycobot_mtc_demos:/home/mmaaz/ros2_ws/install/moveit_task_constructor_visualization:/home/mmaaz/ros2_ws/install/moveit_task_constructor_demo:/home/mmaaz/ros2_ws/install/moveit_task_constructor_capabilities:/home/mmaaz/ros2_ws/install/mycobot_ros2:/home/mmaaz/ros2_ws/install/mycobot_system_tests:/home/mmaaz/ros2_ws/install/mycobot_moveit_demos:/home/mmaaz/ros2_ws/install/mycobot_moveit_config:/home/mmaaz/ros2_ws/install/mycobot_interfaces:/home/mmaaz/ros2_ws/install/mycobot_gazebo:/home/mmaaz/ros2_ws/install/mycobot_description:/home/mmaaz/ros2_ws/install/mycobot_bringup:/opt/ros/jazzy/opt/gz_sim_vendor:/opt/ros/jazzy/opt/gz_sensors_vendor:/opt/ros/jazzy/opt/gz_physics_vendor:/opt/ros/jazzy/opt/sdformat_vendor:/opt/ros/jazzy/opt/gz_gui_vendor:/opt/ros/jazzy/opt/gz_transport_vendor:/opt/ros/jazzy/opt/gz_rendering_vendor:/opt/ros/jazzy/opt/gz_plugin_vendor:/opt/ros/jazzy/opt/gz_fuel_tools_vendor:/opt/ros/jazzy/opt/gz_msgs_vendor:/opt/ros/jazzy/opt/gz_common_vendor:/opt/ros/jazzy/opt/gz_math_vendor:/opt/ros/jazzy/opt/gz_utils_vendor:/opt/ros/jazzy/opt/gz_tools_vendor:/opt/ros/jazzy/opt/gz_ogre_next_vendor:/opt/ros/jazzy/opt/gz_dartsim_vendor:/opt/ros/jazzy/opt/gz_cmake_vendor:/opt/ros/jazzy LD_LIBRARY_PATH=/home/mmaaz/ros2_ws/install/moveit_task_constructor_core/lib:/home/mmaaz/ros2_ws/install/rviz_marker_tools/lib:/home/mmaaz/ros2_ws/install/moveit_task_constructor_msgs/lib:/home/mmaaz/ros2_ws/install/warehouse_ros_mongo/lib:/home/mmaaz/ros2_ws/install/mycobot_mtc_pick_place_demo/lib:/home/mmaaz/ros2_ws/install/moveit_task_constructor_visualization/lib:/home/mmaaz/ros2_ws/install/moveit_task_constructor_demo/lib:/home/mmaaz/ros2_ws/install/moveit_task_constructor_capabilities/lib:/home/mmaaz/ros2_ws/install/mycobot_interfaces/lib:/opt/ros/jazzy/opt/gz_sim_vendor/lib:/opt/ros/jazzy/opt/gz_sensors_vendor/lib:/opt/ros/jazzy/opt/gz_physics_vendor/lib:/opt/ros/jazzy/opt/sdformat_vendor/lib:/opt/ros/jazzy/opt/rviz_ogre_vendor/lib:/opt/ros/jazzy/lib/x86_64-linux-gnu:/opt/ros/jazzy/opt/gz_gui_vendor/lib:/opt/ros/jazzy/opt/gz_transport_vendor/lib:/opt/ros/jazzy/opt/gz_rendering_vendor/lib:/opt/ros/jazzy/opt/gz_plugin_vendor/lib:/opt/ros/jazzy/opt/gz_fuel_tools_vendor/lib:/opt/ros/jazzy/opt/gz_msgs_vendor/lib:/opt/ros/jazzy/opt/gz_common_vendor/lib:/opt/ros/jazzy/opt/gz_math_vendor/lib:/opt/ros/jazzy/opt/gz_utils_vendor/lib:/opt/ros/jazzy/opt/gz_tools_vendor/lib:/opt/ros/jazzy/opt/gz_ogre_next_vendor/lib:/opt/ros/jazzy/opt/gz_dartsim_vendor/lib:/opt/ros/jazzy/opt/gz_cmake_vendor/lib:/opt/ros/jazzy/lib PYTHONPATH=/home/mmaaz/ros2_ws/install/moveit_task_constructor_core/lib/python3.12/site-packages:/home/mmaaz/ros2_ws/install/moveit_task_constructor_msgs/lib/python3.12/site-packages:/home/mmaaz/ros2_ws/install/warehouse_ros_mongo/lib/python3.12/site-packages:/home/mmaaz/ros2_ws/install/mycobot_interfaces/lib/python3.12/site-packages:/opt/ros/jazzy/lib/python3.12/site-packages /usr/bin/cmake --build /home/mmaaz/ros2_ws/build/moveit_task_constructor_capabilities -- -j22 -l22
[236.428s] DEBUG:colcon.colcon_core.event_handler.log_command:Invoking command in '/home/mmaaz/ros2_ws/build/moveit_task_constructor_capabilities': CMAKE_MODULE_PATH=/home/mmaaz/ros2_ws/install/moveit_task_constructor_core/share/moveit_task_constructor_core/cmake:/home/mmaaz/ros2_ws/install/warehouse_ros_mongo/share/warehouse_ros_mongo/cmake CMAKE_PREFIX_PATH=/home/mmaaz/ros2_ws/install/moveit_task_constructor_core:/home/mmaaz/ros2_ws/install/rviz_marker_tools:/home/mmaaz/ros2_ws/install/moveit_task_constructor_msgs:/home/mmaaz/ros2_ws/install/warehouse_ros_mongo:/home/mmaaz/ros2_ws/install/mycobot_mtc_pick_place_demo:/home/mmaaz/ros2_ws/install/mycobot_mtc_demos:/home/mmaaz/ros2_ws/install/moveit_task_constructor_visualization:/home/mmaaz/ros2_ws/install/moveit_task_constructor_demo:/home/mmaaz/ros2_ws/install/moveit_task_constructor_capabilities:/home/mmaaz/ros2_ws/install/mycobot_ros2:/home/mmaaz/ros2_ws/install/mycobot_system_tests:/home/mmaaz/ros2_ws/install/mycobot_moveit_demos:/home/mmaaz/ros2_ws/install/mycobot_moveit_config:/home/mmaaz/ros2_ws/install/mycobot_interfaces:/home/mmaaz/ros2_ws/install/mycobot_gazebo:/home/mmaaz/ros2_ws/install/mycobot_description:/home/mmaaz/ros2_ws/install/mycobot_bringup:/opt/ros/jazzy/opt/gz_sim_vendor:/opt/ros/jazzy/opt/gz_sensors_vendor:/opt/ros/jazzy/opt/gz_physics_vendor:/opt/ros/jazzy/opt/sdformat_vendor:/opt/ros/jazzy/opt/gz_gui_vendor:/opt/ros/jazzy/opt/gz_transport_vendor:/opt/ros/jazzy/opt/gz_rendering_vendor:/opt/ros/jazzy/opt/gz_plugin_vendor:/opt/ros/jazzy/opt/gz_fuel_tools_vendor:/opt/ros/jazzy/opt/gz_msgs_vendor:/opt/ros/jazzy/opt/gz_common_vendor:/opt/ros/jazzy/opt/gz_math_vendor:/opt/ros/jazzy/opt/gz_utils_vendor:/opt/ros/jazzy/opt/gz_tools_vendor:/opt/ros/jazzy/opt/gz_ogre_next_vendor:/opt/ros/jazzy/opt/gz_dartsim_vendor:/opt/ros/jazzy/opt/gz_cmake_vendor:/opt/ros/jazzy LD_LIBRARY_PATH=/home/mmaaz/ros2_ws/install/moveit_task_constructor_core/lib:/home/mmaaz/ros2_ws/install/rviz_marker_tools/lib:/home/mmaaz/ros2_ws/install/moveit_task_constructor_msgs/lib:/home/mmaaz/ros2_ws/install/warehouse_ros_mongo/lib:/home/mmaaz/ros2_ws/install/mycobot_mtc_pick_place_demo/lib:/home/mmaaz/ros2_ws/install/moveit_task_constructor_visualization/lib:/home/mmaaz/ros2_ws/install/moveit_task_constructor_demo/lib:/home/mmaaz/ros2_ws/install/moveit_task_constructor_capabilities/lib:/home/mmaaz/ros2_ws/install/mycobot_interfaces/lib:/opt/ros/jazzy/opt/gz_sim_vendor/lib:/opt/ros/jazzy/opt/gz_sensors_vendor/lib:/opt/ros/jazzy/opt/gz_physics_vendor/lib:/opt/ros/jazzy/opt/sdformat_vendor/lib:/opt/ros/jazzy/opt/rviz_ogre_vendor/lib:/opt/ros/jazzy/lib/x86_64-linux-gnu:/opt/ros/jazzy/opt/gz_gui_vendor/lib:/opt/ros/jazzy/opt/gz_transport_vendor/lib:/opt/ros/jazzy/opt/gz_rendering_vendor/lib:/opt/ros/jazzy/opt/gz_plugin_vendor/lib:/opt/ros/jazzy/opt/gz_fuel_tools_vendor/lib:/opt/ros/jazzy/opt/gz_msgs_vendor/lib:/opt/ros/jazzy/opt/gz_common_vendor/lib:/opt/ros/jazzy/opt/gz_math_vendor/lib:/opt/ros/jazzy/opt/gz_utils_vendor/lib:/opt/ros/jazzy/opt/gz_tools_vendor/lib:/opt/ros/jazzy/opt/gz_ogre_next_vendor/lib:/opt/ros/jazzy/opt/gz_dartsim_vendor/lib:/opt/ros/jazzy/opt/gz_cmake_vendor/lib:/opt/ros/jazzy/lib PYTHONPATH=/home/mmaaz/ros2_ws/install/moveit_task_constructor_core/lib/python3.12/site-packages:/home/mmaaz/ros2_ws/install/moveit_task_constructor_msgs/lib/python3.12/site-packages:/home/mmaaz/ros2_ws/install/warehouse_ros_mongo/lib/python3.12/site-packages:/home/mmaaz/ros2_ws/install/mycobot_interfaces/lib/python3.12/site-packages:/opt/ros/jazzy/lib/python3.12/site-packages /usr/bin/cmake --install /home/mmaaz/ros2_ws/build/moveit_task_constructor_capabilities
[236.768s] Level 1:colcon.colcon_core.environment:create_environment_scripts_only(moveit_task_constructor_capabilities)
[236.769s] Level 1:colcon.colcon_core.environment:checking '/home/mmaaz/ros2_ws/install/moveit_task_constructor_capabilities' for CMake module files
[236.770s] DEBUG:colcon.colcon_core.event_handler.log_command:Invoked command in '/home/mmaaz/ros2_ws/build/moveit_task_constructor_capabilities' returned '0': CMAKE_MODULE_PATH=/home/mmaaz/ros2_ws/install/moveit_task_constructor_core/share/moveit_task_constructor_core/cmake:/home/mmaaz/ros2_ws/install/warehouse_ros_mongo/share/warehouse_ros_mongo/cmake CMAKE_PREFIX_PATH=/home/mmaaz/ros2_ws/install/moveit_task_constructor_core:/home/mmaaz/ros2_ws/install/rviz_marker_tools:/home/mmaaz/ros2_ws/install/moveit_task_constructor_msgs:/home/mmaaz/ros2_ws/install/warehouse_ros_mongo:/home/mmaaz/ros2_ws/install/mycobot_mtc_pick_place_demo:/home/mmaaz/ros2_ws/install/mycobot_mtc_demos:/home/mmaaz/ros2_ws/install/moveit_task_constructor_visualization:/home/mmaaz/ros2_ws/install/moveit_task_constructor_demo:/home/mmaaz/ros2_ws/install/moveit_task_constructor_capabilities:/home/mmaaz/ros2_ws/install/mycobot_ros2:/home/mmaaz/ros2_ws/install/mycobot_system_tests:/home/mmaaz/ros2_ws/install/mycobot_moveit_demos:/home/mmaaz/ros2_ws/install/mycobot_moveit_config:/home/mmaaz/ros2_ws/install/mycobot_interfaces:/home/mmaaz/ros2_ws/install/mycobot_gazebo:/home/mmaaz/ros2_ws/install/mycobot_description:/home/mmaaz/ros2_ws/install/mycobot_bringup:/opt/ros/jazzy/opt/gz_sim_vendor:/opt/ros/jazzy/opt/gz_sensors_vendor:/opt/ros/jazzy/opt/gz_physics_vendor:/opt/ros/jazzy/opt/sdformat_vendor:/opt/ros/jazzy/opt/gz_gui_vendor:/opt/ros/jazzy/opt/gz_transport_vendor:/opt/ros/jazzy/opt/gz_rendering_vendor:/opt/ros/jazzy/opt/gz_plugin_vendor:/opt/ros/jazzy/opt/gz_fuel_tools_vendor:/opt/ros/jazzy/opt/gz_msgs_vendor:/opt/ros/jazzy/opt/gz_common_vendor:/opt/ros/jazzy/opt/gz_math_vendor:/opt/ros/jazzy/opt/gz_utils_vendor:/opt/ros/jazzy/opt/gz_tools_vendor:/opt/ros/jazzy/opt/gz_ogre_next_vendor:/opt/ros/jazzy/opt/gz_dartsim_vendor:/opt/ros/jazzy/opt/gz_cmake_vendor:/opt/ros/jazzy LD_LIBRARY_PATH=/home/mmaaz/ros2_ws/install/moveit_task_constructor_core/lib:/home/mmaaz/ros2_ws/install/rviz_marker_tools/lib:/home/mmaaz/ros2_ws/install/moveit_task_constructor_msgs/lib:/home/mmaaz/ros2_ws/install/warehouse_ros_mongo/lib:/home/mmaaz/ros2_ws/install/mycobot_mtc_pick_place_demo/lib:/home/mmaaz/ros2_ws/install/moveit_task_constructor_visualization/lib:/home/mmaaz/ros2_ws/install/moveit_task_constructor_demo/lib:/home/mmaaz/ros2_ws/install/moveit_task_constructor_capabilities/lib:/home/mmaaz/ros2_ws/install/mycobot_interfaces/lib:/opt/ros/jazzy/opt/gz_sim_vendor/lib:/opt/ros/jazzy/opt/gz_sensors_vendor/lib:/opt/ros/jazzy/opt/gz_physics_vendor/lib:/opt/ros/jazzy/opt/sdformat_vendor/lib:/opt/ros/jazzy/opt/rviz_ogre_vendor/lib:/opt/ros/jazzy/lib/x86_64-linux-gnu:/opt/ros/jazzy/opt/gz_gui_vendor/lib:/opt/ros/jazzy/opt/gz_transport_vendor/lib:/opt/ros/jazzy/opt/gz_rendering_vendor/lib:/opt/ros/jazzy/opt/gz_plugin_vendor/lib:/opt/ros/jazzy/opt/gz_fuel_tools_vendor/lib:/opt/ros/jazzy/opt/gz_msgs_vendor/lib:/opt/ros/jazzy/opt/gz_common_vendor/lib:/opt/ros/jazzy/opt/gz_math_vendor/lib:/opt/ros/jazzy/opt/gz_utils_vendor/lib:/opt/ros/jazzy/opt/gz_tools_vendor/lib:/opt/ros/jazzy/opt/gz_ogre_next_vendor/lib:/opt/ros/jazzy/opt/gz_dartsim_vendor/lib:/opt/ros/jazzy/opt/gz_cmake_vendor/lib:/opt/ros/jazzy/lib PYTHONPATH=/home/mmaaz/ros2_ws/install/moveit_task_constructor_core/lib/python3.12/site-packages:/home/mmaaz/ros2_ws/install/moveit_task_constructor_msgs/lib/python3.12/site-packages:/home/mmaaz/ros2_ws/install/warehouse_ros_mongo/lib/python3.12/site-packages:/home/mmaaz/ros2_ws/install/mycobot_interfaces/lib/python3.12/site-packages:/opt/ros/jazzy/lib/python3.12/site-packages /usr/bin/cmake --install /home/mmaaz/ros2_ws/build/moveit_task_constructor_capabilities
[236.772s] Level 1:colcon.colcon_core.environment:checking '/home/mmaaz/ros2_ws/install/moveit_task_constructor_capabilities' for CMake config files
[236.773s] Level 1:colcon.colcon_core.shell:create_environment_hook('moveit_task_constructor_capabilities', 'cmake_prefix_path')
[236.773s] INFO:colcon.colcon_core.shell:Creating environment hook '/home/mmaaz/ros2_ws/install/moveit_task_constructor_capabilities/share/moveit_task_constructor_capabilities/hook/cmake_prefix_path.ps1'
[236.775s] INFO:colcon.colcon_core.shell:Creating environment descriptor '/home/mmaaz/ros2_ws/install/moveit_task_constructor_capabilities/share/moveit_task_constructor_capabilities/hook/cmake_prefix_path.dsv'
[236.777s] INFO:colcon.colcon_core.shell:Creating environment hook '/home/mmaaz/ros2_ws/install/moveit_task_constructor_capabilities/share/moveit_task_constructor_capabilities/hook/cmake_prefix_path.sh'
[236.778s] Level 1:colcon.colcon_core.environment:checking '/home/mmaaz/ros2_ws/install/moveit_task_constructor_capabilities/lib'
[236.778s] Level 1:colcon.colcon_core.shell:create_environment_hook('moveit_task_constructor_capabilities', 'ld_library_path_lib')
[236.779s] INFO:colcon.colcon_core.shell:Creating environment hook '/home/mmaaz/ros2_ws/install/moveit_task_constructor_capabilities/share/moveit_task_constructor_capabilities/hook/ld_library_path_lib.ps1'
[236.780s] INFO:colcon.colcon_core.shell:Creating environment descriptor '/home/mmaaz/ros2_ws/install/moveit_task_constructor_capabilities/share/moveit_task_constructor_capabilities/hook/ld_library_path_lib.dsv'
[236.781s] INFO:colcon.colcon_core.shell:Creating environment hook '/home/mmaaz/ros2_ws/install/moveit_task_constructor_capabilities/share/moveit_task_constructor_capabilities/hook/ld_library_path_lib.sh'
[236.782s] Level 1:colcon.colcon_core.environment:checking '/home/mmaaz/ros2_ws/install/moveit_task_constructor_capabilities/bin'
[236.782s] Level 1:colcon.colcon_core.environment:checking '/home/mmaaz/ros2_ws/install/moveit_task_constructor_capabilities/lib/pkgconfig/moveit_task_constructor_capabilities.pc'
[236.783s] Level 1:colcon.colcon_core.environment:checking '/home/mmaaz/ros2_ws/install/moveit_task_constructor_capabilities/lib/python3.12/site-packages'
[236.783s] Level 1:colcon.colcon_core.environment:checking '/home/mmaaz/ros2_ws/install/moveit_task_constructor_capabilities/bin'
[236.784s] INFO:colcon.colcon_core.shell:Creating package script '/home/mmaaz/ros2_ws/install/moveit_task_constructor_capabilities/share/moveit_task_constructor_capabilities/package.ps1'
[236.785s] INFO:colcon.colcon_core.shell:Creating package descriptor '/home/mmaaz/ros2_ws/install/moveit_task_constructor_capabilities/share/moveit_task_constructor_capabilities/package.dsv'
[236.786s] INFO:colcon.colcon_core.shell:Creating package script '/home/mmaaz/ros2_ws/install/moveit_task_constructor_capabilities/share/moveit_task_constructor_capabilities/package.sh'
[236.787s] INFO:colcon.colcon_core.shell:Creating package script '/home/mmaaz/ros2_ws/install/moveit_task_constructor_capabilities/share/moveit_task_constructor_capabilities/package.bash'
[236.788s] INFO:colcon.colcon_core.shell:Creating package script '/home/mmaaz/ros2_ws/install/moveit_task_constructor_capabilities/share/moveit_task_constructor_capabilities/package.zsh'
[236.790s] Level 1:colcon.colcon_core.environment:create_file_with_runtime_dependencies(/home/mmaaz/ros2_ws/install/moveit_task_constructor_capabilities/share/colcon-core/packages/moveit_task_constructor_capabilities)
[236.792s] Level 1:colcon.colcon_core.environment:create_environment_scripts_only(moveit_task_constructor_capabilities)
[236.792s] Level 1:colcon.colcon_core.environment:checking '/home/mmaaz/ros2_ws/install/moveit_task_constructor_capabilities' for CMake module files
[236.794s] Level 1:colcon.colcon_core.environment:checking '/home/mmaaz/ros2_ws/install/moveit_task_constructor_capabilities' for CMake config files
[236.795s] Level 1:colcon.colcon_core.shell:create_environment_hook('moveit_task_constructor_capabilities', 'cmake_prefix_path')
[236.795s] INFO:colcon.colcon_core.shell:Creating environment hook '/home/mmaaz/ros2_ws/install/moveit_task_constructor_capabilities/share/moveit_task_constructor_capabilities/hook/cmake_prefix_path.ps1'
[236.796s] INFO:colcon.colcon_core.shell:Creating environment descriptor '/home/mmaaz/ros2_ws/install/moveit_task_constructor_capabilities/share/moveit_task_constructor_capabilities/hook/cmake_prefix_path.dsv'
[236.796s] INFO:colcon.colcon_core.shell:Creating environment hook '/home/mmaaz/ros2_ws/install/moveit_task_constructor_capabilities/share/moveit_task_constructor_capabilities/hook/cmake_prefix_path.sh'
[236.797s] Level 1:colcon.colcon_core.environment:checking '/home/mmaaz/ros2_ws/install/moveit_task_constructor_capabilities/lib'
[236.797s] Level 1:colcon.colcon_core.shell:create_environment_hook('moveit_task_constructor_capabilities', 'ld_library_path_lib')
[236.797s] INFO:colcon.colcon_core.shell:Creating environment hook '/home/mmaaz/ros2_ws/install/moveit_task_constructor_capabilities/share/moveit_task_constructor_capabilities/hook/ld_library_path_lib.ps1'
[236.798s] INFO:colcon.colcon_core.shell:Creating environment descriptor '/home/mmaaz/ros2_ws/install/moveit_task_constructor_capabilities/share/moveit_task_constructor_capabilities/hook/ld_library_path_lib.dsv'
[236.799s] INFO:colcon.colcon_core.shell:Creating environment hook '/home/mmaaz/ros2_ws/install/moveit_task_constructor_capabilities/share/moveit_task_constructor_capabilities/hook/ld_library_path_lib.sh'
[236.799s] Level 1:colcon.colcon_core.environment:checking '/home/mmaaz/ros2_ws/install/moveit_task_constructor_capabilities/bin'
[236.800s] Level 1:colcon.colcon_core.environment:checking '/home/mmaaz/ros2_ws/install/moveit_task_constructor_capabilities/lib/pkgconfig/moveit_task_constructor_capabilities.pc'
[236.800s] Level 1:colcon.colcon_core.environment:checking '/home/mmaaz/ros2_ws/install/moveit_task_constructor_capabilities/lib/python3.12/site-packages'
[236.800s] Level 1:colcon.colcon_core.environment:checking '/home/mmaaz/ros2_ws/install/moveit_task_constructor_capabilities/bin'
[236.801s] INFO:colcon.colcon_core.shell:Creating package script '/home/mmaaz/ros2_ws/install/moveit_task_constructor_capabilities/share/moveit_task_constructor_capabilities/package.ps1'
[236.801s] INFO:colcon.colcon_core.shell:Creating package descriptor '/home/mmaaz/ros2_ws/install/moveit_task_constructor_capabilities/share/moveit_task_constructor_capabilities/package.dsv'
[236.802s] INFO:colcon.colcon_core.shell:Creating package script '/home/mmaaz/ros2_ws/install/moveit_task_constructor_capabilities/share/moveit_task_constructor_capabilities/package.sh'
[236.803s] INFO:colcon.colcon_core.shell:Creating package script '/home/mmaaz/ros2_ws/install/moveit_task_constructor_capabilities/share/moveit_task_constructor_capabilities/package.bash'
[236.804s] INFO:colcon.colcon_core.shell:Creating package script '/home/mmaaz/ros2_ws/install/moveit_task_constructor_capabilities/share/moveit_task_constructor_capabilities/package.zsh'
[236.805s] Level 1:colcon.colcon_core.environment:create_file_with_runtime_dependencies(/home/mmaaz/ros2_ws/install/moveit_task_constructor_capabilities/share/colcon-core/packages/moveit_task_constructor_capabilities)
[236.806s] INFO:colcon.colcon_ros.task.ament_cmake.build:Building ROS package in '/home/mmaaz/ros2_ws/src/moveit_task_constructor/demo' with build type 'ament_cmake'
[236.806s] INFO:colcon.colcon_cmake.task.cmake.build:Building CMake package in '/home/mmaaz/ros2_ws/src/moveit_task_constructor/demo'
[236.806s] INFO:colcon.colcon_core.shell:Skip shell extension 'powershell' for command environment: Not usable outside of PowerShell
[236.806s] DEBUG:colcon.colcon_core.shell:Skip shell extension 'dsv' for command environment
[239.215s] DEBUG:colcon.colcon_core.event_handler.log_command:Invoking command in '/home/mmaaz/ros2_ws/build/moveit_task_constructor_demo': CMAKE_MODULE_PATH=/home/mmaaz/ros2_ws/install/moveit_task_constructor_core/share/moveit_task_constructor_core/cmake:/home/mmaaz/ros2_ws/install/warehouse_ros_mongo/share/warehouse_ros_mongo/cmake CMAKE_PREFIX_PATH=/home/mmaaz/ros2_ws/install/moveit_task_constructor_capabilities:/home/mmaaz/ros2_ws/install/moveit_task_constructor_core:/home/mmaaz/ros2_ws/install/rviz_marker_tools:/home/mmaaz/ros2_ws/install/moveit_task_constructor_msgs:/home/mmaaz/ros2_ws/install/warehouse_ros_mongo:/home/mmaaz/ros2_ws/install/mycobot_mtc_pick_place_demo:/home/mmaaz/ros2_ws/install/mycobot_mtc_demos:/home/mmaaz/ros2_ws/install/moveit_task_constructor_visualization:/home/mmaaz/ros2_ws/install/moveit_task_constructor_demo:/home/mmaaz/ros2_ws/install/mycobot_ros2:/home/mmaaz/ros2_ws/install/mycobot_system_tests:/home/mmaaz/ros2_ws/install/mycobot_moveit_demos:/home/mmaaz/ros2_ws/install/mycobot_moveit_config:/home/mmaaz/ros2_ws/install/mycobot_interfaces:/home/mmaaz/ros2_ws/install/mycobot_gazebo:/home/mmaaz/ros2_ws/install/mycobot_description:/home/mmaaz/ros2_ws/install/mycobot_bringup:/opt/ros/jazzy/opt/gz_sim_vendor:/opt/ros/jazzy/opt/gz_sensors_vendor:/opt/ros/jazzy/opt/gz_physics_vendor:/opt/ros/jazzy/opt/sdformat_vendor:/opt/ros/jazzy/opt/gz_gui_vendor:/opt/ros/jazzy/opt/gz_transport_vendor:/opt/ros/jazzy/opt/gz_rendering_vendor:/opt/ros/jazzy/opt/gz_plugin_vendor:/opt/ros/jazzy/opt/gz_fuel_tools_vendor:/opt/ros/jazzy/opt/gz_msgs_vendor:/opt/ros/jazzy/opt/gz_common_vendor:/opt/ros/jazzy/opt/gz_math_vendor:/opt/ros/jazzy/opt/gz_utils_vendor:/opt/ros/jazzy/opt/gz_tools_vendor:/opt/ros/jazzy/opt/gz_ogre_next_vendor:/opt/ros/jazzy/opt/gz_dartsim_vendor:/opt/ros/jazzy/opt/gz_cmake_vendor:/opt/ros/jazzy LD_LIBRARY_PATH=/home/mmaaz/ros2_ws/install/moveit_task_constructor_capabilities/lib:/home/mmaaz/ros2_ws/install/moveit_task_constructor_core/lib:/home/mmaaz/ros2_ws/install/rviz_marker_tools/lib:/home/mmaaz/ros2_ws/install/moveit_task_constructor_msgs/lib:/home/mmaaz/ros2_ws/install/warehouse_ros_mongo/lib:/home/mmaaz/ros2_ws/install/mycobot_mtc_pick_place_demo/lib:/home/mmaaz/ros2_ws/install/moveit_task_constructor_visualization/lib:/home/mmaaz/ros2_ws/install/moveit_task_constructor_demo/lib:/home/mmaaz/ros2_ws/install/mycobot_interfaces/lib:/opt/ros/jazzy/opt/gz_sim_vendor/lib:/opt/ros/jazzy/opt/gz_sensors_vendor/lib:/opt/ros/jazzy/opt/gz_physics_vendor/lib:/opt/ros/jazzy/opt/sdformat_vendor/lib:/opt/ros/jazzy/opt/rviz_ogre_vendor/lib:/opt/ros/jazzy/lib/x86_64-linux-gnu:/opt/ros/jazzy/opt/gz_gui_vendor/lib:/opt/ros/jazzy/opt/gz_transport_vendor/lib:/opt/ros/jazzy/opt/gz_rendering_vendor/lib:/opt/ros/jazzy/opt/gz_plugin_vendor/lib:/opt/ros/jazzy/opt/gz_fuel_tools_vendor/lib:/opt/ros/jazzy/opt/gz_msgs_vendor/lib:/opt/ros/jazzy/opt/gz_common_vendor/lib:/opt/ros/jazzy/opt/gz_math_vendor/lib:/opt/ros/jazzy/opt/gz_utils_vendor/lib:/opt/ros/jazzy/opt/gz_tools_vendor/lib:/opt/ros/jazzy/opt/gz_ogre_next_vendor/lib:/opt/ros/jazzy/opt/gz_dartsim_vendor/lib:/opt/ros/jazzy/opt/gz_cmake_vendor/lib:/opt/ros/jazzy/lib PYTHONPATH=/home/mmaaz/ros2_ws/install/moveit_task_constructor_core/lib/python3.12/site-packages:/home/mmaaz/ros2_ws/install/moveit_task_constructor_msgs/lib/python3.12/site-packages:/home/mmaaz/ros2_ws/install/warehouse_ros_mongo/lib/python3.12/site-packages:/home/mmaaz/ros2_ws/install/mycobot_interfaces/lib/python3.12/site-packages:/opt/ros/jazzy/lib/python3.12/site-packages /usr/bin/cmake /home/mmaaz/ros2_ws/src/moveit_task_constructor/demo -DAMENT_CMAKE_SYMLINK_INSTALL=1 -DCMAKE_INSTALL_PREFIX=/home/mmaaz/ros2_ws/install/moveit_task_constructor_demo
[251.600s] DEBUG:colcon.colcon_core.event_handler.log_command:Invoked command in '/home/mmaaz/ros2_ws/build/moveit_task_constructor_demo' returned '0': CMAKE_MODULE_PATH=/home/mmaaz/ros2_ws/install/moveit_task_constructor_core/share/moveit_task_constructor_core/cmake:/home/mmaaz/ros2_ws/install/warehouse_ros_mongo/share/warehouse_ros_mongo/cmake CMAKE_PREFIX_PATH=/home/mmaaz/ros2_ws/install/moveit_task_constructor_capabilities:/home/mmaaz/ros2_ws/install/moveit_task_constructor_core:/home/mmaaz/ros2_ws/install/rviz_marker_tools:/home/mmaaz/ros2_ws/install/moveit_task_constructor_msgs:/home/mmaaz/ros2_ws/install/warehouse_ros_mongo:/home/mmaaz/ros2_ws/install/mycobot_mtc_pick_place_demo:/home/mmaaz/ros2_ws/install/mycobot_mtc_demos:/home/mmaaz/ros2_ws/install/moveit_task_constructor_visualization:/home/mmaaz/ros2_ws/install/moveit_task_constructor_demo:/home/mmaaz/ros2_ws/install/mycobot_ros2:/home/mmaaz/ros2_ws/install/mycobot_system_tests:/home/mmaaz/ros2_ws/install/mycobot_moveit_demos:/home/mmaaz/ros2_ws/install/mycobot_moveit_config:/home/mmaaz/ros2_ws/install/mycobot_interfaces:/home/mmaaz/ros2_ws/install/mycobot_gazebo:/home/mmaaz/ros2_ws/install/mycobot_description:/home/mmaaz/ros2_ws/install/mycobot_bringup:/opt/ros/jazzy/opt/gz_sim_vendor:/opt/ros/jazzy/opt/gz_sensors_vendor:/opt/ros/jazzy/opt/gz_physics_vendor:/opt/ros/jazzy/opt/sdformat_vendor:/opt/ros/jazzy/opt/gz_gui_vendor:/opt/ros/jazzy/opt/gz_transport_vendor:/opt/ros/jazzy/opt/gz_rendering_vendor:/opt/ros/jazzy/opt/gz_plugin_vendor:/opt/ros/jazzy/opt/gz_fuel_tools_vendor:/opt/ros/jazzy/opt/gz_msgs_vendor:/opt/ros/jazzy/opt/gz_common_vendor:/opt/ros/jazzy/opt/gz_math_vendor:/opt/ros/jazzy/opt/gz_utils_vendor:/opt/ros/jazzy/opt/gz_tools_vendor:/opt/ros/jazzy/opt/gz_ogre_next_vendor:/opt/ros/jazzy/opt/gz_dartsim_vendor:/opt/ros/jazzy/opt/gz_cmake_vendor:/opt/ros/jazzy LD_LIBRARY_PATH=/home/mmaaz/ros2_ws/install/moveit_task_constructor_capabilities/lib:/home/mmaaz/ros2_ws/install/moveit_task_constructor_core/lib:/home/mmaaz/ros2_ws/install/rviz_marker_tools/lib:/home/mmaaz/ros2_ws/install/moveit_task_constructor_msgs/lib:/home/mmaaz/ros2_ws/install/warehouse_ros_mongo/lib:/home/mmaaz/ros2_ws/install/mycobot_mtc_pick_place_demo/lib:/home/mmaaz/ros2_ws/install/moveit_task_constructor_visualization/lib:/home/mmaaz/ros2_ws/install/moveit_task_constructor_demo/lib:/home/mmaaz/ros2_ws/install/mycobot_interfaces/lib:/opt/ros/jazzy/opt/gz_sim_vendor/lib:/opt/ros/jazzy/opt/gz_sensors_vendor/lib:/opt/ros/jazzy/opt/gz_physics_vendor/lib:/opt/ros/jazzy/opt/sdformat_vendor/lib:/opt/ros/jazzy/opt/rviz_ogre_vendor/lib:/opt/ros/jazzy/lib/x86_64-linux-gnu:/opt/ros/jazzy/opt/gz_gui_vendor/lib:/opt/ros/jazzy/opt/gz_transport_vendor/lib:/opt/ros/jazzy/opt/gz_rendering_vendor/lib:/opt/ros/jazzy/opt/gz_plugin_vendor/lib:/opt/ros/jazzy/opt/gz_fuel_tools_vendor/lib:/opt/ros/jazzy/opt/gz_msgs_vendor/lib:/opt/ros/jazzy/opt/gz_common_vendor/lib:/opt/ros/jazzy/opt/gz_math_vendor/lib:/opt/ros/jazzy/opt/gz_utils_vendor/lib:/opt/ros/jazzy/opt/gz_tools_vendor/lib:/opt/ros/jazzy/opt/gz_ogre_next_vendor/lib:/opt/ros/jazzy/opt/gz_dartsim_vendor/lib:/opt/ros/jazzy/opt/gz_cmake_vendor/lib:/opt/ros/jazzy/lib PYTHONPATH=/home/mmaaz/ros2_ws/install/moveit_task_constructor_core/lib/python3.12/site-packages:/home/mmaaz/ros2_ws/install/moveit_task_constructor_msgs/lib/python3.12/site-packages:/home/mmaaz/ros2_ws/install/warehouse_ros_mongo/lib/python3.12/site-packages:/home/mmaaz/ros2_ws/install/mycobot_interfaces/lib/python3.12/site-packages:/opt/ros/jazzy/lib/python3.12/site-packages /usr/bin/cmake /home/mmaaz/ros2_ws/src/moveit_task_constructor/demo -DAMENT_CMAKE_SYMLINK_INSTALL=1 -DCMAKE_INSTALL_PREFIX=/home/mmaaz/ros2_ws/install/moveit_task_constructor_demo
[251.602s] DEBUG:colcon.colcon_core.event_handler.log_command:Invoking command in '/home/mmaaz/ros2_ws/build/moveit_task_constructor_demo': CMAKE_MODULE_PATH=/home/mmaaz/ros2_ws/install/moveit_task_constructor_core/share/moveit_task_constructor_core/cmake:/home/mmaaz/ros2_ws/install/warehouse_ros_mongo/share/warehouse_ros_mongo/cmake CMAKE_PREFIX_PATH=/home/mmaaz/ros2_ws/install/moveit_task_constructor_capabilities:/home/mmaaz/ros2_ws/install/moveit_task_constructor_core:/home/mmaaz/ros2_ws/install/rviz_marker_tools:/home/mmaaz/ros2_ws/install/moveit_task_constructor_msgs:/home/mmaaz/ros2_ws/install/warehouse_ros_mongo:/home/mmaaz/ros2_ws/install/mycobot_mtc_pick_place_demo:/home/mmaaz/ros2_ws/install/mycobot_mtc_demos:/home/mmaaz/ros2_ws/install/moveit_task_constructor_visualization:/home/mmaaz/ros2_ws/install/moveit_task_constructor_demo:/home/mmaaz/ros2_ws/install/mycobot_ros2:/home/mmaaz/ros2_ws/install/mycobot_system_tests:/home/mmaaz/ros2_ws/install/mycobot_moveit_demos:/home/mmaaz/ros2_ws/install/mycobot_moveit_config:/home/mmaaz/ros2_ws/install/mycobot_interfaces:/home/mmaaz/ros2_ws/install/mycobot_gazebo:/home/mmaaz/ros2_ws/install/mycobot_description:/home/mmaaz/ros2_ws/install/mycobot_bringup:/opt/ros/jazzy/opt/gz_sim_vendor:/opt/ros/jazzy/opt/gz_sensors_vendor:/opt/ros/jazzy/opt/gz_physics_vendor:/opt/ros/jazzy/opt/sdformat_vendor:/opt/ros/jazzy/opt/gz_gui_vendor:/opt/ros/jazzy/opt/gz_transport_vendor:/opt/ros/jazzy/opt/gz_rendering_vendor:/opt/ros/jazzy/opt/gz_plugin_vendor:/opt/ros/jazzy/opt/gz_fuel_tools_vendor:/opt/ros/jazzy/opt/gz_msgs_vendor:/opt/ros/jazzy/opt/gz_common_vendor:/opt/ros/jazzy/opt/gz_math_vendor:/opt/ros/jazzy/opt/gz_utils_vendor:/opt/ros/jazzy/opt/gz_tools_vendor:/opt/ros/jazzy/opt/gz_ogre_next_vendor:/opt/ros/jazzy/opt/gz_dartsim_vendor:/opt/ros/jazzy/opt/gz_cmake_vendor:/opt/ros/jazzy LD_LIBRARY_PATH=/home/mmaaz/ros2_ws/install/moveit_task_constructor_capabilities/lib:/home/mmaaz/ros2_ws/install/moveit_task_constructor_core/lib:/home/mmaaz/ros2_ws/install/rviz_marker_tools/lib:/home/mmaaz/ros2_ws/install/moveit_task_constructor_msgs/lib:/home/mmaaz/ros2_ws/install/warehouse_ros_mongo/lib:/home/mmaaz/ros2_ws/install/mycobot_mtc_pick_place_demo/lib:/home/mmaaz/ros2_ws/install/moveit_task_constructor_visualization/lib:/home/mmaaz/ros2_ws/install/moveit_task_constructor_demo/lib:/home/mmaaz/ros2_ws/install/mycobot_interfaces/lib:/opt/ros/jazzy/opt/gz_sim_vendor/lib:/opt/ros/jazzy/opt/gz_sensors_vendor/lib:/opt/ros/jazzy/opt/gz_physics_vendor/lib:/opt/ros/jazzy/opt/sdformat_vendor/lib:/opt/ros/jazzy/opt/rviz_ogre_vendor/lib:/opt/ros/jazzy/lib/x86_64-linux-gnu:/opt/ros/jazzy/opt/gz_gui_vendor/lib:/opt/ros/jazzy/opt/gz_transport_vendor/lib:/opt/ros/jazzy/opt/gz_rendering_vendor/lib:/opt/ros/jazzy/opt/gz_plugin_vendor/lib:/opt/ros/jazzy/opt/gz_fuel_tools_vendor/lib:/opt/ros/jazzy/opt/gz_msgs_vendor/lib:/opt/ros/jazzy/opt/gz_common_vendor/lib:/opt/ros/jazzy/opt/gz_math_vendor/lib:/opt/ros/jazzy/opt/gz_utils_vendor/lib:/opt/ros/jazzy/opt/gz_tools_vendor/lib:/opt/ros/jazzy/opt/gz_ogre_next_vendor/lib:/opt/ros/jazzy/opt/gz_dartsim_vendor/lib:/opt/ros/jazzy/opt/gz_cmake_vendor/lib:/opt/ros/jazzy/lib PYTHONPATH=/home/mmaaz/ros2_ws/install/moveit_task_constructor_core/lib/python3.12/site-packages:/home/mmaaz/ros2_ws/install/moveit_task_constructor_msgs/lib/python3.12/site-packages:/home/mmaaz/ros2_ws/install/warehouse_ros_mongo/lib/python3.12/site-packages:/home/mmaaz/ros2_ws/install/mycobot_interfaces/lib/python3.12/site-packages:/opt/ros/jazzy/lib/python3.12/site-packages /usr/bin/cmake --build /home/mmaaz/ros2_ws/build/moveit_task_constructor_demo -- -j22 -l22
[291.601s] DEBUG:colcon.colcon_core.event_handler.log_command:Invoked command in '/home/mmaaz/ros2_ws/build/moveit_task_constructor_demo' returned '0': CMAKE_MODULE_PATH=/home/mmaaz/ros2_ws/install/moveit_task_constructor_core/share/moveit_task_constructor_core/cmake:/home/mmaaz/ros2_ws/install/warehouse_ros_mongo/share/warehouse_ros_mongo/cmake CMAKE_PREFIX_PATH=/home/mmaaz/ros2_ws/install/moveit_task_constructor_capabilities:/home/mmaaz/ros2_ws/install/moveit_task_constructor_core:/home/mmaaz/ros2_ws/install/rviz_marker_tools:/home/mmaaz/ros2_ws/install/moveit_task_constructor_msgs:/home/mmaaz/ros2_ws/install/warehouse_ros_mongo:/home/mmaaz/ros2_ws/install/mycobot_mtc_pick_place_demo:/home/mmaaz/ros2_ws/install/mycobot_mtc_demos:/home/mmaaz/ros2_ws/install/moveit_task_constructor_visualization:/home/mmaaz/ros2_ws/install/moveit_task_constructor_demo:/home/mmaaz/ros2_ws/install/mycobot_ros2:/home/mmaaz/ros2_ws/install/mycobot_system_tests:/home/mmaaz/ros2_ws/install/mycobot_moveit_demos:/home/mmaaz/ros2_ws/install/mycobot_moveit_config:/home/mmaaz/ros2_ws/install/mycobot_interfaces:/home/mmaaz/ros2_ws/install/mycobot_gazebo:/home/mmaaz/ros2_ws/install/mycobot_description:/home/mmaaz/ros2_ws/install/mycobot_bringup:/opt/ros/jazzy/opt/gz_sim_vendor:/opt/ros/jazzy/opt/gz_sensors_vendor:/opt/ros/jazzy/opt/gz_physics_vendor:/opt/ros/jazzy/opt/sdformat_vendor:/opt/ros/jazzy/opt/gz_gui_vendor:/opt/ros/jazzy/opt/gz_transport_vendor:/opt/ros/jazzy/opt/gz_rendering_vendor:/opt/ros/jazzy/opt/gz_plugin_vendor:/opt/ros/jazzy/opt/gz_fuel_tools_vendor:/opt/ros/jazzy/opt/gz_msgs_vendor:/opt/ros/jazzy/opt/gz_common_vendor:/opt/ros/jazzy/opt/gz_math_vendor:/opt/ros/jazzy/opt/gz_utils_vendor:/opt/ros/jazzy/opt/gz_tools_vendor:/opt/ros/jazzy/opt/gz_ogre_next_vendor:/opt/ros/jazzy/opt/gz_dartsim_vendor:/opt/ros/jazzy/opt/gz_cmake_vendor:/opt/ros/jazzy LD_LIBRARY_PATH=/home/mmaaz/ros2_ws/install/moveit_task_constructor_capabilities/lib:/home/mmaaz/ros2_ws/install/moveit_task_constructor_core/lib:/home/mmaaz/ros2_ws/install/rviz_marker_tools/lib:/home/mmaaz/ros2_ws/install/moveit_task_constructor_msgs/lib:/home/mmaaz/ros2_ws/install/warehouse_ros_mongo/lib:/home/mmaaz/ros2_ws/install/mycobot_mtc_pick_place_demo/lib:/home/mmaaz/ros2_ws/install/moveit_task_constructor_visualization/lib:/home/mmaaz/ros2_ws/install/moveit_task_constructor_demo/lib:/home/mmaaz/ros2_ws/install/mycobot_interfaces/lib:/opt/ros/jazzy/opt/gz_sim_vendor/lib:/opt/ros/jazzy/opt/gz_sensors_vendor/lib:/opt/ros/jazzy/opt/gz_physics_vendor/lib:/opt/ros/jazzy/opt/sdformat_vendor/lib:/opt/ros/jazzy/opt/rviz_ogre_vendor/lib:/opt/ros/jazzy/lib/x86_64-linux-gnu:/opt/ros/jazzy/opt/gz_gui_vendor/lib:/opt/ros/jazzy/opt/gz_transport_vendor/lib:/opt/ros/jazzy/opt/gz_rendering_vendor/lib:/opt/ros/jazzy/opt/gz_plugin_vendor/lib:/opt/ros/jazzy/opt/gz_fuel_tools_vendor/lib:/opt/ros/jazzy/opt/gz_msgs_vendor/lib:/opt/ros/jazzy/opt/gz_common_vendor/lib:/opt/ros/jazzy/opt/gz_math_vendor/lib:/opt/ros/jazzy/opt/gz_utils_vendor/lib:/opt/ros/jazzy/opt/gz_tools_vendor/lib:/opt/ros/jazzy/opt/gz_ogre_next_vendor/lib:/opt/ros/jazzy/opt/gz_dartsim_vendor/lib:/opt/ros/jazzy/opt/gz_cmake_vendor/lib:/opt/ros/jazzy/lib PYTHONPATH=/home/mmaaz/ros2_ws/install/moveit_task_constructor_core/lib/python3.12/site-packages:/home/mmaaz/ros2_ws/install/moveit_task_constructor_msgs/lib/python3.12/site-packages:/home/mmaaz/ros2_ws/install/warehouse_ros_mongo/lib/python3.12/site-packages:/home/mmaaz/ros2_ws/install/mycobot_interfaces/lib/python3.12/site-packages:/opt/ros/jazzy/lib/python3.12/site-packages /usr/bin/cmake --build /home/mmaaz/ros2_ws/build/moveit_task_constructor_demo -- -j22 -l22
[291.603s] DEBUG:colcon.colcon_core.event_handler.log_command:Invoking command in '/home/mmaaz/ros2_ws/build/moveit_task_constructor_demo': CMAKE_MODULE_PATH=/home/mmaaz/ros2_ws/install/moveit_task_constructor_core/share/moveit_task_constructor_core/cmake:/home/mmaaz/ros2_ws/install/warehouse_ros_mongo/share/warehouse_ros_mongo/cmake CMAKE_PREFIX_PATH=/home/mmaaz/ros2_ws/install/moveit_task_constructor_capabilities:/home/mmaaz/ros2_ws/install/moveit_task_constructor_core:/home/mmaaz/ros2_ws/install/rviz_marker_tools:/home/mmaaz/ros2_ws/install/moveit_task_constructor_msgs:/home/mmaaz/ros2_ws/install/warehouse_ros_mongo:/home/mmaaz/ros2_ws/install/mycobot_mtc_pick_place_demo:/home/mmaaz/ros2_ws/install/mycobot_mtc_demos:/home/mmaaz/ros2_ws/install/moveit_task_constructor_visualization:/home/mmaaz/ros2_ws/install/moveit_task_constructor_demo:/home/mmaaz/ros2_ws/install/mycobot_ros2:/home/mmaaz/ros2_ws/install/mycobot_system_tests:/home/mmaaz/ros2_ws/install/mycobot_moveit_demos:/home/mmaaz/ros2_ws/install/mycobot_moveit_config:/home/mmaaz/ros2_ws/install/mycobot_interfaces:/home/mmaaz/ros2_ws/install/mycobot_gazebo:/home/mmaaz/ros2_ws/install/mycobot_description:/home/mmaaz/ros2_ws/install/mycobot_bringup:/opt/ros/jazzy/opt/gz_sim_vendor:/opt/ros/jazzy/opt/gz_sensors_vendor:/opt/ros/jazzy/opt/gz_physics_vendor:/opt/ros/jazzy/opt/sdformat_vendor:/opt/ros/jazzy/opt/gz_gui_vendor:/opt/ros/jazzy/opt/gz_transport_vendor:/opt/ros/jazzy/opt/gz_rendering_vendor:/opt/ros/jazzy/opt/gz_plugin_vendor:/opt/ros/jazzy/opt/gz_fuel_tools_vendor:/opt/ros/jazzy/opt/gz_msgs_vendor:/opt/ros/jazzy/opt/gz_common_vendor:/opt/ros/jazzy/opt/gz_math_vendor:/opt/ros/jazzy/opt/gz_utils_vendor:/opt/ros/jazzy/opt/gz_tools_vendor:/opt/ros/jazzy/opt/gz_ogre_next_vendor:/opt/ros/jazzy/opt/gz_dartsim_vendor:/opt/ros/jazzy/opt/gz_cmake_vendor:/opt/ros/jazzy LD_LIBRARY_PATH=/home/mmaaz/ros2_ws/install/moveit_task_constructor_capabilities/lib:/home/mmaaz/ros2_ws/install/moveit_task_constructor_core/lib:/home/mmaaz/ros2_ws/install/rviz_marker_tools/lib:/home/mmaaz/ros2_ws/install/moveit_task_constructor_msgs/lib:/home/mmaaz/ros2_ws/install/warehouse_ros_mongo/lib:/home/mmaaz/ros2_ws/install/mycobot_mtc_pick_place_demo/lib:/home/mmaaz/ros2_ws/install/moveit_task_constructor_visualization/lib:/home/mmaaz/ros2_ws/install/moveit_task_constructor_demo/lib:/home/mmaaz/ros2_ws/install/mycobot_interfaces/lib:/opt/ros/jazzy/opt/gz_sim_vendor/lib:/opt/ros/jazzy/opt/gz_sensors_vendor/lib:/opt/ros/jazzy/opt/gz_physics_vendor/lib:/opt/ros/jazzy/opt/sdformat_vendor/lib:/opt/ros/jazzy/opt/rviz_ogre_vendor/lib:/opt/ros/jazzy/lib/x86_64-linux-gnu:/opt/ros/jazzy/opt/gz_gui_vendor/lib:/opt/ros/jazzy/opt/gz_transport_vendor/lib:/opt/ros/jazzy/opt/gz_rendering_vendor/lib:/opt/ros/jazzy/opt/gz_plugin_vendor/lib:/opt/ros/jazzy/opt/gz_fuel_tools_vendor/lib:/opt/ros/jazzy/opt/gz_msgs_vendor/lib:/opt/ros/jazzy/opt/gz_common_vendor/lib:/opt/ros/jazzy/opt/gz_math_vendor/lib:/opt/ros/jazzy/opt/gz_utils_vendor/lib:/opt/ros/jazzy/opt/gz_tools_vendor/lib:/opt/ros/jazzy/opt/gz_ogre_next_vendor/lib:/opt/ros/jazzy/opt/gz_dartsim_vendor/lib:/opt/ros/jazzy/opt/gz_cmake_vendor/lib:/opt/ros/jazzy/lib PYTHONPATH=/home/mmaaz/ros2_ws/install/moveit_task_constructor_core/lib/python3.12/site-packages:/home/mmaaz/ros2_ws/install/moveit_task_constructor_msgs/lib/python3.12/site-packages:/home/mmaaz/ros2_ws/install/warehouse_ros_mongo/lib/python3.12/site-packages:/home/mmaaz/ros2_ws/install/mycobot_interfaces/lib/python3.12/site-packages:/opt/ros/jazzy/lib/python3.12/site-packages /usr/bin/cmake --install /home/mmaaz/ros2_ws/build/moveit_task_constructor_demo
[291.935s] Level 1:colcon.colcon_core.environment:create_environment_scripts_only(moveit_task_constructor_demo)
[291.935s] Level 1:colcon.colcon_core.environment:checking '/home/mmaaz/ros2_ws/install/moveit_task_constructor_demo' for CMake module files
[291.936s] DEBUG:colcon.colcon_core.event_handler.log_command:Invoked command in '/home/mmaaz/ros2_ws/build/moveit_task_constructor_demo' returned '0': CMAKE_MODULE_PATH=/home/mmaaz/ros2_ws/install/moveit_task_constructor_core/share/moveit_task_constructor_core/cmake:/home/mmaaz/ros2_ws/install/warehouse_ros_mongo/share/warehouse_ros_mongo/cmake CMAKE_PREFIX_PATH=/home/mmaaz/ros2_ws/install/moveit_task_constructor_capabilities:/home/mmaaz/ros2_ws/install/moveit_task_constructor_core:/home/mmaaz/ros2_ws/install/rviz_marker_tools:/home/mmaaz/ros2_ws/install/moveit_task_constructor_msgs:/home/mmaaz/ros2_ws/install/warehouse_ros_mongo:/home/mmaaz/ros2_ws/install/mycobot_mtc_pick_place_demo:/home/mmaaz/ros2_ws/install/mycobot_mtc_demos:/home/mmaaz/ros2_ws/install/moveit_task_constructor_visualization:/home/mmaaz/ros2_ws/install/moveit_task_constructor_demo:/home/mmaaz/ros2_ws/install/mycobot_ros2:/home/mmaaz/ros2_ws/install/mycobot_system_tests:/home/mmaaz/ros2_ws/install/mycobot_moveit_demos:/home/mmaaz/ros2_ws/install/mycobot_moveit_config:/home/mmaaz/ros2_ws/install/mycobot_interfaces:/home/mmaaz/ros2_ws/install/mycobot_gazebo:/home/mmaaz/ros2_ws/install/mycobot_description:/home/mmaaz/ros2_ws/install/mycobot_bringup:/opt/ros/jazzy/opt/gz_sim_vendor:/opt/ros/jazzy/opt/gz_sensors_vendor:/opt/ros/jazzy/opt/gz_physics_vendor:/opt/ros/jazzy/opt/sdformat_vendor:/opt/ros/jazzy/opt/gz_gui_vendor:/opt/ros/jazzy/opt/gz_transport_vendor:/opt/ros/jazzy/opt/gz_rendering_vendor:/opt/ros/jazzy/opt/gz_plugin_vendor:/opt/ros/jazzy/opt/gz_fuel_tools_vendor:/opt/ros/jazzy/opt/gz_msgs_vendor:/opt/ros/jazzy/opt/gz_common_vendor:/opt/ros/jazzy/opt/gz_math_vendor:/opt/ros/jazzy/opt/gz_utils_vendor:/opt/ros/jazzy/opt/gz_tools_vendor:/opt/ros/jazzy/opt/gz_ogre_next_vendor:/opt/ros/jazzy/opt/gz_dartsim_vendor:/opt/ros/jazzy/opt/gz_cmake_vendor:/opt/ros/jazzy LD_LIBRARY_PATH=/home/mmaaz/ros2_ws/install/moveit_task_constructor_capabilities/lib:/home/mmaaz/ros2_ws/install/moveit_task_constructor_core/lib:/home/mmaaz/ros2_ws/install/rviz_marker_tools/lib:/home/mmaaz/ros2_ws/install/moveit_task_constructor_msgs/lib:/home/mmaaz/ros2_ws/install/warehouse_ros_mongo/lib:/home/mmaaz/ros2_ws/install/mycobot_mtc_pick_place_demo/lib:/home/mmaaz/ros2_ws/install/moveit_task_constructor_visualization/lib:/home/mmaaz/ros2_ws/install/moveit_task_constructor_demo/lib:/home/mmaaz/ros2_ws/install/mycobot_interfaces/lib:/opt/ros/jazzy/opt/gz_sim_vendor/lib:/opt/ros/jazzy/opt/gz_sensors_vendor/lib:/opt/ros/jazzy/opt/gz_physics_vendor/lib:/opt/ros/jazzy/opt/sdformat_vendor/lib:/opt/ros/jazzy/opt/rviz_ogre_vendor/lib:/opt/ros/jazzy/lib/x86_64-linux-gnu:/opt/ros/jazzy/opt/gz_gui_vendor/lib:/opt/ros/jazzy/opt/gz_transport_vendor/lib:/opt/ros/jazzy/opt/gz_rendering_vendor/lib:/opt/ros/jazzy/opt/gz_plugin_vendor/lib:/opt/ros/jazzy/opt/gz_fuel_tools_vendor/lib:/opt/ros/jazzy/opt/gz_msgs_vendor/lib:/opt/ros/jazzy/opt/gz_common_vendor/lib:/opt/ros/jazzy/opt/gz_math_vendor/lib:/opt/ros/jazzy/opt/gz_utils_vendor/lib:/opt/ros/jazzy/opt/gz_tools_vendor/lib:/opt/ros/jazzy/opt/gz_ogre_next_vendor/lib:/opt/ros/jazzy/opt/gz_dartsim_vendor/lib:/opt/ros/jazzy/opt/gz_cmake_vendor/lib:/opt/ros/jazzy/lib PYTHONPATH=/home/mmaaz/ros2_ws/install/moveit_task_constructor_core/lib/python3.12/site-packages:/home/mmaaz/ros2_ws/install/moveit_task_constructor_msgs/lib/python3.12/site-packages:/home/mmaaz/ros2_ws/install/warehouse_ros_mongo/lib/python3.12/site-packages:/home/mmaaz/ros2_ws/install/mycobot_interfaces/lib/python3.12/site-packages:/opt/ros/jazzy/lib/python3.12/site-packages /usr/bin/cmake --install /home/mmaaz/ros2_ws/build/moveit_task_constructor_demo
[291.936s] Level 1:colcon.colcon_core.environment:checking '/home/mmaaz/ros2_ws/install/moveit_task_constructor_demo' for CMake config files
[291.937s] Level 1:colcon.colcon_core.shell:create_environment_hook('moveit_task_constructor_demo', 'cmake_prefix_path')
[291.937s] INFO:colcon.colcon_core.shell:Creating environment hook '/home/mmaaz/ros2_ws/install/moveit_task_constructor_demo/share/moveit_task_constructor_demo/hook/cmake_prefix_path.ps1'
[291.937s] INFO:colcon.colcon_core.shell:Creating environment descriptor '/home/mmaaz/ros2_ws/install/moveit_task_constructor_demo/share/moveit_task_constructor_demo/hook/cmake_prefix_path.dsv'
[291.938s] INFO:colcon.colcon_core.shell:Creating environment hook '/home/mmaaz/ros2_ws/install/moveit_task_constructor_demo/share/moveit_task_constructor_demo/hook/cmake_prefix_path.sh'
[291.938s] Level 1:colcon.colcon_core.environment:checking '/home/mmaaz/ros2_ws/install/moveit_task_constructor_demo/lib'
[291.938s] Level 1:colcon.colcon_core.shell:create_environment_hook('moveit_task_constructor_demo', 'ld_library_path_lib')
[291.938s] INFO:colcon.colcon_core.shell:Creating environment hook '/home/mmaaz/ros2_ws/install/moveit_task_constructor_demo/share/moveit_task_constructor_demo/hook/ld_library_path_lib.ps1'
[291.939s] INFO:colcon.colcon_core.shell:Creating environment descriptor '/home/mmaaz/ros2_ws/install/moveit_task_constructor_demo/share/moveit_task_constructor_demo/hook/ld_library_path_lib.dsv'
[291.939s] INFO:colcon.colcon_core.shell:Creating environment hook '/home/mmaaz/ros2_ws/install/moveit_task_constructor_demo/share/moveit_task_constructor_demo/hook/ld_library_path_lib.sh'
[291.939s] Level 1:colcon.colcon_core.environment:checking '/home/mmaaz/ros2_ws/install/moveit_task_constructor_demo/bin'
[291.939s] Level 1:colcon.colcon_core.environment:checking '/home/mmaaz/ros2_ws/install/moveit_task_constructor_demo/lib/pkgconfig/moveit_task_constructor_demo.pc'
[291.939s] Level 1:colcon.colcon_core.environment:checking '/home/mmaaz/ros2_ws/install/moveit_task_constructor_demo/lib/python3.12/site-packages'
[291.940s] Level 1:colcon.colcon_core.environment:checking '/home/mmaaz/ros2_ws/install/moveit_task_constructor_demo/bin'
[291.940s] INFO:colcon.colcon_core.shell:Creating package script '/home/mmaaz/ros2_ws/install/moveit_task_constructor_demo/share/moveit_task_constructor_demo/package.ps1'
[291.940s] INFO:colcon.colcon_core.shell:Creating package descriptor '/home/mmaaz/ros2_ws/install/moveit_task_constructor_demo/share/moveit_task_constructor_demo/package.dsv'
[291.940s] INFO:colcon.colcon_core.shell:Creating package script '/home/mmaaz/ros2_ws/install/moveit_task_constructor_demo/share/moveit_task_constructor_demo/package.sh'
[291.941s] INFO:colcon.colcon_core.shell:Creating package script '/home/mmaaz/ros2_ws/install/moveit_task_constructor_demo/share/moveit_task_constructor_demo/package.bash'
[291.941s] INFO:colcon.colcon_core.shell:Creating package script '/home/mmaaz/ros2_ws/install/moveit_task_constructor_demo/share/moveit_task_constructor_demo/package.zsh'
[291.941s] Level 1:colcon.colcon_core.environment:create_file_with_runtime_dependencies(/home/mmaaz/ros2_ws/install/moveit_task_constructor_demo/share/colcon-core/packages/moveit_task_constructor_demo)
[291.942s] Level 1:colcon.colcon_core.environment:create_environment_scripts_only(moveit_task_constructor_demo)
[291.942s] Level 1:colcon.colcon_core.environment:checking '/home/mmaaz/ros2_ws/install/moveit_task_constructor_demo' for CMake module files
[291.942s] Level 1:colcon.colcon_core.environment:checking '/home/mmaaz/ros2_ws/install/moveit_task_constructor_demo' for CMake config files
[291.943s] Level 1:colcon.colcon_core.shell:create_environment_hook('moveit_task_constructor_demo', 'cmake_prefix_path')
[291.943s] INFO:colcon.colcon_core.shell:Creating environment hook '/home/mmaaz/ros2_ws/install/moveit_task_constructor_demo/share/moveit_task_constructor_demo/hook/cmake_prefix_path.ps1'
[291.943s] INFO:colcon.colcon_core.shell:Creating environment descriptor '/home/mmaaz/ros2_ws/install/moveit_task_constructor_demo/share/moveit_task_constructor_demo/hook/cmake_prefix_path.dsv'
[291.943s] INFO:colcon.colcon_core.shell:Creating environment hook '/home/mmaaz/ros2_ws/install/moveit_task_constructor_demo/share/moveit_task_constructor_demo/hook/cmake_prefix_path.sh'
[291.944s] Level 1:colcon.colcon_core.environment:checking '/home/mmaaz/ros2_ws/install/moveit_task_constructor_demo/lib'
[291.944s] Level 1:colcon.colcon_core.shell:create_environment_hook('moveit_task_constructor_demo', 'ld_library_path_lib')
[291.944s] INFO:colcon.colcon_core.shell:Creating environment hook '/home/mmaaz/ros2_ws/install/moveit_task_constructor_demo/share/moveit_task_constructor_demo/hook/ld_library_path_lib.ps1'
[291.945s] INFO:colcon.colcon_core.shell:Creating environment descriptor '/home/mmaaz/ros2_ws/install/moveit_task_constructor_demo/share/moveit_task_constructor_demo/hook/ld_library_path_lib.dsv'
[291.945s] INFO:colcon.colcon_core.shell:Creating environment hook '/home/mmaaz/ros2_ws/install/moveit_task_constructor_demo/share/moveit_task_constructor_demo/hook/ld_library_path_lib.sh'
[291.945s] Level 1:colcon.colcon_core.environment:checking '/home/mmaaz/ros2_ws/install/moveit_task_constructor_demo/bin'
[291.945s] Level 1:colcon.colcon_core.environment:checking '/home/mmaaz/ros2_ws/install/moveit_task_constructor_demo/lib/pkgconfig/moveit_task_constructor_demo.pc'
[291.946s] Level 1:colcon.colcon_core.environment:checking '/home/mmaaz/ros2_ws/install/moveit_task_constructor_demo/lib/python3.12/site-packages'
[291.946s] Level 1:colcon.colcon_core.environment:checking '/home/mmaaz/ros2_ws/install/moveit_task_constructor_demo/bin'
[291.946s] INFO:colcon.colcon_core.shell:Creating package script '/home/mmaaz/ros2_ws/install/moveit_task_constructor_demo/share/moveit_task_constructor_demo/package.ps1'
[291.946s] INFO:colcon.colcon_core.shell:Creating package descriptor '/home/mmaaz/ros2_ws/install/moveit_task_constructor_demo/share/moveit_task_constructor_demo/package.dsv'
[291.947s] INFO:colcon.colcon_core.shell:Creating package script '/home/mmaaz/ros2_ws/install/moveit_task_constructor_demo/share/moveit_task_constructor_demo/package.sh'
[291.947s] INFO:colcon.colcon_core.shell:Creating package script '/home/mmaaz/ros2_ws/install/moveit_task_constructor_demo/share/moveit_task_constructor_demo/package.bash'
[291.948s] INFO:colcon.colcon_core.shell:Creating package script '/home/mmaaz/ros2_ws/install/moveit_task_constructor_demo/share/moveit_task_constructor_demo/package.zsh'
[291.948s] Level 1:colcon.colcon_core.environment:create_file_with_runtime_dependencies(/home/mmaaz/ros2_ws/install/moveit_task_constructor_demo/share/colcon-core/packages/moveit_task_constructor_demo)
[304.944s] DEBUG:colcon.colcon_core.event_handler.log_command:Invoked command in '/home/mmaaz/ros2_ws/build/moveit_task_constructor_visualization' returned '0': CMAKE_MODULE_PATH=/home/mmaaz/ros2_ws/install/moveit_task_constructor_core/share/moveit_task_constructor_core/cmake:/home/mmaaz/ros2_ws/install/warehouse_ros_mongo/share/warehouse_ros_mongo/cmake CMAKE_PREFIX_PATH=/home/mmaaz/ros2_ws/install/moveit_task_constructor_core:/home/mmaaz/ros2_ws/install/rviz_marker_tools:/home/mmaaz/ros2_ws/install/moveit_task_constructor_msgs:/home/mmaaz/ros2_ws/install/warehouse_ros_mongo:/home/mmaaz/ros2_ws/install/mycobot_mtc_pick_place_demo:/home/mmaaz/ros2_ws/install/mycobot_mtc_demos:/home/mmaaz/ros2_ws/install/moveit_task_constructor_visualization:/home/mmaaz/ros2_ws/install/moveit_task_constructor_demo:/home/mmaaz/ros2_ws/install/moveit_task_constructor_capabilities:/home/mmaaz/ros2_ws/install/mycobot_ros2:/home/mmaaz/ros2_ws/install/mycobot_system_tests:/home/mmaaz/ros2_ws/install/mycobot_moveit_demos:/home/mmaaz/ros2_ws/install/mycobot_moveit_config:/home/mmaaz/ros2_ws/install/mycobot_interfaces:/home/mmaaz/ros2_ws/install/mycobot_gazebo:/home/mmaaz/ros2_ws/install/mycobot_description:/home/mmaaz/ros2_ws/install/mycobot_bringup:/opt/ros/jazzy/opt/gz_sim_vendor:/opt/ros/jazzy/opt/gz_sensors_vendor:/opt/ros/jazzy/opt/gz_physics_vendor:/opt/ros/jazzy/opt/sdformat_vendor:/opt/ros/jazzy/opt/gz_gui_vendor:/opt/ros/jazzy/opt/gz_transport_vendor:/opt/ros/jazzy/opt/gz_rendering_vendor:/opt/ros/jazzy/opt/gz_plugin_vendor:/opt/ros/jazzy/opt/gz_fuel_tools_vendor:/opt/ros/jazzy/opt/gz_msgs_vendor:/opt/ros/jazzy/opt/gz_common_vendor:/opt/ros/jazzy/opt/gz_math_vendor:/opt/ros/jazzy/opt/gz_utils_vendor:/opt/ros/jazzy/opt/gz_tools_vendor:/opt/ros/jazzy/opt/gz_ogre_next_vendor:/opt/ros/jazzy/opt/gz_dartsim_vendor:/opt/ros/jazzy/opt/gz_cmake_vendor:/opt/ros/jazzy LD_LIBRARY_PATH=/home/mmaaz/ros2_ws/install/moveit_task_constructor_core/lib:/home/mmaaz/ros2_ws/install/rviz_marker_tools/lib:/home/mmaaz/ros2_ws/install/moveit_task_constructor_msgs/lib:/home/mmaaz/ros2_ws/install/warehouse_ros_mongo/lib:/home/mmaaz/ros2_ws/install/mycobot_mtc_pick_place_demo/lib:/home/mmaaz/ros2_ws/install/moveit_task_constructor_visualization/lib:/home/mmaaz/ros2_ws/install/moveit_task_constructor_demo/lib:/home/mmaaz/ros2_ws/install/moveit_task_constructor_capabilities/lib:/home/mmaaz/ros2_ws/install/mycobot_interfaces/lib:/opt/ros/jazzy/opt/gz_sim_vendor/lib:/opt/ros/jazzy/opt/gz_sensors_vendor/lib:/opt/ros/jazzy/opt/gz_physics_vendor/lib:/opt/ros/jazzy/opt/sdformat_vendor/lib:/opt/ros/jazzy/opt/rviz_ogre_vendor/lib:/opt/ros/jazzy/lib/x86_64-linux-gnu:/opt/ros/jazzy/opt/gz_gui_vendor/lib:/opt/ros/jazzy/opt/gz_transport_vendor/lib:/opt/ros/jazzy/opt/gz_rendering_vendor/lib:/opt/ros/jazzy/opt/gz_plugin_vendor/lib:/opt/ros/jazzy/opt/gz_fuel_tools_vendor/lib:/opt/ros/jazzy/opt/gz_msgs_vendor/lib:/opt/ros/jazzy/opt/gz_common_vendor/lib:/opt/ros/jazzy/opt/gz_math_vendor/lib:/opt/ros/jazzy/opt/gz_utils_vendor/lib:/opt/ros/jazzy/opt/gz_tools_vendor/lib:/opt/ros/jazzy/opt/gz_ogre_next_vendor/lib:/opt/ros/jazzy/opt/gz_dartsim_vendor/lib:/opt/ros/jazzy/opt/gz_cmake_vendor/lib:/opt/ros/jazzy/lib PYTHONPATH=/home/mmaaz/ros2_ws/install/moveit_task_constructor_core/lib/python3.12/site-packages:/home/mmaaz/ros2_ws/install/moveit_task_constructor_msgs/lib/python3.12/site-packages:/home/mmaaz/ros2_ws/install/warehouse_ros_mongo/lib/python3.12/site-packages:/home/mmaaz/ros2_ws/install/mycobot_interfaces/lib/python3.12/site-packages:/opt/ros/jazzy/lib/python3.12/site-packages /usr/bin/cmake --build /home/mmaaz/ros2_ws/build/moveit_task_constructor_visualization -- -j22 -l22
[304.946s] DEBUG:colcon.colcon_core.event_handler.log_command:Invoking command in '/home/mmaaz/ros2_ws/build/moveit_task_constructor_visualization': CMAKE_MODULE_PATH=/home/mmaaz/ros2_ws/install/moveit_task_constructor_core/share/moveit_task_constructor_core/cmake:/home/mmaaz/ros2_ws/install/warehouse_ros_mongo/share/warehouse_ros_mongo/cmake CMAKE_PREFIX_PATH=/home/mmaaz/ros2_ws/install/moveit_task_constructor_core:/home/mmaaz/ros2_ws/install/rviz_marker_tools:/home/mmaaz/ros2_ws/install/moveit_task_constructor_msgs:/home/mmaaz/ros2_ws/install/warehouse_ros_mongo:/home/mmaaz/ros2_ws/install/mycobot_mtc_pick_place_demo:/home/mmaaz/ros2_ws/install/mycobot_mtc_demos:/home/mmaaz/ros2_ws/install/moveit_task_constructor_visualization:/home/mmaaz/ros2_ws/install/moveit_task_constructor_demo:/home/mmaaz/ros2_ws/install/moveit_task_constructor_capabilities:/home/mmaaz/ros2_ws/install/mycobot_ros2:/home/mmaaz/ros2_ws/install/mycobot_system_tests:/home/mmaaz/ros2_ws/install/mycobot_moveit_demos:/home/mmaaz/ros2_ws/install/mycobot_moveit_config:/home/mmaaz/ros2_ws/install/mycobot_interfaces:/home/mmaaz/ros2_ws/install/mycobot_gazebo:/home/mmaaz/ros2_ws/install/mycobot_description:/home/mmaaz/ros2_ws/install/mycobot_bringup:/opt/ros/jazzy/opt/gz_sim_vendor:/opt/ros/jazzy/opt/gz_sensors_vendor:/opt/ros/jazzy/opt/gz_physics_vendor:/opt/ros/jazzy/opt/sdformat_vendor:/opt/ros/jazzy/opt/gz_gui_vendor:/opt/ros/jazzy/opt/gz_transport_vendor:/opt/ros/jazzy/opt/gz_rendering_vendor:/opt/ros/jazzy/opt/gz_plugin_vendor:/opt/ros/jazzy/opt/gz_fuel_tools_vendor:/opt/ros/jazzy/opt/gz_msgs_vendor:/opt/ros/jazzy/opt/gz_common_vendor:/opt/ros/jazzy/opt/gz_math_vendor:/opt/ros/jazzy/opt/gz_utils_vendor:/opt/ros/jazzy/opt/gz_tools_vendor:/opt/ros/jazzy/opt/gz_ogre_next_vendor:/opt/ros/jazzy/opt/gz_dartsim_vendor:/opt/ros/jazzy/opt/gz_cmake_vendor:/opt/ros/jazzy LD_LIBRARY_PATH=/home/mmaaz/ros2_ws/install/moveit_task_constructor_core/lib:/home/mmaaz/ros2_ws/install/rviz_marker_tools/lib:/home/mmaaz/ros2_ws/install/moveit_task_constructor_msgs/lib:/home/mmaaz/ros2_ws/install/warehouse_ros_mongo/lib:/home/mmaaz/ros2_ws/install/mycobot_mtc_pick_place_demo/lib:/home/mmaaz/ros2_ws/install/moveit_task_constructor_visualization/lib:/home/mmaaz/ros2_ws/install/moveit_task_constructor_demo/lib:/home/mmaaz/ros2_ws/install/moveit_task_constructor_capabilities/lib:/home/mmaaz/ros2_ws/install/mycobot_interfaces/lib:/opt/ros/jazzy/opt/gz_sim_vendor/lib:/opt/ros/jazzy/opt/gz_sensors_vendor/lib:/opt/ros/jazzy/opt/gz_physics_vendor/lib:/opt/ros/jazzy/opt/sdformat_vendor/lib:/opt/ros/jazzy/opt/rviz_ogre_vendor/lib:/opt/ros/jazzy/lib/x86_64-linux-gnu:/opt/ros/jazzy/opt/gz_gui_vendor/lib:/opt/ros/jazzy/opt/gz_transport_vendor/lib:/opt/ros/jazzy/opt/gz_rendering_vendor/lib:/opt/ros/jazzy/opt/gz_plugin_vendor/lib:/opt/ros/jazzy/opt/gz_fuel_tools_vendor/lib:/opt/ros/jazzy/opt/gz_msgs_vendor/lib:/opt/ros/jazzy/opt/gz_common_vendor/lib:/opt/ros/jazzy/opt/gz_math_vendor/lib:/opt/ros/jazzy/opt/gz_utils_vendor/lib:/opt/ros/jazzy/opt/gz_tools_vendor/lib:/opt/ros/jazzy/opt/gz_ogre_next_vendor/lib:/opt/ros/jazzy/opt/gz_dartsim_vendor/lib:/opt/ros/jazzy/opt/gz_cmake_vendor/lib:/opt/ros/jazzy/lib PYTHONPATH=/home/mmaaz/ros2_ws/install/moveit_task_constructor_core/lib/python3.12/site-packages:/home/mmaaz/ros2_ws/install/moveit_task_constructor_msgs/lib/python3.12/site-packages:/home/mmaaz/ros2_ws/install/warehouse_ros_mongo/lib/python3.12/site-packages:/home/mmaaz/ros2_ws/install/mycobot_interfaces/lib/python3.12/site-packages:/opt/ros/jazzy/lib/python3.12/site-packages /usr/bin/cmake --install /home/mmaaz/ros2_ws/build/moveit_task_constructor_visualization
[305.178s] Level 1:colcon.colcon_core.environment:create_environment_scripts_only(moveit_task_constructor_visualization)
[305.179s] Level 1:colcon.colcon_core.environment:checking '/home/mmaaz/ros2_ws/install/moveit_task_constructor_visualization' for CMake module files
[305.179s] DEBUG:colcon.colcon_core.event_handler.log_command:Invoked command in '/home/mmaaz/ros2_ws/build/moveit_task_constructor_visualization' returned '0': CMAKE_MODULE_PATH=/home/mmaaz/ros2_ws/install/moveit_task_constructor_core/share/moveit_task_constructor_core/cmake:/home/mmaaz/ros2_ws/install/warehouse_ros_mongo/share/warehouse_ros_mongo/cmake CMAKE_PREFIX_PATH=/home/mmaaz/ros2_ws/install/moveit_task_constructor_core:/home/mmaaz/ros2_ws/install/rviz_marker_tools:/home/mmaaz/ros2_ws/install/moveit_task_constructor_msgs:/home/mmaaz/ros2_ws/install/warehouse_ros_mongo:/home/mmaaz/ros2_ws/install/mycobot_mtc_pick_place_demo:/home/mmaaz/ros2_ws/install/mycobot_mtc_demos:/home/mmaaz/ros2_ws/install/moveit_task_constructor_visualization:/home/mmaaz/ros2_ws/install/moveit_task_constructor_demo:/home/mmaaz/ros2_ws/install/moveit_task_constructor_capabilities:/home/mmaaz/ros2_ws/install/mycobot_ros2:/home/mmaaz/ros2_ws/install/mycobot_system_tests:/home/mmaaz/ros2_ws/install/mycobot_moveit_demos:/home/mmaaz/ros2_ws/install/mycobot_moveit_config:/home/mmaaz/ros2_ws/install/mycobot_interfaces:/home/mmaaz/ros2_ws/install/mycobot_gazebo:/home/mmaaz/ros2_ws/install/mycobot_description:/home/mmaaz/ros2_ws/install/mycobot_bringup:/opt/ros/jazzy/opt/gz_sim_vendor:/opt/ros/jazzy/opt/gz_sensors_vendor:/opt/ros/jazzy/opt/gz_physics_vendor:/opt/ros/jazzy/opt/sdformat_vendor:/opt/ros/jazzy/opt/gz_gui_vendor:/opt/ros/jazzy/opt/gz_transport_vendor:/opt/ros/jazzy/opt/gz_rendering_vendor:/opt/ros/jazzy/opt/gz_plugin_vendor:/opt/ros/jazzy/opt/gz_fuel_tools_vendor:/opt/ros/jazzy/opt/gz_msgs_vendor:/opt/ros/jazzy/opt/gz_common_vendor:/opt/ros/jazzy/opt/gz_math_vendor:/opt/ros/jazzy/opt/gz_utils_vendor:/opt/ros/jazzy/opt/gz_tools_vendor:/opt/ros/jazzy/opt/gz_ogre_next_vendor:/opt/ros/jazzy/opt/gz_dartsim_vendor:/opt/ros/jazzy/opt/gz_cmake_vendor:/opt/ros/jazzy LD_LIBRARY_PATH=/home/mmaaz/ros2_ws/install/moveit_task_constructor_core/lib:/home/mmaaz/ros2_ws/install/rviz_marker_tools/lib:/home/mmaaz/ros2_ws/install/moveit_task_constructor_msgs/lib:/home/mmaaz/ros2_ws/install/warehouse_ros_mongo/lib:/home/mmaaz/ros2_ws/install/mycobot_mtc_pick_place_demo/lib:/home/mmaaz/ros2_ws/install/moveit_task_constructor_visualization/lib:/home/mmaaz/ros2_ws/install/moveit_task_constructor_demo/lib:/home/mmaaz/ros2_ws/install/moveit_task_constructor_capabilities/lib:/home/mmaaz/ros2_ws/install/mycobot_interfaces/lib:/opt/ros/jazzy/opt/gz_sim_vendor/lib:/opt/ros/jazzy/opt/gz_sensors_vendor/lib:/opt/ros/jazzy/opt/gz_physics_vendor/lib:/opt/ros/jazzy/opt/sdformat_vendor/lib:/opt/ros/jazzy/opt/rviz_ogre_vendor/lib:/opt/ros/jazzy/lib/x86_64-linux-gnu:/opt/ros/jazzy/opt/gz_gui_vendor/lib:/opt/ros/jazzy/opt/gz_transport_vendor/lib:/opt/ros/jazzy/opt/gz_rendering_vendor/lib:/opt/ros/jazzy/opt/gz_plugin_vendor/lib:/opt/ros/jazzy/opt/gz_fuel_tools_vendor/lib:/opt/ros/jazzy/opt/gz_msgs_vendor/lib:/opt/ros/jazzy/opt/gz_common_vendor/lib:/opt/ros/jazzy/opt/gz_math_vendor/lib:/opt/ros/jazzy/opt/gz_utils_vendor/lib:/opt/ros/jazzy/opt/gz_tools_vendor/lib:/opt/ros/jazzy/opt/gz_ogre_next_vendor/lib:/opt/ros/jazzy/opt/gz_dartsim_vendor/lib:/opt/ros/jazzy/opt/gz_cmake_vendor/lib:/opt/ros/jazzy/lib PYTHONPATH=/home/mmaaz/ros2_ws/install/moveit_task_constructor_core/lib/python3.12/site-packages:/home/mmaaz/ros2_ws/install/moveit_task_constructor_msgs/lib/python3.12/site-packages:/home/mmaaz/ros2_ws/install/warehouse_ros_mongo/lib/python3.12/site-packages:/home/mmaaz/ros2_ws/install/mycobot_interfaces/lib/python3.12/site-packages:/opt/ros/jazzy/lib/python3.12/site-packages /usr/bin/cmake --install /home/mmaaz/ros2_ws/build/moveit_task_constructor_visualization
[305.180s] Level 1:colcon.colcon_core.environment:checking '/home/mmaaz/ros2_ws/install/moveit_task_constructor_visualization' for CMake config files
[305.180s] Level 1:colcon.colcon_core.shell:create_environment_hook('moveit_task_constructor_visualization', 'cmake_prefix_path')
[305.180s] INFO:colcon.colcon_core.shell:Creating environment hook '/home/mmaaz/ros2_ws/install/moveit_task_constructor_visualization/share/moveit_task_constructor_visualization/hook/cmake_prefix_path.ps1'
[305.180s] INFO:colcon.colcon_core.shell:Creating environment descriptor '/home/mmaaz/ros2_ws/install/moveit_task_constructor_visualization/share/moveit_task_constructor_visualization/hook/cmake_prefix_path.dsv'
[305.181s] INFO:colcon.colcon_core.shell:Creating environment hook '/home/mmaaz/ros2_ws/install/moveit_task_constructor_visualization/share/moveit_task_constructor_visualization/hook/cmake_prefix_path.sh'
[305.181s] Level 1:colcon.colcon_core.environment:checking '/home/mmaaz/ros2_ws/install/moveit_task_constructor_visualization/lib'
[305.181s] Level 1:colcon.colcon_core.shell:create_environment_hook('moveit_task_constructor_visualization', 'ld_library_path_lib')
[305.181s] INFO:colcon.colcon_core.shell:Creating environment hook '/home/mmaaz/ros2_ws/install/moveit_task_constructor_visualization/share/moveit_task_constructor_visualization/hook/ld_library_path_lib.ps1'
[305.182s] INFO:colcon.colcon_core.shell:Creating environment descriptor '/home/mmaaz/ros2_ws/install/moveit_task_constructor_visualization/share/moveit_task_constructor_visualization/hook/ld_library_path_lib.dsv'
[305.182s] INFO:colcon.colcon_core.shell:Creating environment hook '/home/mmaaz/ros2_ws/install/moveit_task_constructor_visualization/share/moveit_task_constructor_visualization/hook/ld_library_path_lib.sh'
[305.182s] Level 1:colcon.colcon_core.environment:checking '/home/mmaaz/ros2_ws/install/moveit_task_constructor_visualization/bin'
[305.182s] Level 1:colcon.colcon_core.environment:checking '/home/mmaaz/ros2_ws/install/moveit_task_constructor_visualization/lib/pkgconfig/moveit_task_constructor_visualization.pc'
[305.182s] Level 1:colcon.colcon_core.environment:checking '/home/mmaaz/ros2_ws/install/moveit_task_constructor_visualization/lib/python3.12/site-packages'
[305.182s] Level 1:colcon.colcon_core.environment:checking '/home/mmaaz/ros2_ws/install/moveit_task_constructor_visualization/bin'
[305.183s] INFO:colcon.colcon_core.shell:Creating package script '/home/mmaaz/ros2_ws/install/moveit_task_constructor_visualization/share/moveit_task_constructor_visualization/package.ps1'
[305.183s] INFO:colcon.colcon_core.shell:Creating package descriptor '/home/mmaaz/ros2_ws/install/moveit_task_constructor_visualization/share/moveit_task_constructor_visualization/package.dsv'
[305.183s] INFO:colcon.colcon_core.shell:Creating package script '/home/mmaaz/ros2_ws/install/moveit_task_constructor_visualization/share/moveit_task_constructor_visualization/package.sh'
[305.184s] INFO:colcon.colcon_core.shell:Creating package script '/home/mmaaz/ros2_ws/install/moveit_task_constructor_visualization/share/moveit_task_constructor_visualization/package.bash'
[305.184s] INFO:colcon.colcon_core.shell:Creating package script '/home/mmaaz/ros2_ws/install/moveit_task_constructor_visualization/share/moveit_task_constructor_visualization/package.zsh'
[305.184s] Level 1:colcon.colcon_core.environment:create_file_with_runtime_dependencies(/home/mmaaz/ros2_ws/install/moveit_task_constructor_visualization/share/colcon-core/packages/moveit_task_constructor_visualization)
[305.185s] Level 1:colcon.colcon_core.environment:create_environment_scripts_only(moveit_task_constructor_visualization)
[305.185s] Level 1:colcon.colcon_core.environment:checking '/home/mmaaz/ros2_ws/install/moveit_task_constructor_visualization' for CMake module files
[305.185s] Level 1:colcon.colcon_core.environment:checking '/home/mmaaz/ros2_ws/install/moveit_task_constructor_visualization' for CMake config files
[305.185s] Level 1:colcon.colcon_core.shell:create_environment_hook('moveit_task_constructor_visualization', 'cmake_prefix_path')
[305.186s] INFO:colcon.colcon_core.shell:Creating environment hook '/home/mmaaz/ros2_ws/install/moveit_task_constructor_visualization/share/moveit_task_constructor_visualization/hook/cmake_prefix_path.ps1'
[305.186s] INFO:colcon.colcon_core.shell:Creating environment descriptor '/home/mmaaz/ros2_ws/install/moveit_task_constructor_visualization/share/moveit_task_constructor_visualization/hook/cmake_prefix_path.dsv'
[305.186s] INFO:colcon.colcon_core.shell:Creating environment hook '/home/mmaaz/ros2_ws/install/moveit_task_constructor_visualization/share/moveit_task_constructor_visualization/hook/cmake_prefix_path.sh'
[305.187s] Level 1:colcon.colcon_core.environment:checking '/home/mmaaz/ros2_ws/install/moveit_task_constructor_visualization/lib'
[305.187s] Level 1:colcon.colcon_core.shell:create_environment_hook('moveit_task_constructor_visualization', 'ld_library_path_lib')
[305.187s] INFO:colcon.colcon_core.shell:Creating environment hook '/home/mmaaz/ros2_ws/install/moveit_task_constructor_visualization/share/moveit_task_constructor_visualization/hook/ld_library_path_lib.ps1'
[305.187s] INFO:colcon.colcon_core.shell:Creating environment descriptor '/home/mmaaz/ros2_ws/install/moveit_task_constructor_visualization/share/moveit_task_constructor_visualization/hook/ld_library_path_lib.dsv'
[305.187s] INFO:colcon.colcon_core.shell:Creating environment hook '/home/mmaaz/ros2_ws/install/moveit_task_constructor_visualization/share/moveit_task_constructor_visualization/hook/ld_library_path_lib.sh'
[305.188s] Level 1:colcon.colcon_core.environment:checking '/home/mmaaz/ros2_ws/install/moveit_task_constructor_visualization/bin'
[305.188s] Level 1:colcon.colcon_core.environment:checking '/home/mmaaz/ros2_ws/install/moveit_task_constructor_visualization/lib/pkgconfig/moveit_task_constructor_visualization.pc'
[305.188s] Level 1:colcon.colcon_core.environment:checking '/home/mmaaz/ros2_ws/install/moveit_task_constructor_visualization/lib/python3.12/site-packages'
[305.188s] Level 1:colcon.colcon_core.environment:checking '/home/mmaaz/ros2_ws/install/moveit_task_constructor_visualization/bin'
[305.188s] INFO:colcon.colcon_core.shell:Creating package script '/home/mmaaz/ros2_ws/install/moveit_task_constructor_visualization/share/moveit_task_constructor_visualization/package.ps1'
[305.189s] INFO:colcon.colcon_core.shell:Creating package descriptor '/home/mmaaz/ros2_ws/install/moveit_task_constructor_visualization/share/moveit_task_constructor_visualization/package.dsv'
[305.189s] INFO:colcon.colcon_core.shell:Creating package script '/home/mmaaz/ros2_ws/install/moveit_task_constructor_visualization/share/moveit_task_constructor_visualization/package.sh'
[305.189s] INFO:colcon.colcon_core.shell:Creating package script '/home/mmaaz/ros2_ws/install/moveit_task_constructor_visualization/share/moveit_task_constructor_visualization/package.bash'
[305.190s] INFO:colcon.colcon_core.shell:Creating package script '/home/mmaaz/ros2_ws/install/moveit_task_constructor_visualization/share/moveit_task_constructor_visualization/package.zsh'
[305.190s] Level 1:colcon.colcon_core.environment:create_file_with_runtime_dependencies(/home/mmaaz/ros2_ws/install/moveit_task_constructor_visualization/share/colcon-core/packages/moveit_task_constructor_visualization)
[315.343s] DEBUG:colcon.colcon_core.event_handler.log_command:Invoked command in '/home/mmaaz/ros2_ws/build/mycobot_mtc_pick_place_demo' returned '0': CMAKE_MODULE_PATH=/home/mmaaz/ros2_ws/install/moveit_task_constructor_core/share/moveit_task_constructor_core/cmake:/home/mmaaz/ros2_ws/install/warehouse_ros_mongo/share/warehouse_ros_mongo/cmake CMAKE_PREFIX_PATH=/home/mmaaz/ros2_ws/install/moveit_task_constructor_core:/home/mmaaz/ros2_ws/install/rviz_marker_tools:/home/mmaaz/ros2_ws/install/mycobot_interfaces:/home/mmaaz/ros2_ws/install/moveit_task_constructor_msgs:/home/mmaaz/ros2_ws/install/warehouse_ros_mongo:/home/mmaaz/ros2_ws/install/mycobot_mtc_pick_place_demo:/home/mmaaz/ros2_ws/install/mycobot_mtc_demos:/home/mmaaz/ros2_ws/install/moveit_task_constructor_visualization:/home/mmaaz/ros2_ws/install/moveit_task_constructor_demo:/home/mmaaz/ros2_ws/install/moveit_task_constructor_capabilities:/home/mmaaz/ros2_ws/install/mycobot_ros2:/home/mmaaz/ros2_ws/install/mycobot_system_tests:/home/mmaaz/ros2_ws/install/mycobot_moveit_demos:/home/mmaaz/ros2_ws/install/mycobot_moveit_config:/home/mmaaz/ros2_ws/install/mycobot_gazebo:/home/mmaaz/ros2_ws/install/mycobot_description:/home/mmaaz/ros2_ws/install/mycobot_bringup:/opt/ros/jazzy/opt/gz_sim_vendor:/opt/ros/jazzy/opt/gz_sensors_vendor:/opt/ros/jazzy/opt/gz_physics_vendor:/opt/ros/jazzy/opt/sdformat_vendor:/opt/ros/jazzy/opt/gz_gui_vendor:/opt/ros/jazzy/opt/gz_transport_vendor:/opt/ros/jazzy/opt/gz_rendering_vendor:/opt/ros/jazzy/opt/gz_plugin_vendor:/opt/ros/jazzy/opt/gz_fuel_tools_vendor:/opt/ros/jazzy/opt/gz_msgs_vendor:/opt/ros/jazzy/opt/gz_common_vendor:/opt/ros/jazzy/opt/gz_math_vendor:/opt/ros/jazzy/opt/gz_utils_vendor:/opt/ros/jazzy/opt/gz_tools_vendor:/opt/ros/jazzy/opt/gz_ogre_next_vendor:/opt/ros/jazzy/opt/gz_dartsim_vendor:/opt/ros/jazzy/opt/gz_cmake_vendor:/opt/ros/jazzy LD_LIBRARY_PATH=/home/mmaaz/ros2_ws/install/moveit_task_constructor_core/lib:/home/mmaaz/ros2_ws/install/rviz_marker_tools/lib:/home/mmaaz/ros2_ws/install/mycobot_interfaces/lib:/home/mmaaz/ros2_ws/install/moveit_task_constructor_msgs/lib:/home/mmaaz/ros2_ws/install/warehouse_ros_mongo/lib:/home/mmaaz/ros2_ws/install/mycobot_mtc_pick_place_demo/lib:/home/mmaaz/ros2_ws/install/moveit_task_constructor_visualization/lib:/home/mmaaz/ros2_ws/install/moveit_task_constructor_demo/lib:/home/mmaaz/ros2_ws/install/moveit_task_constructor_capabilities/lib:/opt/ros/jazzy/opt/gz_sim_vendor/lib:/opt/ros/jazzy/opt/gz_sensors_vendor/lib:/opt/ros/jazzy/opt/gz_physics_vendor/lib:/opt/ros/jazzy/opt/sdformat_vendor/lib:/opt/ros/jazzy/opt/rviz_ogre_vendor/lib:/opt/ros/jazzy/lib/x86_64-linux-gnu:/opt/ros/jazzy/opt/gz_gui_vendor/lib:/opt/ros/jazzy/opt/gz_transport_vendor/lib:/opt/ros/jazzy/opt/gz_rendering_vendor/lib:/opt/ros/jazzy/opt/gz_plugin_vendor/lib:/opt/ros/jazzy/opt/gz_fuel_tools_vendor/lib:/opt/ros/jazzy/opt/gz_msgs_vendor/lib:/opt/ros/jazzy/opt/gz_common_vendor/lib:/opt/ros/jazzy/opt/gz_math_vendor/lib:/opt/ros/jazzy/opt/gz_utils_vendor/lib:/opt/ros/jazzy/opt/gz_tools_vendor/lib:/opt/ros/jazzy/opt/gz_ogre_next_vendor/lib:/opt/ros/jazzy/opt/gz_dartsim_vendor/lib:/opt/ros/jazzy/opt/gz_cmake_vendor/lib:/opt/ros/jazzy/lib PYTHONPATH=/home/mmaaz/ros2_ws/install/moveit_task_constructor_core/lib/python3.12/site-packages:/home/mmaaz/ros2_ws/install/mycobot_interfaces/lib/python3.12/site-packages:/home/mmaaz/ros2_ws/install/moveit_task_constructor_msgs/lib/python3.12/site-packages:/home/mmaaz/ros2_ws/install/warehouse_ros_mongo/lib/python3.12/site-packages:/opt/ros/jazzy/lib/python3.12/site-packages /usr/bin/cmake /home/mmaaz/ros2_ws/src/mycobot_ros2/mycobot_mtc_pick_place_demo -DAMENT_CMAKE_SYMLINK_INSTALL=1 -DCMAKE_INSTALL_PREFIX=/home/mmaaz/ros2_ws/install/mycobot_mtc_pick_place_demo
[315.345s] DEBUG:colcon.colcon_core.event_handler.log_command:Invoking command in '/home/mmaaz/ros2_ws/build/mycobot_mtc_pick_place_demo': CMAKE_MODULE_PATH=/home/mmaaz/ros2_ws/install/moveit_task_constructor_core/share/moveit_task_constructor_core/cmake:/home/mmaaz/ros2_ws/install/warehouse_ros_mongo/share/warehouse_ros_mongo/cmake CMAKE_PREFIX_PATH=/home/mmaaz/ros2_ws/install/moveit_task_constructor_core:/home/mmaaz/ros2_ws/install/rviz_marker_tools:/home/mmaaz/ros2_ws/install/mycobot_interfaces:/home/mmaaz/ros2_ws/install/moveit_task_constructor_msgs:/home/mmaaz/ros2_ws/install/warehouse_ros_mongo:/home/mmaaz/ros2_ws/install/mycobot_mtc_pick_place_demo:/home/mmaaz/ros2_ws/install/mycobot_mtc_demos:/home/mmaaz/ros2_ws/install/moveit_task_constructor_visualization:/home/mmaaz/ros2_ws/install/moveit_task_constructor_demo:/home/mmaaz/ros2_ws/install/moveit_task_constructor_capabilities:/home/mmaaz/ros2_ws/install/mycobot_ros2:/home/mmaaz/ros2_ws/install/mycobot_system_tests:/home/mmaaz/ros2_ws/install/mycobot_moveit_demos:/home/mmaaz/ros2_ws/install/mycobot_moveit_config:/home/mmaaz/ros2_ws/install/mycobot_gazebo:/home/mmaaz/ros2_ws/install/mycobot_description:/home/mmaaz/ros2_ws/install/mycobot_bringup:/opt/ros/jazzy/opt/gz_sim_vendor:/opt/ros/jazzy/opt/gz_sensors_vendor:/opt/ros/jazzy/opt/gz_physics_vendor:/opt/ros/jazzy/opt/sdformat_vendor:/opt/ros/jazzy/opt/gz_gui_vendor:/opt/ros/jazzy/opt/gz_transport_vendor:/opt/ros/jazzy/opt/gz_rendering_vendor:/opt/ros/jazzy/opt/gz_plugin_vendor:/opt/ros/jazzy/opt/gz_fuel_tools_vendor:/opt/ros/jazzy/opt/gz_msgs_vendor:/opt/ros/jazzy/opt/gz_common_vendor:/opt/ros/jazzy/opt/gz_math_vendor:/opt/ros/jazzy/opt/gz_utils_vendor:/opt/ros/jazzy/opt/gz_tools_vendor:/opt/ros/jazzy/opt/gz_ogre_next_vendor:/opt/ros/jazzy/opt/gz_dartsim_vendor:/opt/ros/jazzy/opt/gz_cmake_vendor:/opt/ros/jazzy LD_LIBRARY_PATH=/home/mmaaz/ros2_ws/install/moveit_task_constructor_core/lib:/home/mmaaz/ros2_ws/install/rviz_marker_tools/lib:/home/mmaaz/ros2_ws/install/mycobot_interfaces/lib:/home/mmaaz/ros2_ws/install/moveit_task_constructor_msgs/lib:/home/mmaaz/ros2_ws/install/warehouse_ros_mongo/lib:/home/mmaaz/ros2_ws/install/mycobot_mtc_pick_place_demo/lib:/home/mmaaz/ros2_ws/install/moveit_task_constructor_visualization/lib:/home/mmaaz/ros2_ws/install/moveit_task_constructor_demo/lib:/home/mmaaz/ros2_ws/install/moveit_task_constructor_capabilities/lib:/opt/ros/jazzy/opt/gz_sim_vendor/lib:/opt/ros/jazzy/opt/gz_sensors_vendor/lib:/opt/ros/jazzy/opt/gz_physics_vendor/lib:/opt/ros/jazzy/opt/sdformat_vendor/lib:/opt/ros/jazzy/opt/rviz_ogre_vendor/lib:/opt/ros/jazzy/lib/x86_64-linux-gnu:/opt/ros/jazzy/opt/gz_gui_vendor/lib:/opt/ros/jazzy/opt/gz_transport_vendor/lib:/opt/ros/jazzy/opt/gz_rendering_vendor/lib:/opt/ros/jazzy/opt/gz_plugin_vendor/lib:/opt/ros/jazzy/opt/gz_fuel_tools_vendor/lib:/opt/ros/jazzy/opt/gz_msgs_vendor/lib:/opt/ros/jazzy/opt/gz_common_vendor/lib:/opt/ros/jazzy/opt/gz_math_vendor/lib:/opt/ros/jazzy/opt/gz_utils_vendor/lib:/opt/ros/jazzy/opt/gz_tools_vendor/lib:/opt/ros/jazzy/opt/gz_ogre_next_vendor/lib:/opt/ros/jazzy/opt/gz_dartsim_vendor/lib:/opt/ros/jazzy/opt/gz_cmake_vendor/lib:/opt/ros/jazzy/lib PYTHONPATH=/home/mmaaz/ros2_ws/install/moveit_task_constructor_core/lib/python3.12/site-packages:/home/mmaaz/ros2_ws/install/mycobot_interfaces/lib/python3.12/site-packages:/home/mmaaz/ros2_ws/install/moveit_task_constructor_msgs/lib/python3.12/site-packages:/home/mmaaz/ros2_ws/install/warehouse_ros_mongo/lib/python3.12/site-packages:/opt/ros/jazzy/lib/python3.12/site-packages /usr/bin/cmake --build /home/mmaaz/ros2_ws/build/mycobot_mtc_pick_place_demo -- -j22 -l22
[481.319s] DEBUG:colcon.colcon_core.event_handler.log_command:Invoked command in '/home/mmaaz/ros2_ws/build/mycobot_mtc_pick_place_demo' returned '0': CMAKE_MODULE_PATH=/home/mmaaz/ros2_ws/install/moveit_task_constructor_core/share/moveit_task_constructor_core/cmake:/home/mmaaz/ros2_ws/install/warehouse_ros_mongo/share/warehouse_ros_mongo/cmake CMAKE_PREFIX_PATH=/home/mmaaz/ros2_ws/install/moveit_task_constructor_core:/home/mmaaz/ros2_ws/install/rviz_marker_tools:/home/mmaaz/ros2_ws/install/mycobot_interfaces:/home/mmaaz/ros2_ws/install/moveit_task_constructor_msgs:/home/mmaaz/ros2_ws/install/warehouse_ros_mongo:/home/mmaaz/ros2_ws/install/mycobot_mtc_pick_place_demo:/home/mmaaz/ros2_ws/install/mycobot_mtc_demos:/home/mmaaz/ros2_ws/install/moveit_task_constructor_visualization:/home/mmaaz/ros2_ws/install/moveit_task_constructor_demo:/home/mmaaz/ros2_ws/install/moveit_task_constructor_capabilities:/home/mmaaz/ros2_ws/install/mycobot_ros2:/home/mmaaz/ros2_ws/install/mycobot_system_tests:/home/mmaaz/ros2_ws/install/mycobot_moveit_demos:/home/mmaaz/ros2_ws/install/mycobot_moveit_config:/home/mmaaz/ros2_ws/install/mycobot_gazebo:/home/mmaaz/ros2_ws/install/mycobot_description:/home/mmaaz/ros2_ws/install/mycobot_bringup:/opt/ros/jazzy/opt/gz_sim_vendor:/opt/ros/jazzy/opt/gz_sensors_vendor:/opt/ros/jazzy/opt/gz_physics_vendor:/opt/ros/jazzy/opt/sdformat_vendor:/opt/ros/jazzy/opt/gz_gui_vendor:/opt/ros/jazzy/opt/gz_transport_vendor:/opt/ros/jazzy/opt/gz_rendering_vendor:/opt/ros/jazzy/opt/gz_plugin_vendor:/opt/ros/jazzy/opt/gz_fuel_tools_vendor:/opt/ros/jazzy/opt/gz_msgs_vendor:/opt/ros/jazzy/opt/gz_common_vendor:/opt/ros/jazzy/opt/gz_math_vendor:/opt/ros/jazzy/opt/gz_utils_vendor:/opt/ros/jazzy/opt/gz_tools_vendor:/opt/ros/jazzy/opt/gz_ogre_next_vendor:/opt/ros/jazzy/opt/gz_dartsim_vendor:/opt/ros/jazzy/opt/gz_cmake_vendor:/opt/ros/jazzy LD_LIBRARY_PATH=/home/mmaaz/ros2_ws/install/moveit_task_constructor_core/lib:/home/mmaaz/ros2_ws/install/rviz_marker_tools/lib:/home/mmaaz/ros2_ws/install/mycobot_interfaces/lib:/home/mmaaz/ros2_ws/install/moveit_task_constructor_msgs/lib:/home/mmaaz/ros2_ws/install/warehouse_ros_mongo/lib:/home/mmaaz/ros2_ws/install/mycobot_mtc_pick_place_demo/lib:/home/mmaaz/ros2_ws/install/moveit_task_constructor_visualization/lib:/home/mmaaz/ros2_ws/install/moveit_task_constructor_demo/lib:/home/mmaaz/ros2_ws/install/moveit_task_constructor_capabilities/lib:/opt/ros/jazzy/opt/gz_sim_vendor/lib:/opt/ros/jazzy/opt/gz_sensors_vendor/lib:/opt/ros/jazzy/opt/gz_physics_vendor/lib:/opt/ros/jazzy/opt/sdformat_vendor/lib:/opt/ros/jazzy/opt/rviz_ogre_vendor/lib:/opt/ros/jazzy/lib/x86_64-linux-gnu:/opt/ros/jazzy/opt/gz_gui_vendor/lib:/opt/ros/jazzy/opt/gz_transport_vendor/lib:/opt/ros/jazzy/opt/gz_rendering_vendor/lib:/opt/ros/jazzy/opt/gz_plugin_vendor/lib:/opt/ros/jazzy/opt/gz_fuel_tools_vendor/lib:/opt/ros/jazzy/opt/gz_msgs_vendor/lib:/opt/ros/jazzy/opt/gz_common_vendor/lib:/opt/ros/jazzy/opt/gz_math_vendor/lib:/opt/ros/jazzy/opt/gz_utils_vendor/lib:/opt/ros/jazzy/opt/gz_tools_vendor/lib:/opt/ros/jazzy/opt/gz_ogre_next_vendor/lib:/opt/ros/jazzy/opt/gz_dartsim_vendor/lib:/opt/ros/jazzy/opt/gz_cmake_vendor/lib:/opt/ros/jazzy/lib PYTHONPATH=/home/mmaaz/ros2_ws/install/moveit_task_constructor_core/lib/python3.12/site-packages:/home/mmaaz/ros2_ws/install/mycobot_interfaces/lib/python3.12/site-packages:/home/mmaaz/ros2_ws/install/moveit_task_constructor_msgs/lib/python3.12/site-packages:/home/mmaaz/ros2_ws/install/warehouse_ros_mongo/lib/python3.12/site-packages:/opt/ros/jazzy/lib/python3.12/site-packages /usr/bin/cmake --build /home/mmaaz/ros2_ws/build/mycobot_mtc_pick_place_demo -- -j22 -l22
[481.321s] DEBUG:colcon.colcon_core.event_handler.log_command:Invoking command in '/home/mmaaz/ros2_ws/build/mycobot_mtc_pick_place_demo': CMAKE_MODULE_PATH=/home/mmaaz/ros2_ws/install/moveit_task_constructor_core/share/moveit_task_constructor_core/cmake:/home/mmaaz/ros2_ws/install/warehouse_ros_mongo/share/warehouse_ros_mongo/cmake CMAKE_PREFIX_PATH=/home/mmaaz/ros2_ws/install/moveit_task_constructor_core:/home/mmaaz/ros2_ws/install/rviz_marker_tools:/home/mmaaz/ros2_ws/install/mycobot_interfaces:/home/mmaaz/ros2_ws/install/moveit_task_constructor_msgs:/home/mmaaz/ros2_ws/install/warehouse_ros_mongo:/home/mmaaz/ros2_ws/install/mycobot_mtc_pick_place_demo:/home/mmaaz/ros2_ws/install/mycobot_mtc_demos:/home/mmaaz/ros2_ws/install/moveit_task_constructor_visualization:/home/mmaaz/ros2_ws/install/moveit_task_constructor_demo:/home/mmaaz/ros2_ws/install/moveit_task_constructor_capabilities:/home/mmaaz/ros2_ws/install/mycobot_ros2:/home/mmaaz/ros2_ws/install/mycobot_system_tests:/home/mmaaz/ros2_ws/install/mycobot_moveit_demos:/home/mmaaz/ros2_ws/install/mycobot_moveit_config:/home/mmaaz/ros2_ws/install/mycobot_gazebo:/home/mmaaz/ros2_ws/install/mycobot_description:/home/mmaaz/ros2_ws/install/mycobot_bringup:/opt/ros/jazzy/opt/gz_sim_vendor:/opt/ros/jazzy/opt/gz_sensors_vendor:/opt/ros/jazzy/opt/gz_physics_vendor:/opt/ros/jazzy/opt/sdformat_vendor:/opt/ros/jazzy/opt/gz_gui_vendor:/opt/ros/jazzy/opt/gz_transport_vendor:/opt/ros/jazzy/opt/gz_rendering_vendor:/opt/ros/jazzy/opt/gz_plugin_vendor:/opt/ros/jazzy/opt/gz_fuel_tools_vendor:/opt/ros/jazzy/opt/gz_msgs_vendor:/opt/ros/jazzy/opt/gz_common_vendor:/opt/ros/jazzy/opt/gz_math_vendor:/opt/ros/jazzy/opt/gz_utils_vendor:/opt/ros/jazzy/opt/gz_tools_vendor:/opt/ros/jazzy/opt/gz_ogre_next_vendor:/opt/ros/jazzy/opt/gz_dartsim_vendor:/opt/ros/jazzy/opt/gz_cmake_vendor:/opt/ros/jazzy LD_LIBRARY_PATH=/home/mmaaz/ros2_ws/install/moveit_task_constructor_core/lib:/home/mmaaz/ros2_ws/install/rviz_marker_tools/lib:/home/mmaaz/ros2_ws/install/mycobot_interfaces/lib:/home/mmaaz/ros2_ws/install/moveit_task_constructor_msgs/lib:/home/mmaaz/ros2_ws/install/warehouse_ros_mongo/lib:/home/mmaaz/ros2_ws/install/mycobot_mtc_pick_place_demo/lib:/home/mmaaz/ros2_ws/install/moveit_task_constructor_visualization/lib:/home/mmaaz/ros2_ws/install/moveit_task_constructor_demo/lib:/home/mmaaz/ros2_ws/install/moveit_task_constructor_capabilities/lib:/opt/ros/jazzy/opt/gz_sim_vendor/lib:/opt/ros/jazzy/opt/gz_sensors_vendor/lib:/opt/ros/jazzy/opt/gz_physics_vendor/lib:/opt/ros/jazzy/opt/sdformat_vendor/lib:/opt/ros/jazzy/opt/rviz_ogre_vendor/lib:/opt/ros/jazzy/lib/x86_64-linux-gnu:/opt/ros/jazzy/opt/gz_gui_vendor/lib:/opt/ros/jazzy/opt/gz_transport_vendor/lib:/opt/ros/jazzy/opt/gz_rendering_vendor/lib:/opt/ros/jazzy/opt/gz_plugin_vendor/lib:/opt/ros/jazzy/opt/gz_fuel_tools_vendor/lib:/opt/ros/jazzy/opt/gz_msgs_vendor/lib:/opt/ros/jazzy/opt/gz_common_vendor/lib:/opt/ros/jazzy/opt/gz_math_vendor/lib:/opt/ros/jazzy/opt/gz_utils_vendor/lib:/opt/ros/jazzy/opt/gz_tools_vendor/lib:/opt/ros/jazzy/opt/gz_ogre_next_vendor/lib:/opt/ros/jazzy/opt/gz_dartsim_vendor/lib:/opt/ros/jazzy/opt/gz_cmake_vendor/lib:/opt/ros/jazzy/lib PYTHONPATH=/home/mmaaz/ros2_ws/install/moveit_task_constructor_core/lib/python3.12/site-packages:/home/mmaaz/ros2_ws/install/mycobot_interfaces/lib/python3.12/site-packages:/home/mmaaz/ros2_ws/install/moveit_task_constructor_msgs/lib/python3.12/site-packages:/home/mmaaz/ros2_ws/install/warehouse_ros_mongo/lib/python3.12/site-packages:/opt/ros/jazzy/lib/python3.12/site-packages /usr/bin/cmake --install /home/mmaaz/ros2_ws/build/mycobot_mtc_pick_place_demo
[481.601s] Level 1:colcon.colcon_core.environment:create_environment_scripts_only(mycobot_mtc_pick_place_demo)
[481.601s] Level 1:colcon.colcon_core.environment:checking '/home/mmaaz/ros2_ws/install/mycobot_mtc_pick_place_demo' for CMake module files
[481.601s] DEBUG:colcon.colcon_core.event_handler.log_command:Invoked command in '/home/mmaaz/ros2_ws/build/mycobot_mtc_pick_place_demo' returned '0': CMAKE_MODULE_PATH=/home/mmaaz/ros2_ws/install/moveit_task_constructor_core/share/moveit_task_constructor_core/cmake:/home/mmaaz/ros2_ws/install/warehouse_ros_mongo/share/warehouse_ros_mongo/cmake CMAKE_PREFIX_PATH=/home/mmaaz/ros2_ws/install/moveit_task_constructor_core:/home/mmaaz/ros2_ws/install/rviz_marker_tools:/home/mmaaz/ros2_ws/install/mycobot_interfaces:/home/mmaaz/ros2_ws/install/moveit_task_constructor_msgs:/home/mmaaz/ros2_ws/install/warehouse_ros_mongo:/home/mmaaz/ros2_ws/install/mycobot_mtc_pick_place_demo:/home/mmaaz/ros2_ws/install/mycobot_mtc_demos:/home/mmaaz/ros2_ws/install/moveit_task_constructor_visualization:/home/mmaaz/ros2_ws/install/moveit_task_constructor_demo:/home/mmaaz/ros2_ws/install/moveit_task_constructor_capabilities:/home/mmaaz/ros2_ws/install/mycobot_ros2:/home/mmaaz/ros2_ws/install/mycobot_system_tests:/home/mmaaz/ros2_ws/install/mycobot_moveit_demos:/home/mmaaz/ros2_ws/install/mycobot_moveit_config:/home/mmaaz/ros2_ws/install/mycobot_gazebo:/home/mmaaz/ros2_ws/install/mycobot_description:/home/mmaaz/ros2_ws/install/mycobot_bringup:/opt/ros/jazzy/opt/gz_sim_vendor:/opt/ros/jazzy/opt/gz_sensors_vendor:/opt/ros/jazzy/opt/gz_physics_vendor:/opt/ros/jazzy/opt/sdformat_vendor:/opt/ros/jazzy/opt/gz_gui_vendor:/opt/ros/jazzy/opt/gz_transport_vendor:/opt/ros/jazzy/opt/gz_rendering_vendor:/opt/ros/jazzy/opt/gz_plugin_vendor:/opt/ros/jazzy/opt/gz_fuel_tools_vendor:/opt/ros/jazzy/opt/gz_msgs_vendor:/opt/ros/jazzy/opt/gz_common_vendor:/opt/ros/jazzy/opt/gz_math_vendor:/opt/ros/jazzy/opt/gz_utils_vendor:/opt/ros/jazzy/opt/gz_tools_vendor:/opt/ros/jazzy/opt/gz_ogre_next_vendor:/opt/ros/jazzy/opt/gz_dartsim_vendor:/opt/ros/jazzy/opt/gz_cmake_vendor:/opt/ros/jazzy LD_LIBRARY_PATH=/home/mmaaz/ros2_ws/install/moveit_task_constructor_core/lib:/home/mmaaz/ros2_ws/install/rviz_marker_tools/lib:/home/mmaaz/ros2_ws/install/mycobot_interfaces/lib:/home/mmaaz/ros2_ws/install/moveit_task_constructor_msgs/lib:/home/mmaaz/ros2_ws/install/warehouse_ros_mongo/lib:/home/mmaaz/ros2_ws/install/mycobot_mtc_pick_place_demo/lib:/home/mmaaz/ros2_ws/install/moveit_task_constructor_visualization/lib:/home/mmaaz/ros2_ws/install/moveit_task_constructor_demo/lib:/home/mmaaz/ros2_ws/install/moveit_task_constructor_capabilities/lib:/opt/ros/jazzy/opt/gz_sim_vendor/lib:/opt/ros/jazzy/opt/gz_sensors_vendor/lib:/opt/ros/jazzy/opt/gz_physics_vendor/lib:/opt/ros/jazzy/opt/sdformat_vendor/lib:/opt/ros/jazzy/opt/rviz_ogre_vendor/lib:/opt/ros/jazzy/lib/x86_64-linux-gnu:/opt/ros/jazzy/opt/gz_gui_vendor/lib:/opt/ros/jazzy/opt/gz_transport_vendor/lib:/opt/ros/jazzy/opt/gz_rendering_vendor/lib:/opt/ros/jazzy/opt/gz_plugin_vendor/lib:/opt/ros/jazzy/opt/gz_fuel_tools_vendor/lib:/opt/ros/jazzy/opt/gz_msgs_vendor/lib:/opt/ros/jazzy/opt/gz_common_vendor/lib:/opt/ros/jazzy/opt/gz_math_vendor/lib:/opt/ros/jazzy/opt/gz_utils_vendor/lib:/opt/ros/jazzy/opt/gz_tools_vendor/lib:/opt/ros/jazzy/opt/gz_ogre_next_vendor/lib:/opt/ros/jazzy/opt/gz_dartsim_vendor/lib:/opt/ros/jazzy/opt/gz_cmake_vendor/lib:/opt/ros/jazzy/lib PYTHONPATH=/home/mmaaz/ros2_ws/install/moveit_task_constructor_core/lib/python3.12/site-packages:/home/mmaaz/ros2_ws/install/mycobot_interfaces/lib/python3.12/site-packages:/home/mmaaz/ros2_ws/install/moveit_task_constructor_msgs/lib/python3.12/site-packages:/home/mmaaz/ros2_ws/install/warehouse_ros_mongo/lib/python3.12/site-packages:/opt/ros/jazzy/lib/python3.12/site-packages /usr/bin/cmake --install /home/mmaaz/ros2_ws/build/mycobot_mtc_pick_place_demo
[481.602s] Level 1:colcon.colcon_core.environment:checking '/home/mmaaz/ros2_ws/install/mycobot_mtc_pick_place_demo' for CMake config files
[481.602s] Level 1:colcon.colcon_core.shell:create_environment_hook('mycobot_mtc_pick_place_demo', 'cmake_prefix_path')
[481.602s] INFO:colcon.colcon_core.shell:Creating environment hook '/home/mmaaz/ros2_ws/install/mycobot_mtc_pick_place_demo/share/mycobot_mtc_pick_place_demo/hook/cmake_prefix_path.ps1'
[481.603s] INFO:colcon.colcon_core.shell:Creating environment descriptor '/home/mmaaz/ros2_ws/install/mycobot_mtc_pick_place_demo/share/mycobot_mtc_pick_place_demo/hook/cmake_prefix_path.dsv'
[481.603s] INFO:colcon.colcon_core.shell:Creating environment hook '/home/mmaaz/ros2_ws/install/mycobot_mtc_pick_place_demo/share/mycobot_mtc_pick_place_demo/hook/cmake_prefix_path.sh'
[481.604s] Level 1:colcon.colcon_core.environment:checking '/home/mmaaz/ros2_ws/install/mycobot_mtc_pick_place_demo/lib'
[481.604s] Level 1:colcon.colcon_core.shell:create_environment_hook('mycobot_mtc_pick_place_demo', 'ld_library_path_lib')
[481.604s] INFO:colcon.colcon_core.shell:Creating environment hook '/home/mmaaz/ros2_ws/install/mycobot_mtc_pick_place_demo/share/mycobot_mtc_pick_place_demo/hook/ld_library_path_lib.ps1'
[481.604s] INFO:colcon.colcon_core.shell:Creating environment descriptor '/home/mmaaz/ros2_ws/install/mycobot_mtc_pick_place_demo/share/mycobot_mtc_pick_place_demo/hook/ld_library_path_lib.dsv'
[481.604s] INFO:colcon.colcon_core.shell:Creating environment hook '/home/mmaaz/ros2_ws/install/mycobot_mtc_pick_place_demo/share/mycobot_mtc_pick_place_demo/hook/ld_library_path_lib.sh'
[481.605s] Level 1:colcon.colcon_core.environment:checking '/home/mmaaz/ros2_ws/install/mycobot_mtc_pick_place_demo/bin'
[481.605s] Level 1:colcon.colcon_core.environment:checking '/home/mmaaz/ros2_ws/install/mycobot_mtc_pick_place_demo/lib/pkgconfig/mycobot_mtc_pick_place_demo.pc'
[481.605s] Level 1:colcon.colcon_core.environment:checking '/home/mmaaz/ros2_ws/install/mycobot_mtc_pick_place_demo/lib/python3.12/site-packages'
[481.605s] Level 1:colcon.colcon_core.environment:checking '/home/mmaaz/ros2_ws/install/mycobot_mtc_pick_place_demo/bin'
[481.605s] INFO:colcon.colcon_core.shell:Creating package script '/home/mmaaz/ros2_ws/install/mycobot_mtc_pick_place_demo/share/mycobot_mtc_pick_place_demo/package.ps1'
[481.605s] INFO:colcon.colcon_core.shell:Creating package descriptor '/home/mmaaz/ros2_ws/install/mycobot_mtc_pick_place_demo/share/mycobot_mtc_pick_place_demo/package.dsv'
[481.606s] INFO:colcon.colcon_core.shell:Creating package script '/home/mmaaz/ros2_ws/install/mycobot_mtc_pick_place_demo/share/mycobot_mtc_pick_place_demo/package.sh'
[481.606s] INFO:colcon.colcon_core.shell:Creating package script '/home/mmaaz/ros2_ws/install/mycobot_mtc_pick_place_demo/share/mycobot_mtc_pick_place_demo/package.bash'
[481.606s] INFO:colcon.colcon_core.shell:Creating package script '/home/mmaaz/ros2_ws/install/mycobot_mtc_pick_place_demo/share/mycobot_mtc_pick_place_demo/package.zsh'
[481.606s] Level 1:colcon.colcon_core.environment:create_file_with_runtime_dependencies(/home/mmaaz/ros2_ws/install/mycobot_mtc_pick_place_demo/share/colcon-core/packages/mycobot_mtc_pick_place_demo)
[481.607s] Level 1:colcon.colcon_core.environment:create_environment_scripts_only(mycobot_mtc_pick_place_demo)
[481.607s] Level 1:colcon.colcon_core.environment:checking '/home/mmaaz/ros2_ws/install/mycobot_mtc_pick_place_demo' for CMake module files
[481.607s] Level 1:colcon.colcon_core.environment:checking '/home/mmaaz/ros2_ws/install/mycobot_mtc_pick_place_demo' for CMake config files
[481.608s] Level 1:colcon.colcon_core.shell:create_environment_hook('mycobot_mtc_pick_place_demo', 'cmake_prefix_path')
[481.608s] INFO:colcon.colcon_core.shell:Creating environment hook '/home/mmaaz/ros2_ws/install/mycobot_mtc_pick_place_demo/share/mycobot_mtc_pick_place_demo/hook/cmake_prefix_path.ps1'
[481.608s] INFO:colcon.colcon_core.shell:Creating environment descriptor '/home/mmaaz/ros2_ws/install/mycobot_mtc_pick_place_demo/share/mycobot_mtc_pick_place_demo/hook/cmake_prefix_path.dsv'
[481.608s] INFO:colcon.colcon_core.shell:Creating environment hook '/home/mmaaz/ros2_ws/install/mycobot_mtc_pick_place_demo/share/mycobot_mtc_pick_place_demo/hook/cmake_prefix_path.sh'
[481.608s] Level 1:colcon.colcon_core.environment:checking '/home/mmaaz/ros2_ws/install/mycobot_mtc_pick_place_demo/lib'
[481.609s] Level 1:colcon.colcon_core.shell:create_environment_hook('mycobot_mtc_pick_place_demo', 'ld_library_path_lib')
[481.609s] INFO:colcon.colcon_core.shell:Creating environment hook '/home/mmaaz/ros2_ws/install/mycobot_mtc_pick_place_demo/share/mycobot_mtc_pick_place_demo/hook/ld_library_path_lib.ps1'
[481.609s] INFO:colcon.colcon_core.shell:Creating environment descriptor '/home/mmaaz/ros2_ws/install/mycobot_mtc_pick_place_demo/share/mycobot_mtc_pick_place_demo/hook/ld_library_path_lib.dsv'
[481.609s] INFO:colcon.colcon_core.shell:Creating environment hook '/home/mmaaz/ros2_ws/install/mycobot_mtc_pick_place_demo/share/mycobot_mtc_pick_place_demo/hook/ld_library_path_lib.sh'
[481.609s] Level 1:colcon.colcon_core.environment:checking '/home/mmaaz/ros2_ws/install/mycobot_mtc_pick_place_demo/bin'
[481.609s] Level 1:colcon.colcon_core.environment:checking '/home/mmaaz/ros2_ws/install/mycobot_mtc_pick_place_demo/lib/pkgconfig/mycobot_mtc_pick_place_demo.pc'
[481.609s] Level 1:colcon.colcon_core.environment:checking '/home/mmaaz/ros2_ws/install/mycobot_mtc_pick_place_demo/lib/python3.12/site-packages'
[481.610s] Level 1:colcon.colcon_core.environment:checking '/home/mmaaz/ros2_ws/install/mycobot_mtc_pick_place_demo/bin'
[481.610s] INFO:colcon.colcon_core.shell:Creating package script '/home/mmaaz/ros2_ws/install/mycobot_mtc_pick_place_demo/share/mycobot_mtc_pick_place_demo/package.ps1'
[481.610s] INFO:colcon.colcon_core.shell:Creating package descriptor '/home/mmaaz/ros2_ws/install/mycobot_mtc_pick_place_demo/share/mycobot_mtc_pick_place_demo/package.dsv'
[481.610s] INFO:colcon.colcon_core.shell:Creating package script '/home/mmaaz/ros2_ws/install/mycobot_mtc_pick_place_demo/share/mycobot_mtc_pick_place_demo/package.sh'
[481.611s] INFO:colcon.colcon_core.shell:Creating package script '/home/mmaaz/ros2_ws/install/mycobot_mtc_pick_place_demo/share/mycobot_mtc_pick_place_demo/package.bash'
[481.611s] INFO:colcon.colcon_core.shell:Creating package script '/home/mmaaz/ros2_ws/install/mycobot_mtc_pick_place_demo/share/mycobot_mtc_pick_place_demo/package.zsh'
[481.611s] Level 1:colcon.colcon_core.environment:create_file_with_runtime_dependencies(/home/mmaaz/ros2_ws/install/mycobot_mtc_pick_place_demo/share/colcon-core/packages/mycobot_mtc_pick_place_demo)
[481.612s] DEBUG:colcon.colcon_parallel_executor.executor.parallel:closing loop
[481.612s] DEBUG:colcon.colcon_parallel_executor.executor.parallel:loop closed
[481.612s] DEBUG:colcon.colcon_parallel_executor.executor.parallel:run_until_complete finished with '0'
[481.612s] DEBUG:colcon.colcon_core.event_reactor:joining thread
[481.670s] INFO:colcon.colcon_core.plugin_system:Skipping extension 'colcon_notification.desktop_notification.notify_send': Could not find 'notify-send'
[481.670s] INFO:colcon.colcon_core.plugin_system:Skipping extension 'colcon_notification.desktop_notification.terminal_notifier': Not used on non-Darwin systems
[481.670s] INFO:colcon.colcon_core.plugin_system:Skipping extension 'colcon_notification.desktop_notification.win32': Not used on non-Windows systems
[481.670s] INFO:colcon.colcon_notification.desktop_notification:Sending desktop notification using 'notify2'
[481.671s] DEBUG:colcon.colcon_notification.desktop_notification.notify2:Failed to initialize notify2: org.freedesktop.DBus.Error.ServiceUnknown: The name org.freedesktop.Notifications was not provided by any .service files
[481.672s] DEBUG:colcon.colcon_core.event_reactor:joined thread
[481.672s] INFO:colcon.colcon_core.shell:Creating prefix script '/home/mmaaz/ros2_ws/install/local_setup.ps1'
[481.672s] INFO:colcon.colcon_core.shell:Creating prefix util module '/home/mmaaz/ros2_ws/install/_local_setup_util_ps1.py'
[481.673s] INFO:colcon.colcon_core.shell:Creating prefix chain script '/home/mmaaz/ros2_ws/install/setup.ps1'
[481.674s] INFO:colcon.colcon_core.shell:Creating prefix script '/home/mmaaz/ros2_ws/install/local_setup.sh'
[481.674s] INFO:colcon.colcon_core.shell:Creating prefix util module '/home/mmaaz/ros2_ws/install/_local_setup_util_sh.py'
[481.675s] INFO:colcon.colcon_core.shell:Creating prefix chain script '/home/mmaaz/ros2_ws/install/setup.sh'
[481.676s] INFO:colcon.colcon_core.shell:Creating prefix script '/home/mmaaz/ros2_ws/install/local_setup.bash'
[481.676s] INFO:colcon.colcon_core.shell:Creating prefix chain script '/home/mmaaz/ros2_ws/install/setup.bash'
[481.677s] INFO:colcon.colcon_core.shell:Creating prefix script '/home/mmaaz/ros2_ws/install/local_setup.zsh'
[481.677s] INFO:colcon.colcon_core.shell:Creating prefix chain script '/home/mmaaz/ros2_ws/install/setup.zsh'
